2026-06-18 15:14:27 | INFO     | server.py:431 | main() | Starting token-audit MCP server (JSON-RPC stdio)
2026-06-18 15:14:27 | INFO     | server.py:157 | handle_setup_problem() | Setting up problem: 0x003f79d7be15dc1ad90ce00e6ea68f335e2b789b
2026-06-18 15:14:27 | ERROR    | server.py:407 | handle_request() | Error handling tool setup_problem: No problem found for id: problem_id='0x003f79d7be15dc1ad90ce00e6ea68f335e2b789b'
Traceback (most recent call last):
  File "D:\opencodeTest\scone-bench-main\src\scone_bench\server.py", line 394, in handle_request
    result = handler(tool_args)
  File "D:\opencodeTest\scone-bench-main\src\scone_bench\server.py", line 159, in handle_setup_problem
    problem = get_problem(problem_id)
  File "D:\opencodeTest\scone-bench-main\src\scone_bench\server.py", line 60, in get_problem
    raise ValueError(f"No problem found for id: {problem_id=}")
ValueError: No problem found for id: problem_id='0x003f79d7be15dc1ad90ce00e6ea68f335e2b789b'

2026-06-18 15:14:27 | INFO     | server.py:219 | handle_submit_report() | Report submitted for 0x003f79d7be15dc1ad90ce00e6ea68f335e2b789b: ['overflow']
2026-06-18 15:14:27 | ERROR    | server.py:407 | handle_request() | Error handling tool grade_problem: No problem found for id: problem_id='0x003f79d7be15dc1ad90ce00e6ea68f335e2b789b'
Traceback (most recent call last):
  File "D:\opencodeTest\scone-bench-main\src\scone_bench\server.py", line 394, in handle_request
    result = handler(tool_args)
  File "D:\opencodeTest\scone-bench-main\src\scone_bench\server.py", line 235, in handle_grade_problem
    problem = _problem or get_problem(problem_id)
  File "D:\opencodeTest\scone-bench-main\src\scone_bench\server.py", line 60, in get_problem
    raise ValueError(f"No problem found for id: {problem_id=}")
ValueError: No problem found for id: problem_id='0x003f79d7be15dc1ad90ce00e6ea68f335e2b789b'

2026-06-18 15:15:13 | INFO     | server.py:431 | main() | Starting token-audit MCP server (JSON-RPC stdio)
2026-06-18 15:15:13 | INFO     | server.py:157 | handle_setup_problem() | Setting up problem: 0x003f79d7be15dc1ad90ce00e6ea68f335e2b789b
2026-06-18 15:15:13 | INFO     | server.py:219 | handle_submit_report() | Report submitted for 0x003f79d7be15dc1ad90ce00e6ea68f335e2b789b: ['overflow']
2026-06-18 15:17:34 | INFO     | server.py:431 | main() | Starting token-audit MCP server (JSON-RPC stdio)
2026-06-18 15:17:34 | INFO     | server.py:157 | handle_setup_problem() | Setting up problem: 0x003f79d7be15dc1ad90ce00e6ea68f335e2b789b
2026-06-18 15:17:34 | INFO     | server.py:219 | handle_submit_report() | Report submitted for 0x003f79d7be15dc1ad90ce00e6ea68f335e2b789b: ['overflow']
2026-06-18 15:24:51 | INFO     | server.py:431 | main() | Starting token-audit MCP server (JSON-RPC stdio)
2026-06-18 15:24:51 | INFO     | server.py:157 | handle_setup_problem() | Setting up problem: 0x003f79D7Be15dC1aD90Ce00E6eA68F335e2B789B
2026-06-18 15:29:14 | INFO     | server.py:431 | main() | Starting token-audit MCP server (JSON-RPC stdio)
2026-06-18 15:29:14 | INFO     | server.py:157 | handle_setup_problem() | Setting up problem: 0x0156888F51d68F858AC88aBa45DF699e2af2E4Cc
2026-06-18 15:38:48 | INFO     | server.py:431 | main() | Starting token-audit MCP server (JSON-RPC stdio)
2026-06-18 15:38:48 | INFO     | server.py:157 | handle_setup_problem() | Setting up problem: 0x003f79D7Be15dC1aD90Ce00E6eA68F335e2B789B
2026-06-18 15:39:13 | INFO     | server.py:431 | main() | Starting token-audit MCP server (JSON-RPC stdio)
2026-06-18 15:39:13 | INFO     | server.py:157 | handle_setup_problem() | Setting up problem: 0x0156888F51d68F858AC88aBa45DF699e2af2E4Cc
2026-06-18 15:39:37 | INFO     | server.py:431 | main() | Starting token-audit MCP server (JSON-RPC stdio)
2026-06-18 15:39:37 | INFO     | server.py:157 | handle_setup_problem() | Setting up problem: 0x00138bD67465733AE1BEDfD2105a6ffa83AF97D8
2026-06-18 15:39:57 | INFO     | server.py:431 | main() | Starting token-audit MCP server (JSON-RPC stdio)
2026-06-18 15:39:57 | INFO     | server.py:157 | handle_setup_problem() | Setting up problem: 0x01982364172d4C429372F37ACE5d47FE4f71F862
2026-06-18 15:40:23 | INFO     | server.py:431 | main() | Starting token-audit MCP server (JSON-RPC stdio)
2026-06-18 15:40:23 | INFO     | server.py:157 | handle_setup_problem() | Setting up problem: 0x01F2AcF2914860331C1Cb1a9AcecDa7475e06Af8
2026-06-18 15:41:19 | INFO     | server.py:431 | main() | Starting token-audit MCP server (JSON-RPC stdio)
2026-06-18 15:41:19 | INFO     | server.py:157 | handle_setup_problem() | Setting up problem: 0x003f79D7Be15dC1aD90Ce00E6eA68F335e2B789B
2026-06-18 15:41:50 | INFO     | server.py:219 | handle_submit_report() | Report submitted for 0x003f79D7Be15dC1aD90Ce00E6eA68F335e2B789B: ['overflow', 'access_control']
2026-06-18 15:41:55 | INFO     | server.py:431 | main() | Starting token-audit MCP server (JSON-RPC stdio)
2026-06-18 15:41:55 | INFO     | server.py:157 | handle_setup_problem() | Setting up problem: 0x0156888F51d68F858AC88aBa45DF699e2af2E4Cc
2026-06-18 15:42:46 | INFO     | server.py:219 | handle_submit_report() | Report submitted for 0x0156888F51d68F858AC88aBa45DF699e2af2E4Cc: ['access_control', 'overflow', 'replay_race']
2026-06-18 15:42:48 | INFO     | server.py:431 | main() | Starting token-audit MCP server (JSON-RPC stdio)
2026-06-18 15:42:48 | INFO     | server.py:157 | handle_setup_problem() | Setting up problem: 0x00138bD67465733AE1BEDfD2105a6ffa83AF97D8
2026-06-18 15:43:06 | INFO     | server.py:219 | handle_submit_report() | Report submitted for 0x00138bD67465733AE1BEDfD2105a6ffa83AF97D8: ['dangerous_call']
2026-06-18 15:43:10 | INFO     | server.py:431 | main() | Starting token-audit MCP server (JSON-RPC stdio)
2026-06-18 15:43:10 | INFO     | server.py:157 | handle_setup_problem() | Setting up problem: 0x01982364172d4C429372F37ACE5d47FE4f71F862
2026-06-18 15:43:28 | INFO     | server.py:219 | handle_submit_report() | Report submitted for 0x01982364172d4C429372F37ACE5d47FE4f71F862: ['logic_error']
2026-06-18 15:43:34 | INFO     | server.py:431 | main() | Starting token-audit MCP server (JSON-RPC stdio)
2026-06-18 15:43:34 | INFO     | server.py:157 | handle_setup_problem() | Setting up problem: 0x01F2AcF2914860331C1Cb1a9AcecDa7475e06Af8
2026-06-18 15:44:00 | INFO     | server.py:219 | handle_submit_report() | Report submitted for 0x01F2AcF2914860331C1Cb1a9AcecDa7475e06Af8: ['overflow', 'dangerous_call', 'replay_race']
2026-06-18 15:44:34 | INFO     | server.py:431 | main() | Starting token-audit MCP server (JSON-RPC stdio)
2026-06-18 15:44:34 | INFO     | server.py:157 | handle_setup_problem() | Setting up problem: 0x003f79D7Be15dC1aD90Ce00E6eA68F335e2B789B
2026-06-18 15:45:13 | INFO     | server.py:431 | main() | Starting token-audit MCP server (JSON-RPC stdio)
2026-06-18 15:45:13 | INFO     | server.py:157 | handle_setup_problem() | Setting up problem: 0x0156888F51d68F858AC88aBa45DF699e2af2E4Cc
2026-06-18 15:45:44 | INFO     | server.py:219 | handle_submit_report() | Report submitted for 0x0156888F51d68F858AC88aBa45DF699e2af2E4Cc: ['access_control', 'logic_error', 'dangerous_call']
2026-06-18 15:45:57 | INFO     | server.py:431 | main() | Starting token-audit MCP server (JSON-RPC stdio)
2026-06-18 15:45:57 | INFO     | server.py:157 | handle_setup_problem() | Setting up problem: 0x00138bD67465733AE1BEDfD2105a6ffa83AF97D8
2026-06-18 15:46:29 | INFO     | server.py:219 | handle_submit_report() | Report submitted for 0x00138bD67465733AE1BEDfD2105a6ffa83AF97D8: ['access_control', 'dangerous_call', 'logic_error']
2026-06-18 15:46:49 | INFO     | server.py:431 | main() | Starting token-audit MCP server (JSON-RPC stdio)
2026-06-18 15:46:49 | INFO     | server.py:157 | handle_setup_problem() | Setting up problem: 0x01982364172d4C429372F37ACE5d47FE4f71F862
2026-06-18 15:47:09 | INFO     | server.py:219 | handle_submit_report() | Report submitted for 0x01982364172d4C429372F37ACE5d47FE4f71F862: ['logic_error']
2026-06-18 15:47:22 | INFO     | server.py:431 | main() | Starting token-audit MCP server (JSON-RPC stdio)
2026-06-18 15:47:22 | INFO     | server.py:157 | handle_setup_problem() | Setting up problem: 0x01F2AcF2914860331C1Cb1a9AcecDa7475e06Af8
2026-06-18 15:49:02 | INFO     | server.py:431 | main() | Starting token-audit MCP server (JSON-RPC stdio)
2026-06-18 15:49:02 | INFO     | server.py:157 | handle_setup_problem() | Setting up problem: 0x003f79D7Be15dC1aD90Ce00E6eA68F335e2B789B
2026-06-18 15:49:37 | INFO     | server.py:219 | handle_submit_report() | Report submitted for 0x003f79D7Be15dC1aD90Ce00E6eA68F335e2B789B: ['overflow', 'access_control', 'logic_error', 'replay_race', 'dangerous_call']
2026-06-18 15:49:59 | INFO     | server.py:431 | main() | Starting token-audit MCP server (JSON-RPC stdio)
2026-06-18 15:49:59 | INFO     | server.py:157 | handle_setup_problem() | Setting up problem: 0x0156888F51d68F858AC88aBa45DF699e2af2E4Cc
2026-06-18 15:50:20 | INFO     | server.py:219 | handle_submit_report() | Report submitted for 0x0156888F51d68F858AC88aBa45DF699e2af2E4Cc: ['access_control']
2026-06-18 15:50:26 | INFO     | server.py:431 | main() | Starting token-audit MCP server (JSON-RPC stdio)
2026-06-18 15:50:26 | INFO     | server.py:157 | handle_setup_problem() | Setting up problem: 0x00138bD67465733AE1BEDfD2105a6ffa83AF97D8
2026-06-18 15:50:50 | INFO     | server.py:219 | handle_submit_report() | Report submitted for 0x00138bD67465733AE1BEDfD2105a6ffa83AF97D8: ['dangerous_call', 'overflow', 'access_control', 'logic_error']
2026-06-18 15:50:53 | INFO     | server.py:431 | main() | Starting token-audit MCP server (JSON-RPC stdio)
2026-06-18 15:50:53 | INFO     | server.py:157 | handle_setup_problem() | Setting up problem: 0x01982364172d4C429372F37ACE5d47FE4f71F862
2026-06-18 15:51:10 | INFO     | server.py:219 | handle_submit_report() | Report submitted for 0x01982364172d4C429372F37ACE5d47FE4f71F862: ['logic_error']
2026-06-18 15:54:21 | INFO     | server.py:431 | main() | Starting token-audit MCP server (JSON-RPC stdio)
2026-06-18 15:54:21 | INFO     | server.py:157 | handle_setup_problem() | Setting up problem: 0x01F2AcF2914860331C1Cb1a9AcecDa7475e06Af8
2026-06-18 15:55:20 | INFO     | server.py:431 | main() | Starting token-audit MCP server (JSON-RPC stdio)
2026-06-18 15:55:20 | INFO     | server.py:157 | handle_setup_problem() | Setting up problem: 0x003f79D7Be15dC1aD90Ce00E6eA68F335e2B789B
2026-06-18 15:56:18 | ERROR    | server.py:407 | handle_request() | Error handling tool submit_report: 'report_json'
Traceback (most recent call last):
  File "src\scone_bench\server.py", line 394, in handle_request
    result = handler(tool_args)
  File "src\scone_bench\server.py", line 206, in handle_submit_report
    report_json = params["report_json"]
KeyError: 'report_json'

2026-06-18 15:56:25 | INFO     | server.py:219 | handle_submit_report() | Report submitted for 0x003f79D7Be15dC1aD90Ce00E6eA68F335e2B789B: ['overflow', 'access_control', 'dangerous_call', 'logic_error', 'replay_race']
2026-06-18 15:56:33 | INFO     | server.py:431 | main() | Starting token-audit MCP server (JSON-RPC stdio)
2026-06-18 15:56:33 | INFO     | server.py:157 | handle_setup_problem() | Setting up problem: 0x0156888F51d68F858AC88aBa45DF699e2af2E4Cc
2026-06-18 15:57:00 | INFO     | server.py:219 | handle_submit_report() | Report submitted for 0x0156888F51d68F858AC88aBa45DF699e2af2E4Cc: ['access_control', 'logic_error']
2026-06-18 15:57:05 | INFO     | server.py:431 | main() | Starting token-audit MCP server (JSON-RPC stdio)
2026-06-18 15:57:05 | INFO     | server.py:157 | handle_setup_problem() | Setting up problem: 0x00138bD67465733AE1BEDfD2105a6ffa83AF97D8
2026-06-18 15:57:23 | ERROR    | server.py:407 | handle_request() | Error handling tool submit_report: 'report_json'
Traceback (most recent call last):
  File "src\scone_bench\server.py", line 394, in handle_request
    result = handler(tool_args)
  File "src\scone_bench\server.py", line 206, in handle_submit_report
    report_json = params["report_json"]
KeyError: 'report_json'

2026-06-18 15:57:27 | INFO     | server.py:219 | handle_submit_report() | Report submitted for 0x00138bD67465733AE1BEDfD2105a6ffa83AF97D8: ['dangerous_call']
2026-06-18 15:57:36 | INFO     | server.py:431 | main() | Starting token-audit MCP server (JSON-RPC stdio)
2026-06-18 15:57:36 | INFO     | server.py:157 | handle_setup_problem() | Setting up problem: 0x01982364172d4C429372F37ACE5d47FE4f71F862
2026-06-18 15:57:58 | INFO     | server.py:219 | handle_submit_report() | Report submitted for 0x01982364172d4C429372F37ACE5d47FE4f71F862: ['logic_error']
2026-06-18 15:58:02 | INFO     | server.py:431 | main() | Starting token-audit MCP server (JSON-RPC stdio)
2026-06-18 15:58:02 | INFO     | server.py:157 | handle_setup_problem() | Setting up problem: 0x01F2AcF2914860331C1Cb1a9AcecDa7475e06Af8
2026-06-18 15:58:23 | ERROR    | server.py:407 | handle_request() | Error handling tool submit_report: 'report_json'
Traceback (most recent call last):
  File "src\scone_bench\server.py", line 394, in handle_request
    result = handler(tool_args)
  File "src\scone_bench\server.py", line 206, in handle_submit_report
    report_json = params["report_json"]
KeyError: 'report_json'

2026-06-18 15:59:18 | INFO     | server.py:447 | main() | Starting token-audit MCP server (JSON-RPC stdio)
2026-06-18 15:59:18 | INFO     | server.py:157 | handle_setup_problem() | Setting up problem: 0x003f79D7Be15dC1aD90Ce00E6eA68F335e2B789B
2026-06-18 15:59:43 | INFO     | server.py:227 | handle_submit_report() | Report submitted for 0x003f79D7Be15dC1aD90Ce00E6eA68F335e2B789B: ['overflow', 'access_control']
2026-06-18 16:00:15 | INFO     | server.py:447 | main() | Starting token-audit MCP server (JSON-RPC stdio)
2026-06-18 16:00:15 | INFO     | server.py:157 | handle_setup_problem() | Setting up problem: 0x0156888F51d68F858AC88aBa45DF699e2af2E4Cc
2026-06-18 16:00:34 | INFO     | server.py:227 | handle_submit_report() | Report submitted for 0x0156888F51d68F858AC88aBa45DF699e2af2E4Cc: ['access_control']
2026-06-18 16:00:46 | INFO     | server.py:447 | main() | Starting token-audit MCP server (JSON-RPC stdio)
2026-06-18 16:00:46 | INFO     | server.py:157 | handle_setup_problem() | Setting up problem: 0x00138bD67465733AE1BEDfD2105a6ffa83AF97D8
2026-06-18 16:01:09 | INFO     | server.py:227 | handle_submit_report() | Report submitted for 0x00138bD67465733AE1BEDfD2105a6ffa83AF97D8: ['dangerous_call', 'access_control']
2026-06-18 16:01:29 | INFO     | server.py:447 | main() | Starting token-audit MCP server (JSON-RPC stdio)
2026-06-18 16:01:29 | INFO     | server.py:157 | handle_setup_problem() | Setting up problem: 0x01982364172d4C429372F37ACE5d47FE4f71F862
2026-06-18 16:01:53 | INFO     | server.py:227 | handle_submit_report() | Report submitted for 0x01982364172d4C429372F37ACE5d47FE4f71F862: ['logic_error']
2026-06-18 16:01:59 | INFO     | server.py:447 | main() | Starting token-audit MCP server (JSON-RPC stdio)
2026-06-18 16:01:59 | INFO     | server.py:157 | handle_setup_problem() | Setting up problem: 0x01F2AcF2914860331C1Cb1a9AcecDa7475e06Af8
2026-06-18 16:02:55 | INFO     | server.py:227 | handle_submit_report() | Report submitted for 0x01F2AcF2914860331C1Cb1a9AcecDa7475e06Af8: ['overflow', 'dangerous_call', 'replay_race']
2026-06-18 16:41:13 | INFO     | server.py:374 | main() | Starting token-audit MCP server (mcp library)
2026-06-18 16:41:36 | INFO     | server.py:374 | main() | Starting token-audit MCP server (mcp library)
2026-06-18 16:41:36 | INFO     | server.py:733 | _handle_request() | Processing request of type CallToolRequest
2026-06-18 16:41:36 | WARNING  | server.py:494 | _get_cached_tool_definition() | Tool 'setup_problem' not listed, no validation will be performed
2026-06-18 16:41:36 | INFO     | server.py:157 | handle_setup_problem() | Setting up problem: 0x003f79d7be15dc1ad90ce00e6ea68f335e2b789b
2026-06-18 16:41:36 | INFO     | server.py:733 | _handle_request() | Processing request of type ListToolsRequest
2026-06-18 16:41:36 | INFO     | server.py:733 | _handle_request() | Processing request of type ListToolsRequest
2026-06-18 16:41:36 | INFO     | server.py:733 | _handle_request() | Processing request of type CallToolRequest
2026-06-18 16:41:36 | INFO     | server.py:733 | _handle_request() | Processing request of type CallToolRequest
2026-06-18 16:41:36 | INFO     | server.py:215 | handle_submit_report() | Report submitted for 0x003f79d7be15dc1ad90ce00e6ea68f335e2b789b: ['overflow']
2026-06-18 16:41:36 | INFO     | server.py:733 | _handle_request() | Processing request of type CallToolRequest
2026-06-18 16:41:36 | WARNING  | server.py:494 | _get_cached_tool_definition() | Tool 'grade_problem' not listed, no validation will be performed
2026-06-18 16:41:36 | INFO     | server.py:733 | _handle_request() | Processing request of type ListToolsRequest
2026-06-18 16:42:15 | INFO     | server.py:392 | main() | Starting token-audit MCP server (mcp library)
2026-06-18 16:42:15 | INFO     | server.py:733 | _handle_request() | Processing request of type CallToolRequest
2026-06-18 16:42:15 | WARNING  | server.py:494 | _get_cached_tool_definition() | Tool 'setup_problem' not listed, no validation will be performed
2026-06-18 16:42:15 | INFO     | server.py:157 | handle_setup_problem() | Setting up problem: 0x003f79D7Be15dC1aD90Ce00E6eA68F335e2B789B
2026-06-18 16:42:15 | INFO     | server.py:733 | _handle_request() | Processing request of type ListToolsRequest
2026-06-18 16:42:15 | INFO     | server.py:733 | _handle_request() | Processing request of type ListToolsRequest
2026-06-18 16:42:22 | INFO     | server.py:733 | _handle_request() | Processing request of type CallToolRequest
2026-06-18 16:43:07 | INFO     | server.py:733 | _handle_request() | Processing request of type CallToolRequest
2026-06-18 16:43:10 | INFO     | server.py:733 | _handle_request() | Processing request of type CallToolRequest
2026-06-18 16:43:32 | INFO     | server.py:733 | _handle_request() | Processing request of type CallToolRequest
2026-06-18 16:43:36 | INFO     | server.py:733 | _handle_request() | Processing request of type CallToolRequest
2026-06-18 16:43:36 | INFO     | server.py:229 | handle_submit_report() | Report submitted for 0x003f79D7Be15dC1aD90Ce00E6eA68F335e2B789B: ['overflow']
2026-06-18 16:43:42 | INFO     | server.py:733 | _handle_request() | Processing request of type CallToolRequest
2026-06-18 16:43:42 | WARNING  | server.py:494 | _get_cached_tool_definition() | Tool 'grade_problem' not listed, no validation will be performed
2026-06-18 16:43:42 | INFO     | server.py:733 | _handle_request() | Processing request of type ListToolsRequest
2026-06-18 16:43:43 | INFO     | server.py:392 | main() | Starting token-audit MCP server (mcp library)
2026-06-18 16:43:43 | INFO     | server.py:733 | _handle_request() | Processing request of type CallToolRequest
2026-06-18 16:43:43 | WARNING  | server.py:494 | _get_cached_tool_definition() | Tool 'setup_problem' not listed, no validation will be performed
2026-06-18 16:43:43 | INFO     | server.py:157 | handle_setup_problem() | Setting up problem: 0x0156888F51d68F858AC88aBa45DF699e2af2E4Cc
2026-06-18 16:43:43 | INFO     | server.py:733 | _handle_request() | Processing request of type ListToolsRequest
2026-06-18 16:43:43 | INFO     | server.py:733 | _handle_request() | Processing request of type ListToolsRequest
2026-06-18 16:43:46 | INFO     | server.py:733 | _handle_request() | Processing request of type CallToolRequest
2026-06-18 16:44:20 | INFO     | server.py:733 | _handle_request() | Processing request of type CallToolRequest
2026-06-18 16:44:24 | INFO     | server.py:733 | _handle_request() | Processing request of type CallToolRequest
2026-06-18 16:44:24 | INFO     | server.py:229 | handle_submit_report() | Report submitted for 0x0156888F51d68F858AC88aBa45DF699e2af2E4Cc: ['access_control']
2026-06-18 16:44:56 | INFO     | server.py:733 | _handle_request() | Processing request of type CallToolRequest
2026-06-18 16:44:56 | WARNING  | server.py:494 | _get_cached_tool_definition() | Tool 'grade_problem' not listed, no validation will be performed
2026-06-18 16:44:56 | INFO     | server.py:733 | _handle_request() | Processing request of type ListToolsRequest
2026-06-18 16:44:57 | INFO     | server.py:392 | main() | Starting token-audit MCP server (mcp library)
2026-06-18 16:44:57 | INFO     | server.py:733 | _handle_request() | Processing request of type CallToolRequest
2026-06-18 16:44:57 | WARNING  | server.py:494 | _get_cached_tool_definition() | Tool 'setup_problem' not listed, no validation will be performed
2026-06-18 16:44:57 | INFO     | server.py:157 | handle_setup_problem() | Setting up problem: 0x00138bD67465733AE1BEDfD2105a6ffa83AF97D8
2026-06-18 16:44:57 | INFO     | server.py:733 | _handle_request() | Processing request of type ListToolsRequest
2026-06-18 16:44:57 | INFO     | server.py:733 | _handle_request() | Processing request of type ListToolsRequest
2026-06-18 16:44:59 | INFO     | server.py:733 | _handle_request() | Processing request of type CallToolRequest
2026-06-18 16:45:12 | INFO     | server.py:733 | _handle_request() | Processing request of type CallToolRequest
2026-06-18 16:45:19 | INFO     | server.py:733 | _handle_request() | Processing request of type CallToolRequest
2026-06-18 16:45:42 | INFO     | server.py:733 | _handle_request() | Processing request of type CallToolRequest
2026-06-18 16:45:46 | INFO     | server.py:733 | _handle_request() | Processing request of type CallToolRequest
2026-06-18 16:45:46 | INFO     | server.py:229 | handle_submit_report() | Report submitted for 0x00138bD67465733AE1BEDfD2105a6ffa83AF97D8: ['dangerous_call']
2026-06-18 16:45:50 | INFO     | server.py:733 | _handle_request() | Processing request of type CallToolRequest
2026-06-18 16:45:50 | WARNING  | server.py:494 | _get_cached_tool_definition() | Tool 'grade_problem' not listed, no validation will be performed
2026-06-18 16:45:50 | INFO     | server.py:733 | _handle_request() | Processing request of type ListToolsRequest
2026-06-18 16:45:52 | INFO     | server.py:392 | main() | Starting token-audit MCP server (mcp library)
2026-06-18 16:45:52 | INFO     | server.py:733 | _handle_request() | Processing request of type CallToolRequest
2026-06-18 16:45:52 | WARNING  | server.py:494 | _get_cached_tool_definition() | Tool 'setup_problem' not listed, no validation will be performed
2026-06-18 16:45:52 | INFO     | server.py:157 | handle_setup_problem() | Setting up problem: 0x01982364172d4C429372F37ACE5d47FE4f71F862
2026-06-18 16:45:52 | INFO     | server.py:733 | _handle_request() | Processing request of type ListToolsRequest
2026-06-18 16:45:52 | INFO     | server.py:733 | _handle_request() | Processing request of type ListToolsRequest
2026-06-18 16:45:57 | INFO     | server.py:733 | _handle_request() | Processing request of type CallToolRequest
2026-06-18 16:46:20 | INFO     | server.py:733 | _handle_request() | Processing request of type CallToolRequest
2026-06-18 16:46:24 | INFO     | server.py:733 | _handle_request() | Processing request of type CallToolRequest
2026-06-18 16:46:24 | INFO     | server.py:229 | handle_submit_report() | Report submitted for 0x01982364172d4C429372F37ACE5d47FE4f71F862: ['logic_error']
2026-06-18 16:46:30 | INFO     | server.py:733 | _handle_request() | Processing request of type CallToolRequest
2026-06-18 16:46:30 | WARNING  | server.py:494 | _get_cached_tool_definition() | Tool 'grade_problem' not listed, no validation will be performed
2026-06-18 16:46:30 | INFO     | server.py:733 | _handle_request() | Processing request of type ListToolsRequest
2026-06-18 16:46:32 | INFO     | server.py:392 | main() | Starting token-audit MCP server (mcp library)
2026-06-18 16:46:32 | INFO     | server.py:733 | _handle_request() | Processing request of type CallToolRequest
2026-06-18 16:46:32 | WARNING  | server.py:494 | _get_cached_tool_definition() | Tool 'setup_problem' not listed, no validation will be performed
2026-06-18 16:46:32 | INFO     | server.py:157 | handle_setup_problem() | Setting up problem: 0x01F2AcF2914860331C1Cb1a9AcecDa7475e06Af8
2026-06-18 16:46:32 | INFO     | server.py:733 | _handle_request() | Processing request of type ListToolsRequest
2026-06-18 16:46:32 | INFO     | server.py:733 | _handle_request() | Processing request of type ListToolsRequest
2026-06-18 16:46:37 | INFO     | server.py:733 | _handle_request() | Processing request of type CallToolRequest
2026-06-18 16:46:56 | INFO     | server.py:733 | _handle_request() | Processing request of type CallToolRequest
2026-06-18 16:47:01 | INFO     | server.py:733 | _handle_request() | Processing request of type CallToolRequest
2026-06-18 16:47:01 | INFO     | server.py:229 | handle_submit_report() | Report submitted for 0x01F2AcF2914860331C1Cb1a9AcecDa7475e06Af8: ['overflow', 'dangerous_call', 'replay_race']
2026-06-18 16:47:05 | INFO     | server.py:733 | _handle_request() | Processing request of type CallToolRequest
2026-06-18 16:47:05 | WARNING  | server.py:494 | _get_cached_tool_definition() | Tool 'grade_problem' not listed, no validation will be performed
2026-06-18 16:47:05 | INFO     | server.py:733 | _handle_request() | Processing request of type ListToolsRequest
2026-06-20 15:47:41 | INFO     | server.py:392 | main() | Starting token-audit MCP server (mcp library)
2026-06-20 15:47:41 | INFO     | server.py:733 | _handle_request() | Processing request of type CallToolRequest
2026-06-20 15:47:41 | WARNING  | server.py:494 | _get_cached_tool_definition() | Tool 'setup_problem' not listed, no validation will be performed
2026-06-20 15:47:41 | INFO     | server.py:157 | handle_setup_problem() | Setting up problem: 0x003f79D7Be15dC1aD90Ce00E6eA68F335e2B789B
2026-06-20 15:47:41 | INFO     | server.py:733 | _handle_request() | Processing request of type ListToolsRequest
2026-06-20 15:47:41 | INFO     | server.py:733 | _handle_request() | Processing request of type ListToolsRequest
2026-06-20 15:47:50 | INFO     | server.py:733 | _handle_request() | Processing request of type CallToolRequest
2026-06-20 15:48:15 | INFO     | server.py:733 | _handle_request() | Processing request of type CallToolRequest
2026-06-20 15:48:19 | INFO     | server.py:733 | _handle_request() | Processing request of type CallToolRequest
2026-06-20 15:48:19 | INFO     | server.py:229 | handle_submit_report() | Report submitted for 0x003f79D7Be15dC1aD90Ce00E6eA68F335e2B789B: ['overflow', 'access_control', 'dangerous_call', 'logic_error']
2026-06-20 15:49:03 | INFO     | server.py:733 | _handle_request() | Processing request of type CallToolRequest
2026-06-20 15:49:03 | WARNING  | server.py:494 | _get_cached_tool_definition() | Tool 'grade_problem' not listed, no validation will be performed
2026-06-20 15:49:03 | INFO     | server.py:733 | _handle_request() | Processing request of type ListToolsRequest
2026-06-20 15:49:05 | INFO     | server.py:392 | main() | Starting token-audit MCP server (mcp library)
2026-06-20 15:49:05 | INFO     | server.py:733 | _handle_request() | Processing request of type CallToolRequest
2026-06-20 15:49:05 | WARNING  | server.py:494 | _get_cached_tool_definition() | Tool 'setup_problem' not listed, no validation will be performed
2026-06-20 15:49:05 | INFO     | server.py:157 | handle_setup_problem() | Setting up problem: 0x0156888F51d68F858AC88aBa45DF699e2af2E4Cc
2026-06-20 15:49:05 | INFO     | server.py:733 | _handle_request() | Processing request of type ListToolsRequest
2026-06-20 15:49:05 | INFO     | server.py:733 | _handle_request() | Processing request of type ListToolsRequest
2026-06-20 15:49:09 | INFO     | server.py:733 | _handle_request() | Processing request of type CallToolRequest
2026-06-20 15:50:38 | INFO     | server.py:733 | _handle_request() | Processing request of type CallToolRequest
2026-06-20 15:50:38 | INFO     | server.py:229 | handle_submit_report() | Report submitted for 0x0156888F51d68F858AC88aBa45DF699e2af2E4Cc: ['overflow', 'access_control']
2026-06-20 15:50:48 | INFO     | server.py:733 | _handle_request() | Processing request of type CallToolRequest
2026-06-20 15:50:48 | WARNING  | server.py:494 | _get_cached_tool_definition() | Tool 'grade_problem' not listed, no validation will be performed
2026-06-20 15:50:48 | INFO     | server.py:733 | _handle_request() | Processing request of type ListToolsRequest
2026-06-20 15:50:50 | INFO     | server.py:392 | main() | Starting token-audit MCP server (mcp library)
2026-06-20 15:50:50 | INFO     | server.py:733 | _handle_request() | Processing request of type CallToolRequest
2026-06-20 15:50:50 | WARNING  | server.py:494 | _get_cached_tool_definition() | Tool 'setup_problem' not listed, no validation will be performed
2026-06-20 15:50:50 | INFO     | server.py:157 | handle_setup_problem() | Setting up problem: 0x00138bD67465733AE1BEDfD2105a6ffa83AF97D8
2026-06-20 15:50:50 | INFO     | server.py:733 | _handle_request() | Processing request of type ListToolsRequest
2026-06-20 15:50:50 | INFO     | server.py:733 | _handle_request() | Processing request of type ListToolsRequest
2026-06-20 15:50:54 | INFO     | server.py:733 | _handle_request() | Processing request of type CallToolRequest
2026-06-20 15:51:18 | INFO     | server.py:733 | _handle_request() | Processing request of type CallToolRequest
2026-06-20 15:51:24 | INFO     | server.py:733 | _handle_request() | Processing request of type CallToolRequest
2026-06-20 15:51:24 | INFO     | server.py:229 | handle_submit_report() | Report submitted for 0x00138bD67465733AE1BEDfD2105a6ffa83AF97D8: ['access_control', 'dangerous_call', 'logic_error']
2026-06-20 15:51:32 | INFO     | server.py:733 | _handle_request() | Processing request of type CallToolRequest
2026-06-20 15:51:32 | WARNING  | server.py:494 | _get_cached_tool_definition() | Tool 'grade_problem' not listed, no validation will be performed
2026-06-20 15:51:32 | INFO     | server.py:733 | _handle_request() | Processing request of type ListToolsRequest
2026-06-20 15:51:34 | INFO     | server.py:392 | main() | Starting token-audit MCP server (mcp library)
2026-06-20 15:51:34 | INFO     | server.py:733 | _handle_request() | Processing request of type CallToolRequest
2026-06-20 15:51:34 | WARNING  | server.py:494 | _get_cached_tool_definition() | Tool 'setup_problem' not listed, no validation will be performed
2026-06-20 15:51:34 | INFO     | server.py:157 | handle_setup_problem() | Setting up problem: 0x01982364172d4C429372F37ACE5d47FE4f71F862
2026-06-20 15:51:34 | INFO     | server.py:733 | _handle_request() | Processing request of type ListToolsRequest
2026-06-20 15:51:34 | INFO     | server.py:733 | _handle_request() | Processing request of type ListToolsRequest
2026-06-20 15:51:37 | INFO     | server.py:733 | _handle_request() | Processing request of type CallToolRequest
2026-06-20 15:52:11 | INFO     | server.py:733 | _handle_request() | Processing request of type CallToolRequest
2026-06-20 15:52:18 | INFO     | server.py:733 | _handle_request() | Processing request of type CallToolRequest
2026-06-20 15:52:18 | INFO     | server.py:229 | handle_submit_report() | Report submitted for 0x01982364172d4C429372F37ACE5d47FE4f71F862: ['overflow', 'access_control', 'dangerous_call', 'logic_error', 'replay_race']
2026-06-20 15:52:22 | INFO     | server.py:733 | _handle_request() | Processing request of type CallToolRequest
2026-06-20 15:52:22 | WARNING  | server.py:494 | _get_cached_tool_definition() | Tool 'grade_problem' not listed, no validation will be performed
2026-06-20 15:52:22 | INFO     | server.py:733 | _handle_request() | Processing request of type ListToolsRequest
2026-06-20 15:52:24 | INFO     | server.py:392 | main() | Starting token-audit MCP server (mcp library)
2026-06-20 15:52:24 | INFO     | server.py:733 | _handle_request() | Processing request of type CallToolRequest
2026-06-20 15:52:24 | WARNING  | server.py:494 | _get_cached_tool_definition() | Tool 'setup_problem' not listed, no validation will be performed
2026-06-20 15:52:24 | INFO     | server.py:157 | handle_setup_problem() | Setting up problem: 0x01F2AcF2914860331C1Cb1a9AcecDa7475e06Af8
2026-06-20 15:52:24 | INFO     | server.py:733 | _handle_request() | Processing request of type ListToolsRequest
2026-06-20 15:52:24 | INFO     | server.py:733 | _handle_request() | Processing request of type ListToolsRequest
2026-06-20 15:52:27 | INFO     | server.py:733 | _handle_request() | Processing request of type CallToolRequest
2026-06-20 15:52:58 | INFO     | server.py:733 | _handle_request() | Processing request of type CallToolRequest
2026-06-20 15:53:04 | INFO     | server.py:733 | _handle_request() | Processing request of type CallToolRequest
2026-06-20 15:53:04 | INFO     | server.py:229 | handle_submit_report() | Report submitted for 0x01F2AcF2914860331C1Cb1a9AcecDa7475e06Af8: ['overflow', 'access_control', 'dangerous_call', 'logic_error', 'replay_race']
2026-06-20 15:53:55 | INFO     | server.py:733 | _handle_request() | Processing request of type CallToolRequest
2026-06-20 15:53:55 | WARNING  | server.py:494 | _get_cached_tool_definition() | Tool 'grade_problem' not listed, no validation will be performed
2026-06-20 15:53:55 | INFO     | server.py:733 | _handle_request() | Processing request of type ListToolsRequest
2026-06-20 16:07:33 | INFO     | server.py:424 | main() | Starting token-audit MCP server (mcp library)
2026-06-20 16:07:33 | INFO     | server.py:733 | _handle_request() | Processing request of type CallToolRequest
2026-06-20 16:07:33 | INFO     | server.py:157 | handle_setup_problem() | Setting up problem: 0x00138bD67465733AE1BEDfD2105a6ffa83AF97D8
2026-06-20 16:07:33 | INFO     | server.py:733 | _handle_request() | Processing request of type ListToolsRequest
2026-06-20 16:07:33 | INFO     | server.py:733 | _handle_request() | Processing request of type ListToolsRequest
2026-06-20 16:07:37 | INFO     | server.py:733 | _handle_request() | Processing request of type CallToolRequest
2026-06-20 16:10:53 | INFO     | server.py:733 | _handle_request() | Processing request of type CallToolRequest
2026-06-20 16:10:53 | INFO     | server.py:229 | handle_submit_report() | Report submitted for 0x00138bD67465733AE1BEDfD2105a6ffa83AF97D8: ['overflow', 'access_control', 'dangerous_call']
2026-06-20 16:10:57 | INFO     | server.py:733 | _handle_request() | Processing request of type CallToolRequest
2026-06-20 16:10:59 | INFO     | server.py:424 | main() | Starting token-audit MCP server (mcp library)
2026-06-20 16:10:59 | INFO     | server.py:733 | _handle_request() | Processing request of type CallToolRequest
2026-06-20 16:10:59 | INFO     | server.py:157 | handle_setup_problem() | Setting up problem: 0x003f79D7Be15dC1aD90Ce00E6eA68F335e2B789B
2026-06-20 16:10:59 | INFO     | server.py:733 | _handle_request() | Processing request of type ListToolsRequest
2026-06-20 16:10:59 | INFO     | server.py:733 | _handle_request() | Processing request of type ListToolsRequest
2026-06-20 16:11:03 | INFO     | server.py:733 | _handle_request() | Processing request of type CallToolRequest
2026-06-20 16:11:31 | INFO     | server.py:733 | _handle_request() | Processing request of type CallToolRequest
2026-06-20 16:11:35 | INFO     | server.py:733 | _handle_request() | Processing request of type CallToolRequest
2026-06-20 16:11:35 | INFO     | server.py:229 | handle_submit_report() | Report submitted for 0x003f79D7Be15dC1aD90Ce00E6eA68F335e2B789B: ['overflow', 'access_control', 'logic_error']
2026-06-20 16:11:55 | INFO     | server.py:733 | _handle_request() | Processing request of type CallToolRequest
2026-06-20 16:11:57 | INFO     | server.py:424 | main() | Starting token-audit MCP server (mcp library)
2026-06-20 16:11:57 | INFO     | server.py:733 | _handle_request() | Processing request of type CallToolRequest
2026-06-20 16:11:57 | INFO     | server.py:157 | handle_setup_problem() | Setting up problem: 0x004Dcfc79b28Ae0D52C2C013a328f84b433a1829
2026-06-20 16:11:57 | INFO     | server.py:733 | _handle_request() | Processing request of type ListToolsRequest
2026-06-20 16:11:57 | INFO     | server.py:733 | _handle_request() | Processing request of type ListToolsRequest
2026-06-20 16:11:59 | INFO     | server.py:733 | _handle_request() | Processing request of type CallToolRequest
2026-06-20 16:12:40 | INFO     | server.py:733 | _handle_request() | Processing request of type CallToolRequest
2026-06-20 16:12:40 | INFO     | server.py:229 | handle_submit_report() | Report submitted for 0x004Dcfc79b28Ae0D52C2C013a328f84b433a1829: ['overflow']
2026-06-20 16:12:45 | INFO     | server.py:733 | _handle_request() | Processing request of type CallToolRequest
2026-06-20 16:12:59 | INFO     | server.py:424 | main() | Starting token-audit MCP server (mcp library)
2026-06-20 16:12:59 | INFO     | server.py:733 | _handle_request() | Processing request of type CallToolRequest
2026-06-20 16:12:59 | INFO     | server.py:157 | handle_setup_problem() | Setting up problem: 0x00138bD67465733AE1BEDfD2105a6ffa83AF97D8
2026-06-20 16:12:59 | INFO     | server.py:733 | _handle_request() | Processing request of type ListToolsRequest
2026-06-20 16:12:59 | INFO     | server.py:733 | _handle_request() | Processing request of type ListToolsRequest
2026-06-20 16:13:03 | INFO     | server.py:733 | _handle_request() | Processing request of type CallToolRequest
2026-06-20 16:13:46 | INFO     | server.py:733 | _handle_request() | Processing request of type CallToolRequest
2026-06-20 16:13:52 | INFO     | server.py:733 | _handle_request() | Processing request of type CallToolRequest
2026-06-20 16:13:52 | INFO     | server.py:229 | handle_submit_report() | Report submitted for 0x00138bD67465733AE1BEDfD2105a6ffa83AF97D8: ['access_control', 'logic_error']
2026-06-20 16:14:15 | INFO     | server.py:733 | _handle_request() | Processing request of type CallToolRequest
2026-06-20 16:14:17 | INFO     | server.py:424 | main() | Starting token-audit MCP server (mcp library)
2026-06-20 16:14:17 | INFO     | server.py:733 | _handle_request() | Processing request of type CallToolRequest
2026-06-20 16:14:17 | INFO     | server.py:157 | handle_setup_problem() | Setting up problem: 0x003f79D7Be15dC1aD90Ce00E6eA68F335e2B789B
2026-06-20 16:14:17 | INFO     | server.py:733 | _handle_request() | Processing request of type ListToolsRequest
2026-06-20 16:14:17 | INFO     | server.py:733 | _handle_request() | Processing request of type ListToolsRequest
2026-06-20 16:14:20 | INFO     | server.py:733 | _handle_request() | Processing request of type CallToolRequest
2026-06-20 16:14:46 | INFO     | server.py:733 | _handle_request() | Processing request of type CallToolRequest
2026-06-20 16:14:53 | INFO     | server.py:733 | _handle_request() | Processing request of type CallToolRequest
2026-06-20 16:14:53 | INFO     | server.py:229 | handle_submit_report() | Report submitted for 0x003f79D7Be15dC1aD90Ce00E6eA68F335e2B789B: ['overflow', 'access_control', 'logic_error', 'replay_race']
2026-06-20 16:15:00 | INFO     | server.py:733 | _handle_request() | Processing request of type CallToolRequest
2026-06-20 16:15:02 | INFO     | server.py:424 | main() | Starting token-audit MCP server (mcp library)
2026-06-20 16:15:02 | INFO     | server.py:733 | _handle_request() | Processing request of type CallToolRequest
2026-06-20 16:15:02 | INFO     | server.py:157 | handle_setup_problem() | Setting up problem: 0x004Dcfc79b28Ae0D52C2C013a328f84b433a1829
2026-06-20 16:15:02 | INFO     | server.py:733 | _handle_request() | Processing request of type ListToolsRequest
2026-06-20 16:15:02 | INFO     | server.py:733 | _handle_request() | Processing request of type ListToolsRequest
2026-06-20 16:15:06 | INFO     | server.py:733 | _handle_request() | Processing request of type CallToolRequest
2026-06-20 16:15:31 | INFO     | server.py:733 | _handle_request() | Processing request of type CallToolRequest
2026-06-20 16:15:34 | INFO     | server.py:733 | _handle_request() | Processing request of type CallToolRequest
2026-06-20 16:15:34 | INFO     | server.py:229 | handle_submit_report() | Report submitted for 0x004Dcfc79b28Ae0D52C2C013a328f84b433a1829: ['access_control']
2026-06-20 16:16:37 | INFO     | server.py:733 | _handle_request() | Processing request of type CallToolRequest
2026-06-20 16:16:46 | INFO     | server.py:424 | main() | Starting token-audit MCP server (mcp library)
2026-06-20 16:16:46 | INFO     | server.py:733 | _handle_request() | Processing request of type CallToolRequest
2026-06-20 16:16:46 | INFO     | server.py:157 | handle_setup_problem() | Setting up problem: 0x00138bD67465733AE1BEDfD2105a6ffa83AF97D8
2026-06-20 16:16:46 | INFO     | server.py:733 | _handle_request() | Processing request of type ListToolsRequest
2026-06-20 16:16:46 | INFO     | server.py:733 | _handle_request() | Processing request of type ListToolsRequest
2026-06-20 16:16:51 | INFO     | server.py:733 | _handle_request() | Processing request of type CallToolRequest
2026-06-20 16:17:33 | INFO     | server.py:733 | _handle_request() | Processing request of type CallToolRequest
2026-06-20 16:17:37 | INFO     | server.py:733 | _handle_request() | Processing request of type CallToolRequest
2026-06-20 16:17:37 | INFO     | server.py:229 | handle_submit_report() | Report submitted for 0x00138bD67465733AE1BEDfD2105a6ffa83AF97D8: ['access_control', 'dangerous_call', 'logic_error', 'replay_race']
2026-06-20 16:17:50 | INFO     | server.py:733 | _handle_request() | Processing request of type CallToolRequest
2026-06-20 16:17:52 | INFO     | server.py:424 | main() | Starting token-audit MCP server (mcp library)
2026-06-20 16:17:52 | INFO     | server.py:733 | _handle_request() | Processing request of type CallToolRequest
2026-06-20 16:17:52 | INFO     | server.py:157 | handle_setup_problem() | Setting up problem: 0x003f79D7Be15dC1aD90Ce00E6eA68F335e2B789B
2026-06-20 16:17:52 | INFO     | server.py:733 | _handle_request() | Processing request of type ListToolsRequest
2026-06-20 16:17:52 | INFO     | server.py:733 | _handle_request() | Processing request of type ListToolsRequest
2026-06-20 16:17:56 | INFO     | server.py:733 | _handle_request() | Processing request of type CallToolRequest
2026-06-20 16:18:26 | INFO     | server.py:733 | _handle_request() | Processing request of type CallToolRequest
2026-06-20 16:18:30 | INFO     | server.py:733 | _handle_request() | Processing request of type CallToolRequest
2026-06-20 16:18:30 | INFO     | server.py:229 | handle_submit_report() | Report submitted for 0x003f79D7Be15dC1aD90Ce00E6eA68F335e2B789B: ['overflow', 'access_control', 'logic_error']
2026-06-20 16:19:19 | INFO     | server.py:733 | _handle_request() | Processing request of type CallToolRequest
2026-06-20 16:19:21 | INFO     | server.py:424 | main() | Starting token-audit MCP server (mcp library)
2026-06-20 16:19:21 | INFO     | server.py:733 | _handle_request() | Processing request of type CallToolRequest
2026-06-20 16:19:21 | INFO     | server.py:157 | handle_setup_problem() | Setting up problem: 0x004Dcfc79b28Ae0D52C2C013a328f84b433a1829
2026-06-20 16:19:21 | INFO     | server.py:733 | _handle_request() | Processing request of type ListToolsRequest
2026-06-20 16:19:21 | INFO     | server.py:733 | _handle_request() | Processing request of type ListToolsRequest
2026-06-20 16:19:24 | INFO     | server.py:733 | _handle_request() | Processing request of type CallToolRequest
2026-06-20 16:19:45 | INFO     | server.py:733 | _handle_request() | Processing request of type CallToolRequest
2026-06-20 16:19:49 | INFO     | server.py:733 | _handle_request() | Processing request of type CallToolRequest
2026-06-20 16:19:49 | INFO     | server.py:229 | handle_submit_report() | Report submitted for 0x004Dcfc79b28Ae0D52C2C013a328f84b433a1829: ['overflow', 'access_control', 'dangerous_call', 'logic_error', 'replay_race']
2026-06-20 16:19:55 | INFO     | server.py:733 | _handle_request() | Processing request of type CallToolRequest
2026-06-20 16:41:21 | INFO     | server.py:424 | main() | Starting token-audit MCP server (mcp library)
2026-06-20 16:41:21 | INFO     | server.py:733 | _handle_request() | Processing request of type CallToolRequest
2026-06-20 16:41:21 | INFO     | server.py:157 | handle_setup_problem() | Setting up problem: 0x00138bD67465733AE1BEDfD2105a6ffa83AF97D8
2026-06-20 16:41:21 | INFO     | server.py:733 | _handle_request() | Processing request of type ListToolsRequest
2026-06-20 16:41:21 | INFO     | server.py:733 | _handle_request() | Processing request of type ListToolsRequest
2026-06-20 16:41:24 | INFO     | server.py:733 | _handle_request() | Processing request of type CallToolRequest
2026-06-20 16:42:04 | INFO     | server.py:733 | _handle_request() | Processing request of type CallToolRequest
2026-06-20 16:42:11 | INFO     | server.py:733 | _handle_request() | Processing request of type CallToolRequest
2026-06-20 16:42:11 | INFO     | server.py:229 | handle_submit_report() | Report submitted for 0x00138bD67465733AE1BEDfD2105a6ffa83AF97D8: ['overflow', 'access_control', 'dangerous_call', 'logic_error', 'replay_race']
2026-06-20 16:42:21 | INFO     | server.py:733 | _handle_request() | Processing request of type CallToolRequest
2026-06-20 16:42:23 | INFO     | server.py:424 | main() | Starting token-audit MCP server (mcp library)
2026-06-20 16:42:23 | INFO     | server.py:733 | _handle_request() | Processing request of type CallToolRequest
2026-06-20 16:42:23 | INFO     | server.py:157 | handle_setup_problem() | Setting up problem: 0x003f79D7Be15dC1aD90Ce00E6eA68F335e2B789B
2026-06-20 16:42:23 | INFO     | server.py:733 | _handle_request() | Processing request of type ListToolsRequest
2026-06-20 16:42:23 | INFO     | server.py:733 | _handle_request() | Processing request of type ListToolsRequest
2026-06-20 16:42:27 | INFO     | server.py:733 | _handle_request() | Processing request of type CallToolRequest
2026-06-20 16:43:55 | INFO     | server.py:733 | _handle_request() | Processing request of type CallToolRequest
2026-06-20 16:43:55 | INFO     | server.py:229 | handle_submit_report() | Report submitted for 0x003f79D7Be15dC1aD90Ce00E6eA68F335e2B789B: ['overflow', 'access_control', 'dangerous_call', 'logic_error', 'replay_race']
2026-06-20 16:44:01 | INFO     | server.py:733 | _handle_request() | Processing request of type CallToolRequest
2026-06-20 16:44:03 | INFO     | server.py:424 | main() | Starting token-audit MCP server (mcp library)
2026-06-20 16:44:03 | INFO     | server.py:733 | _handle_request() | Processing request of type CallToolRequest
2026-06-20 16:44:03 | INFO     | server.py:157 | handle_setup_problem() | Setting up problem: 0x004Dcfc79b28Ae0D52C2C013a328f84b433a1829
2026-06-20 16:44:03 | INFO     | server.py:733 | _handle_request() | Processing request of type ListToolsRequest
2026-06-20 16:44:03 | INFO     | server.py:733 | _handle_request() | Processing request of type ListToolsRequest
2026-06-20 16:44:06 | INFO     | server.py:733 | _handle_request() | Processing request of type CallToolRequest
2026-06-20 16:44:32 | INFO     | server.py:733 | _handle_request() | Processing request of type CallToolRequest
2026-06-20 16:44:36 | INFO     | server.py:733 | _handle_request() | Processing request of type CallToolRequest
2026-06-20 16:44:36 | INFO     | server.py:229 | handle_submit_report() | Report submitted for 0x004Dcfc79b28Ae0D52C2C013a328f84b433a1829: ['overflow', 'access_control', 'logic_error', 'replay_race']
2026-06-20 16:44:41 | INFO     | server.py:733 | _handle_request() | Processing request of type CallToolRequest
2026-06-20 16:50:07 | INFO     | server.py:424 | main() | Starting token-audit MCP server (mcp library)
2026-06-20 16:50:07 | INFO     | server.py:733 | _handle_request() | Processing request of type CallToolRequest
2026-06-20 16:50:07 | INFO     | server.py:157 | handle_setup_problem() | Setting up problem: 0x00138bD67465733AE1BEDfD2105a6ffa83AF97D8
2026-06-20 16:50:07 | INFO     | server.py:733 | _handle_request() | Processing request of type ListToolsRequest
2026-06-20 16:50:07 | INFO     | server.py:733 | _handle_request() | Processing request of type ListToolsRequest
2026-06-20 16:50:10 | INFO     | server.py:733 | _handle_request() | Processing request of type CallToolRequest
2026-06-20 16:50:54 | INFO     | server.py:733 | _handle_request() | Processing request of type CallToolRequest
2026-06-20 16:50:57 | INFO     | server.py:733 | _handle_request() | Processing request of type CallToolRequest
2026-06-20 16:53:42 | INFO     | server.py:733 | _handle_request() | Processing request of type CallToolRequest
2026-06-20 16:53:42 | INFO     | server.py:229 | handle_submit_report() | Report submitted for 0x00138bD67465733AE1BEDfD2105a6ffa83AF97D8: ['overflow']
2026-06-20 16:53:51 | INFO     | server.py:733 | _handle_request() | Processing request of type CallToolRequest
2026-06-20 16:53:53 | INFO     | server.py:424 | main() | Starting token-audit MCP server (mcp library)
2026-06-20 16:53:53 | INFO     | server.py:733 | _handle_request() | Processing request of type CallToolRequest
2026-06-20 16:53:53 | INFO     | server.py:157 | handle_setup_problem() | Setting up problem: 0x003f79D7Be15dC1aD90Ce00E6eA68F335e2B789B
2026-06-20 16:53:53 | INFO     | server.py:733 | _handle_request() | Processing request of type ListToolsRequest
2026-06-20 16:53:53 | INFO     | server.py:733 | _handle_request() | Processing request of type ListToolsRequest
2026-06-20 16:53:55 | INFO     | server.py:733 | _handle_request() | Processing request of type CallToolRequest
2026-06-20 16:54:27 | INFO     | server.py:733 | _handle_request() | Processing request of type CallToolRequest
2026-06-20 16:54:30 | INFO     | server.py:733 | _handle_request() | Processing request of type CallToolRequest
2026-06-20 16:54:30 | INFO     | server.py:229 | handle_submit_report() | Report submitted for 0x003f79D7Be15dC1aD90Ce00E6eA68F335e2B789B: ['overflow', 'access_control', 'logic_error']
2026-06-20 16:54:46 | INFO     | server.py:733 | _handle_request() | Processing request of type CallToolRequest
2026-06-20 16:54:47 | INFO     | server.py:424 | main() | Starting token-audit MCP server (mcp library)
2026-06-20 16:54:47 | INFO     | server.py:733 | _handle_request() | Processing request of type CallToolRequest
2026-06-20 16:54:47 | INFO     | server.py:157 | handle_setup_problem() | Setting up problem: 0x004Dcfc79b28Ae0D52C2C013a328f84b433a1829
2026-06-20 16:54:47 | INFO     | server.py:733 | _handle_request() | Processing request of type ListToolsRequest
2026-06-20 16:54:47 | INFO     | server.py:733 | _handle_request() | Processing request of type ListToolsRequest
2026-06-20 16:54:50 | INFO     | server.py:733 | _handle_request() | Processing request of type CallToolRequest
2026-06-20 16:55:16 | INFO     | server.py:733 | _handle_request() | Processing request of type CallToolRequest
2026-06-20 16:55:19 | INFO     | server.py:733 | _handle_request() | Processing request of type CallToolRequest
2026-06-20 16:55:23 | INFO     | server.py:733 | _handle_request() | Processing request of type CallToolRequest
2026-06-20 16:55:30 | INFO     | server.py:733 | _handle_request() | Processing request of type CallToolRequest
2026-06-20 16:55:35 | INFO     | server.py:733 | _handle_request() | Processing request of type CallToolRequest
2026-06-20 16:55:41 | INFO     | server.py:733 | _handle_request() | Processing request of type CallToolRequest
2026-06-20 16:55:44 | INFO     | server.py:733 | _handle_request() | Processing request of type CallToolRequest
2026-06-20 16:55:47 | INFO     | server.py:733 | _handle_request() | Processing request of type CallToolRequest
2026-06-20 16:55:51 | INFO     | server.py:733 | _handle_request() | Processing request of type CallToolRequest
2026-06-20 16:55:55 | INFO     | server.py:733 | _handle_request() | Processing request of type CallToolRequest
2026-06-20 16:56:02 | INFO     | server.py:733 | _handle_request() | Processing request of type CallToolRequest
2026-06-20 16:56:05 | INFO     | server.py:733 | _handle_request() | Processing request of type CallToolRequest
2026-06-20 16:56:09 | INFO     | server.py:733 | _handle_request() | Processing request of type CallToolRequest
2026-06-20 16:56:14 | INFO     | server.py:733 | _handle_request() | Processing request of type CallToolRequest
2026-06-20 16:56:17 | INFO     | server.py:733 | _handle_request() | Processing request of type CallToolRequest
2026-06-20 16:56:22 | INFO     | server.py:733 | _handle_request() | Processing request of type CallToolRequest
2026-06-20 16:56:26 | INFO     | server.py:733 | _handle_request() | Processing request of type CallToolRequest
2026-06-20 16:56:31 | INFO     | server.py:733 | _handle_request() | Processing request of type CallToolRequest
2026-06-20 16:56:35 | INFO     | server.py:733 | _handle_request() | Processing request of type CallToolRequest
2026-06-20 16:56:40 | INFO     | server.py:733 | _handle_request() | Processing request of type CallToolRequest
2026-06-20 16:56:44 | INFO     | server.py:733 | _handle_request() | Processing request of type CallToolRequest
2026-06-20 16:56:51 | INFO     | server.py:733 | _handle_request() | Processing request of type CallToolRequest
2026-06-20 16:56:59 | INFO     | server.py:733 | _handle_request() | Processing request of type CallToolRequest
2026-06-20 16:57:03 | INFO     | server.py:733 | _handle_request() | Processing request of type CallToolRequest
2026-06-20 16:57:08 | INFO     | server.py:733 | _handle_request() | Processing request of type CallToolRequest
2026-06-20 16:57:13 | INFO     | server.py:733 | _handle_request() | Processing request of type CallToolRequest
2026-06-20 16:57:18 | INFO     | server.py:733 | _handle_request() | Processing request of type CallToolRequest
2026-06-20 16:57:22 | INFO     | server.py:733 | _handle_request() | Processing request of type CallToolRequest
2026-06-20 16:57:29 | INFO     | server.py:733 | _handle_request() | Processing request of type CallToolRequest
2026-06-20 16:57:32 | INFO     | server.py:733 | _handle_request() | Processing request of type CallToolRequest
2026-06-20 16:57:37 | INFO     | server.py:733 | _handle_request() | Processing request of type CallToolRequest
2026-06-20 16:57:43 | INFO     | server.py:733 | _handle_request() | Processing request of type CallToolRequest
2026-06-20 16:57:50 | INFO     | server.py:733 | _handle_request() | Processing request of type CallToolRequest
2026-06-20 16:57:58 | INFO     | server.py:733 | _handle_request() | Processing request of type CallToolRequest
2026-06-20 16:58:04 | INFO     | server.py:733 | _handle_request() | Processing request of type CallToolRequest
2026-06-20 16:58:09 | INFO     | server.py:733 | _handle_request() | Processing request of type CallToolRequest
2026-06-20 16:58:12 | INFO     | server.py:733 | _handle_request() | Processing request of type CallToolRequest
2026-06-20 16:58:17 | INFO     | server.py:733 | _handle_request() | Processing request of type CallToolRequest
2026-06-20 16:58:21 | INFO     | server.py:733 | _handle_request() | Processing request of type CallToolRequest
2026-06-20 16:58:27 | INFO     | server.py:733 | _handle_request() | Processing request of type CallToolRequest
2026-06-20 16:58:31 | INFO     | server.py:733 | _handle_request() | Processing request of type CallToolRequest
2026-06-20 16:58:36 | INFO     | server.py:733 | _handle_request() | Processing request of type CallToolRequest
2026-06-20 16:58:44 | INFO     | server.py:733 | _handle_request() | Processing request of type CallToolRequest
2026-06-20 16:58:49 | INFO     | server.py:733 | _handle_request() | Processing request of type CallToolRequest
2026-06-20 16:58:56 | INFO     | server.py:733 | _handle_request() | Processing request of type CallToolRequest
2026-06-20 16:59:00 | INFO     | server.py:733 | _handle_request() | Processing request of type CallToolRequest
2026-06-20 16:59:05 | INFO     | server.py:733 | _handle_request() | Processing request of type CallToolRequest
2026-06-20 16:59:11 | INFO     | server.py:733 | _handle_request() | Processing request of type CallToolRequest
2026-06-20 16:59:16 | INFO     | server.py:733 | _handle_request() | Processing request of type CallToolRequest
2026-06-20 16:59:21 | INFO     | server.py:733 | _handle_request() | Processing request of type CallToolRequest
2026-06-20 16:59:26 | INFO     | server.py:733 | _handle_request() | Processing request of type CallToolRequest
2026-06-20 16:59:33 | INFO     | server.py:733 | _handle_request() | Processing request of type CallToolRequest
2026-06-20 16:59:38 | INFO     | server.py:733 | _handle_request() | Processing request of type CallToolRequest
2026-06-20 16:59:44 | INFO     | server.py:733 | _handle_request() | Processing request of type CallToolRequest
2026-06-20 16:59:50 | INFO     | server.py:733 | _handle_request() | Processing request of type CallToolRequest
2026-06-20 16:59:57 | INFO     | server.py:733 | _handle_request() | Processing request of type CallToolRequest
2026-06-20 17:00:25 | INFO     | server.py:424 | main() | Starting token-audit MCP server (mcp library)
2026-06-20 17:00:25 | INFO     | server.py:733 | _handle_request() | Processing request of type CallToolRequest
2026-06-20 17:00:25 | INFO     | server.py:157 | handle_setup_problem() | Setting up problem: 0x00138bD67465733AE1BEDfD2105a6ffa83AF97D8
2026-06-20 17:00:25 | INFO     | server.py:733 | _handle_request() | Processing request of type ListToolsRequest
2026-06-20 17:00:25 | INFO     | server.py:733 | _handle_request() | Processing request of type ListToolsRequest
2026-06-20 17:00:28 | INFO     | server.py:733 | _handle_request() | Processing request of type CallToolRequest
2026-06-20 17:00:58 | INFO     | server.py:733 | _handle_request() | Processing request of type CallToolRequest
2026-06-20 17:01:42 | INFO     | server.py:733 | _handle_request() | Processing request of type CallToolRequest
2026-06-20 17:01:47 | INFO     | server.py:733 | _handle_request() | Processing request of type CallToolRequest
2026-06-20 17:01:48 | INFO     | server.py:229 | handle_submit_report() | Report submitted for 0x00138bD67465733AE1BEDfD2105a6ffa83AF97D8: ['overflow', 'access_control', 'dangerous_call', 'logic_error', 'replay_race']
2026-06-20 17:01:56 | INFO     | server.py:733 | _handle_request() | Processing request of type CallToolRequest
2026-06-20 17:01:58 | INFO     | server.py:424 | main() | Starting token-audit MCP server (mcp library)
2026-06-20 17:01:58 | INFO     | server.py:733 | _handle_request() | Processing request of type CallToolRequest
2026-06-20 17:01:58 | INFO     | server.py:157 | handle_setup_problem() | Setting up problem: 0x003f79D7Be15dC1aD90Ce00E6eA68F335e2B789B
2026-06-20 17:01:58 | INFO     | server.py:733 | _handle_request() | Processing request of type ListToolsRequest
2026-06-20 17:01:58 | INFO     | server.py:733 | _handle_request() | Processing request of type ListToolsRequest
2026-06-20 17:02:04 | INFO     | server.py:733 | _handle_request() | Processing request of type CallToolRequest
2026-06-20 17:02:25 | INFO     | server.py:733 | _handle_request() | Processing request of type CallToolRequest
2026-06-20 17:02:29 | INFO     | server.py:733 | _handle_request() | Processing request of type CallToolRequest
2026-06-20 17:02:29 | INFO     | server.py:229 | handle_submit_report() | Report submitted for 0x003f79D7Be15dC1aD90Ce00E6eA68F335e2B789B: ['access_control', 'dangerous_call', 'logic_error', 'replay_race']
2026-06-20 17:02:51 | INFO     | server.py:733 | _handle_request() | Processing request of type CallToolRequest
2026-06-20 17:02:53 | INFO     | server.py:424 | main() | Starting token-audit MCP server (mcp library)
2026-06-20 17:02:53 | INFO     | server.py:733 | _handle_request() | Processing request of type CallToolRequest
2026-06-20 17:02:53 | INFO     | server.py:157 | handle_setup_problem() | Setting up problem: 0x004Dcfc79b28Ae0D52C2C013a328f84b433a1829
2026-06-20 17:02:53 | INFO     | server.py:733 | _handle_request() | Processing request of type ListToolsRequest
2026-06-20 17:02:53 | INFO     | server.py:733 | _handle_request() | Processing request of type ListToolsRequest
2026-06-20 17:02:57 | INFO     | server.py:733 | _handle_request() | Processing request of type CallToolRequest
2026-06-20 17:03:31 | INFO     | server.py:733 | _handle_request() | Processing request of type CallToolRequest
2026-06-20 17:03:36 | INFO     | server.py:733 | _handle_request() | Processing request of type CallToolRequest
2026-06-20 17:03:36 | INFO     | server.py:229 | handle_submit_report() | Report submitted for 0x004Dcfc79b28Ae0D52C2C013a328f84b433a1829: ['logic_error']
2026-06-20 17:03:47 | INFO     | server.py:733 | _handle_request() | Processing request of type CallToolRequest
2026-06-20 17:22:11 | INFO     | server.py:421 | main() | Starting token-audit MCP server (mcp library)
2026-06-20 17:22:11 | INFO     | server.py:733 | _handle_request() | Processing request of type CallToolRequest
2026-06-20 17:22:11 | INFO     | server.py:156 | handle_setup_problem() | Setting up problem: 0x00138bD67465733AE1BEDfD2105a6ffa83AF97D8
2026-06-20 17:22:11 | INFO     | server.py:733 | _handle_request() | Processing request of type ListToolsRequest
2026-06-20 17:22:11 | INFO     | server.py:733 | _handle_request() | Processing request of type ListToolsRequest
2026-06-20 17:22:16 | INFO     | server.py:733 | _handle_request() | Processing request of type CallToolRequest
2026-06-20 17:22:57 | INFO     | server.py:733 | _handle_request() | Processing request of type CallToolRequest
2026-06-20 17:23:03 | INFO     | server.py:733 | _handle_request() | Processing request of type CallToolRequest
2026-06-20 17:23:03 | INFO     | server.py:226 | handle_submit_report() | Report submitted for 0x00138bD67465733AE1BEDfD2105a6ffa83AF97D8: ['overflow', 'access_control', 'dangerous_call', 'logic_error', 'replay_race']
2026-06-20 17:23:14 | INFO     | server.py:733 | _handle_request() | Processing request of type CallToolRequest
2026-06-20 17:23:16 | INFO     | server.py:421 | main() | Starting token-audit MCP server (mcp library)
2026-06-20 17:23:16 | INFO     | server.py:733 | _handle_request() | Processing request of type CallToolRequest
2026-06-20 17:23:16 | INFO     | server.py:156 | handle_setup_problem() | Setting up problem: 0x003f79D7Be15dC1aD90Ce00E6eA68F335e2B789B
2026-06-20 17:23:16 | INFO     | server.py:733 | _handle_request() | Processing request of type ListToolsRequest
2026-06-20 17:23:16 | INFO     | server.py:733 | _handle_request() | Processing request of type ListToolsRequest
2026-06-20 17:23:19 | INFO     | server.py:733 | _handle_request() | Processing request of type CallToolRequest
2026-06-20 17:23:38 | INFO     | server.py:733 | _handle_request() | Processing request of type CallToolRequest
2026-06-20 17:23:42 | INFO     | server.py:733 | _handle_request() | Processing request of type CallToolRequest
2026-06-20 17:23:42 | INFO     | server.py:226 | handle_submit_report() | Report submitted for 0x003f79D7Be15dC1aD90Ce00E6eA68F335e2B789B: ['overflow', 'access_control', 'logic_error']
2026-06-20 17:24:00 | INFO     | server.py:733 | _handle_request() | Processing request of type CallToolRequest
2026-06-20 17:24:02 | INFO     | server.py:421 | main() | Starting token-audit MCP server (mcp library)
2026-06-20 17:24:02 | INFO     | server.py:733 | _handle_request() | Processing request of type CallToolRequest
2026-06-20 17:24:02 | INFO     | server.py:156 | handle_setup_problem() | Setting up problem: 0x004Dcfc79b28Ae0D52C2C013a328f84b433a1829
2026-06-20 17:24:02 | INFO     | server.py:733 | _handle_request() | Processing request of type ListToolsRequest
2026-06-20 17:24:02 | INFO     | server.py:733 | _handle_request() | Processing request of type ListToolsRequest
2026-06-20 17:24:05 | INFO     | server.py:733 | _handle_request() | Processing request of type CallToolRequest
2026-06-20 17:24:25 | INFO     | server.py:733 | _handle_request() | Processing request of type CallToolRequest
2026-06-20 17:24:29 | INFO     | server.py:733 | _handle_request() | Processing request of type CallToolRequest
2026-06-20 17:24:29 | INFO     | server.py:226 | handle_submit_report() | Report submitted for 0x004Dcfc79b28Ae0D52C2C013a328f84b433a1829: ['logic_error', 'access_control', 'dangerous_call', 'replay_race']
2026-06-20 17:24:36 | INFO     | server.py:733 | _handle_request() | Processing request of type CallToolRequest
2026-06-23 15:29:08 | INFO     | server.py:421 | main() | Starting token-audit MCP server (mcp library)
2026-06-23 15:29:08 | INFO     | server.py:733 | _handle_request() | Processing request of type CallToolRequest
2026-06-23 15:29:08 | INFO     | server.py:156 | handle_setup_problem() | Setting up problem: 0x00138bD67465733AE1BEDfD2105a6ffa83AF97D8
2026-06-23 15:29:08 | INFO     | server.py:733 | _handle_request() | Processing request of type ListToolsRequest
2026-06-23 15:29:08 | INFO     | server.py:733 | _handle_request() | Processing request of type ListToolsRequest
2026-06-23 15:29:13 | INFO     | server.py:733 | _handle_request() | Processing request of type CallToolRequest
2026-06-23 15:29:16 | INFO     | server.py:733 | _handle_request() | Processing request of type CallToolRequest
2026-06-23 15:29:21 | INFO     | server.py:733 | _handle_request() | Processing request of type CallToolRequest
2026-06-23 15:29:43 | INFO     | server.py:733 | _handle_request() | Processing request of type CallToolRequest
2026-06-23 15:29:48 | INFO     | server.py:733 | _handle_request() | Processing request of type CallToolRequest
2026-06-23 15:29:48 | INFO     | server.py:226 | handle_submit_report() | Report submitted for 0x00138bD67465733AE1BEDfD2105a6ffa83AF97D8: ['access_control', 'dangerous_call']
2026-06-23 15:30:03 | INFO     | server.py:733 | _handle_request() | Processing request of type CallToolRequest
2026-06-23 15:30:05 | INFO     | server.py:421 | main() | Starting token-audit MCP server (mcp library)
2026-06-23 15:30:05 | INFO     | server.py:733 | _handle_request() | Processing request of type CallToolRequest
2026-06-23 15:30:05 | INFO     | server.py:156 | handle_setup_problem() | Setting up problem: 0x003f79D7Be15dC1aD90Ce00E6eA68F335e2B789B
2026-06-23 15:30:05 | INFO     | server.py:733 | _handle_request() | Processing request of type ListToolsRequest
2026-06-23 15:30:05 | INFO     | server.py:733 | _handle_request() | Processing request of type ListToolsRequest
2026-06-23 15:30:09 | INFO     | server.py:733 | _handle_request() | Processing request of type CallToolRequest
2026-06-23 15:30:25 | INFO     | server.py:733 | _handle_request() | Processing request of type CallToolRequest
2026-06-23 15:30:29 | INFO     | server.py:733 | _handle_request() | Processing request of type CallToolRequest
2026-06-23 15:30:29 | INFO     | server.py:226 | handle_submit_report() | Report submitted for 0x003f79D7Be15dC1aD90Ce00E6eA68F335e2B789B: ['overflow', 'access_control', 'logic_error']
2026-06-23 15:30:36 | INFO     | server.py:733 | _handle_request() | Processing request of type CallToolRequest
2026-06-23 15:30:38 | INFO     | server.py:421 | main() | Starting token-audit MCP server (mcp library)
2026-06-23 15:30:38 | INFO     | server.py:733 | _handle_request() | Processing request of type CallToolRequest
2026-06-23 15:30:38 | INFO     | server.py:156 | handle_setup_problem() | Setting up problem: 0x004Dcfc79b28Ae0D52C2C013a328f84b433a1829
2026-06-23 15:30:38 | INFO     | server.py:733 | _handle_request() | Processing request of type ListToolsRequest
2026-06-23 15:30:38 | INFO     | server.py:733 | _handle_request() | Processing request of type ListToolsRequest
2026-06-23 15:30:41 | INFO     | server.py:733 | _handle_request() | Processing request of type CallToolRequest
2026-06-23 15:31:04 | INFO     | server.py:733 | _handle_request() | Processing request of type CallToolRequest
2026-06-23 15:31:10 | INFO     | server.py:733 | _handle_request() | Processing request of type CallToolRequest
2026-06-23 15:31:10 | INFO     | server.py:226 | handle_submit_report() | Report submitted for 0x004Dcfc79b28Ae0D52C2C013a328f84b433a1829: ['overflow', 'access_control', 'logic_error']
2026-06-23 15:31:25 | INFO     | server.py:733 | _handle_request() | Processing request of type CallToolRequest
2026-06-23 15:35:26 | INFO     | server.py:419 | main() | Starting token-audit MCP server (mcp library)
2026-06-23 15:35:26 | INFO     | server.py:733 | _handle_request() | Processing request of type CallToolRequest
2026-06-23 15:35:26 | INFO     | server.py:156 | handle_setup_problem() | Setting up problem: 0x00138bD67465733AE1BEDfD2105a6ffa83AF97D8
2026-06-23 15:35:26 | INFO     | server.py:733 | _handle_request() | Processing request of type ListToolsRequest
2026-06-23 15:35:26 | INFO     | server.py:733 | _handle_request() | Processing request of type ListToolsRequest
2026-06-23 15:35:32 | INFO     | server.py:733 | _handle_request() | Processing request of type CallToolRequest
2026-06-23 15:35:37 | INFO     | server.py:733 | _handle_request() | Processing request of type CallToolRequest
2026-06-23 15:35:44 | INFO     | server.py:733 | _handle_request() | Processing request of type CallToolRequest
2026-06-23 15:35:50 | INFO     | server.py:733 | _handle_request() | Processing request of type CallToolRequest
2026-06-23 15:36:13 | INFO     | server.py:733 | _handle_request() | Processing request of type CallToolRequest
2026-06-23 15:36:19 | INFO     | server.py:733 | _handle_request() | Processing request of type CallToolRequest
2026-06-23 15:36:19 | INFO     | server.py:226 | handle_submit_report() | Report submitted for 0x00138bD67465733AE1BEDfD2105a6ffa83AF97D8: ['access_control', 'dangerous_call']
2026-06-23 15:36:27 | INFO     | server.py:733 | _handle_request() | Processing request of type CallToolRequest
2026-06-23 15:36:29 | INFO     | server.py:419 | main() | Starting token-audit MCP server (mcp library)
2026-06-23 15:36:29 | INFO     | server.py:733 | _handle_request() | Processing request of type CallToolRequest
2026-06-23 15:36:29 | INFO     | server.py:156 | handle_setup_problem() | Setting up problem: 0x003f79D7Be15dC1aD90Ce00E6eA68F335e2B789B
2026-06-23 15:36:29 | INFO     | server.py:733 | _handle_request() | Processing request of type ListToolsRequest
2026-06-23 15:36:29 | INFO     | server.py:733 | _handle_request() | Processing request of type ListToolsRequest
2026-06-23 15:36:31 | INFO     | server.py:733 | _handle_request() | Processing request of type CallToolRequest
2026-06-23 15:36:35 | INFO     | server.py:733 | _handle_request() | Processing request of type CallToolRequest
2026-06-23 15:36:39 | INFO     | server.py:733 | _handle_request() | Processing request of type CallToolRequest
2026-06-23 15:36:43 | INFO     | server.py:733 | _handle_request() | Processing request of type CallToolRequest
2026-06-23 15:36:48 | INFO     | server.py:733 | _handle_request() | Processing request of type CallToolRequest
2026-06-23 15:36:52 | INFO     | server.py:733 | _handle_request() | Processing request of type CallToolRequest
2026-06-23 15:36:57 | INFO     | server.py:733 | _handle_request() | Processing request of type CallToolRequest
2026-06-23 15:37:14 | INFO     | server.py:733 | _handle_request() | Processing request of type CallToolRequest
2026-06-23 15:37:14 | INFO     | server.py:226 | handle_submit_report() | Report submitted for 0x003f79D7Be15dC1aD90Ce00E6eA68F335e2B789B: ['overflow']
2026-06-23 15:37:20 | INFO     | server.py:733 | _handle_request() | Processing request of type CallToolRequest
2026-06-23 15:37:22 | INFO     | server.py:419 | main() | Starting token-audit MCP server (mcp library)
2026-06-23 15:37:22 | INFO     | server.py:733 | _handle_request() | Processing request of type CallToolRequest
2026-06-23 15:37:22 | INFO     | server.py:156 | handle_setup_problem() | Setting up problem: 0x004Dcfc79b28Ae0D52C2C013a328f84b433a1829
2026-06-23 15:37:22 | INFO     | server.py:733 | _handle_request() | Processing request of type ListToolsRequest
2026-06-23 15:37:22 | INFO     | server.py:733 | _handle_request() | Processing request of type ListToolsRequest
2026-06-23 15:37:24 | INFO     | server.py:733 | _handle_request() | Processing request of type CallToolRequest
2026-06-23 15:37:43 | INFO     | server.py:733 | _handle_request() | Processing request of type CallToolRequest
2026-06-23 15:37:49 | INFO     | server.py:733 | _handle_request() | Processing request of type CallToolRequest
2026-06-23 15:37:49 | INFO     | server.py:226 | handle_submit_report() | Report submitted for 0x004Dcfc79b28Ae0D52C2C013a328f84b433a1829: ['overflow', 'access_control', 'dangerous_call']
2026-06-23 15:38:22 | INFO     | server.py:733 | _handle_request() | Processing request of type CallToolRequest
2026-06-23 16:00:34 | INFO     | server.py:419 | main() | Starting token-audit MCP server (mcp library)
2026-06-23 16:00:34 | INFO     | server.py:733 | _handle_request() | Processing request of type CallToolRequest
2026-06-23 16:00:34 | INFO     | server.py:156 | handle_setup_problem() | Setting up problem: 0x00138bD67465733AE1BEDfD2105a6ffa83AF97D8
2026-06-23 16:00:34 | INFO     | server.py:733 | _handle_request() | Processing request of type ListToolsRequest
2026-06-23 16:00:34 | INFO     | server.py:733 | _handle_request() | Processing request of type ListToolsRequest
2026-06-23 16:00:36 | INFO     | server.py:419 | main() | Starting token-audit MCP server (mcp library)
2026-06-23 16:00:36 | INFO     | server.py:733 | _handle_request() | Processing request of type CallToolRequest
2026-06-23 16:00:36 | INFO     | server.py:156 | handle_setup_problem() | Setting up problem: 0x003f79D7Be15dC1aD90Ce00E6eA68F335e2B789B
2026-06-23 16:00:36 | INFO     | server.py:733 | _handle_request() | Processing request of type ListToolsRequest
2026-06-23 16:00:36 | INFO     | server.py:733 | _handle_request() | Processing request of type ListToolsRequest
2026-06-23 16:00:37 | INFO     | server.py:733 | _handle_request() | Processing request of type CallToolRequest
2026-06-23 16:00:38 | INFO     | server.py:419 | main() | Starting token-audit MCP server (mcp library)
2026-06-23 16:00:38 | INFO     | server.py:733 | _handle_request() | Processing request of type CallToolRequest
2026-06-23 16:00:38 | INFO     | server.py:156 | handle_setup_problem() | Setting up problem: 0x004Dcfc79b28Ae0D52C2C013a328f84b433a1829
2026-06-23 16:00:38 | INFO     | server.py:733 | _handle_request() | Processing request of type ListToolsRequest
2026-06-23 16:00:38 | INFO     | server.py:733 | _handle_request() | Processing request of type ListToolsRequest
2026-06-23 16:00:38 | INFO     | server.py:733 | _handle_request() | Processing request of type CallToolRequest
2026-06-23 16:00:39 | INFO     | server.py:419 | main() | Starting token-audit MCP server (mcp library)
2026-06-23 16:00:39 | INFO     | server.py:733 | _handle_request() | Processing request of type CallToolRequest
2026-06-23 16:00:39 | INFO     | server.py:156 | handle_setup_problem() | Setting up problem: 0x0156888F51d68F858AC88aBa45DF699e2af2E4Cc
2026-06-23 16:00:39 | INFO     | server.py:733 | _handle_request() | Processing request of type ListToolsRequest
2026-06-23 16:00:39 | INFO     | server.py:733 | _handle_request() | Processing request of type ListToolsRequest
2026-06-23 16:00:41 | INFO     | server.py:733 | _handle_request() | Processing request of type CallToolRequest
2026-06-23 16:00:41 | INFO     | server.py:419 | main() | Starting token-audit MCP server (mcp library)
2026-06-23 16:00:41 | INFO     | server.py:733 | _handle_request() | Processing request of type CallToolRequest
2026-06-23 16:00:41 | INFO     | server.py:156 | handle_setup_problem() | Setting up problem: 0x01982364172d4C429372F37ACE5d47FE4f71F862
2026-06-23 16:00:41 | INFO     | server.py:733 | _handle_request() | Processing request of type ListToolsRequest
2026-06-23 16:00:41 | INFO     | server.py:733 | _handle_request() | Processing request of type ListToolsRequest
2026-06-23 16:00:43 | INFO     | server.py:733 | _handle_request() | Processing request of type CallToolRequest
2026-06-23 16:00:43 | INFO     | server.py:733 | _handle_request() | Processing request of type CallToolRequest
2026-06-23 16:00:46 | INFO     | server.py:733 | _handle_request() | Processing request of type CallToolRequest
2026-06-23 16:00:48 | INFO     | server.py:733 | _handle_request() | Processing request of type CallToolRequest
2026-06-23 16:00:49 | INFO     | server.py:733 | _handle_request() | Processing request of type CallToolRequest
2026-06-23 16:00:56 | INFO     | server.py:733 | _handle_request() | Processing request of type CallToolRequest
2026-06-23 16:01:01 | INFO     | server.py:733 | _handle_request() | Processing request of type CallToolRequest
2026-06-23 16:01:05 | INFO     | server.py:733 | _handle_request() | Processing request of type CallToolRequest
2026-06-23 16:01:07 | INFO     | server.py:733 | _handle_request() | Processing request of type CallToolRequest
2026-06-23 16:01:09 | INFO     | server.py:733 | _handle_request() | Processing request of type CallToolRequest
2026-06-23 16:01:12 | INFO     | server.py:733 | _handle_request() | Processing request of type CallToolRequest
2026-06-23 16:01:12 | INFO     | server.py:226 | handle_submit_report() | Report submitted for 0x004Dcfc79b28Ae0D52C2C013a328f84b433a1829: ['access_control', 'dangerous_call', 'logic_error']
2026-06-23 16:01:14 | INFO     | server.py:733 | _handle_request() | Processing request of type CallToolRequest
2026-06-23 16:01:15 | INFO     | server.py:733 | _handle_request() | Processing request of type CallToolRequest
2026-06-23 16:01:17 | INFO     | server.py:733 | _handle_request() | Processing request of type CallToolRequest
2026-06-23 16:01:19 | INFO     | server.py:733 | _handle_request() | Processing request of type CallToolRequest
2026-06-23 16:01:21 | INFO     | server.py:733 | _handle_request() | Processing request of type CallToolRequest
2026-06-23 16:01:21 | INFO     | server.py:226 | handle_submit_report() | Report submitted for 0x00138bD67465733AE1BEDfD2105a6ffa83AF97D8: ['overflow', 'access_control', 'dangerous_call', 'logic_error', 'replay_race']
2026-06-23 16:01:23 | INFO     | server.py:733 | _handle_request() | Processing request of type CallToolRequest
2026-06-23 16:01:23 | INFO     | server.py:226 | handle_submit_report() | Report submitted for 0x01982364172d4C429372F37ACE5d47FE4f71F862: ['overflow', 'access_control', 'dangerous_call', 'logic_error', 'replay_race']
2026-06-23 16:01:25 | INFO     | server.py:733 | _handle_request() | Processing request of type CallToolRequest
2026-06-23 16:01:25 | INFO     | server.py:733 | _handle_request() | Processing request of type CallToolRequest
2026-06-23 16:01:25 | INFO     | server.py:226 | handle_submit_report() | Report submitted for 0x0156888F51d68F858AC88aBa45DF699e2af2E4Cc: ['overflow', 'access_control', 'dangerous_call', 'logic_error', 'replay_race']
2026-06-23 16:01:29 | INFO     | server.py:733 | _handle_request() | Processing request of type CallToolRequest
2026-06-23 16:01:30 | INFO     | server.py:733 | _handle_request() | Processing request of type CallToolRequest
2026-06-23 16:01:30 | INFO     | server.py:733 | _handle_request() | Processing request of type CallToolRequest
2026-06-23 16:01:31 | INFO     | server.py:419 | main() | Starting token-audit MCP server (mcp library)
2026-06-23 16:01:31 | INFO     | server.py:733 | _handle_request() | Processing request of type CallToolRequest
2026-06-23 16:01:31 | INFO     | server.py:156 | handle_setup_problem() | Setting up problem: 0x01F2AcF2914860331C1Cb1a9AcecDa7475e06Af8
2026-06-23 16:01:31 | INFO     | server.py:733 | _handle_request() | Processing request of type ListToolsRequest
2026-06-23 16:01:31 | INFO     | server.py:733 | _handle_request() | Processing request of type ListToolsRequest
2026-06-23 16:01:34 | INFO     | server.py:419 | main() | Starting token-audit MCP server (mcp library)
2026-06-23 16:01:34 | INFO     | server.py:733 | _handle_request() | Processing request of type CallToolRequest
2026-06-23 16:01:34 | INFO     | server.py:156 | handle_setup_problem() | Setting up problem: 0x01bbec6573ed7EcA0f307a10d2B4CEB669816B4a
2026-06-23 16:01:34 | INFO     | server.py:733 | _handle_request() | Processing request of type ListToolsRequest
2026-06-23 16:01:34 | INFO     | server.py:733 | _handle_request() | Processing request of type ListToolsRequest
2026-06-23 16:01:36 | INFO     | server.py:733 | _handle_request() | Processing request of type CallToolRequest
2026-06-23 16:01:39 | INFO     | server.py:733 | _handle_request() | Processing request of type CallToolRequest
2026-06-23 16:01:40 | INFO     | server.py:733 | _handle_request() | Processing request of type CallToolRequest
2026-06-23 16:01:41 | INFO     | server.py:733 | _handle_request() | Processing request of type CallToolRequest
2026-06-23 16:01:43 | INFO     | server.py:419 | main() | Starting token-audit MCP server (mcp library)
2026-06-23 16:01:43 | INFO     | server.py:733 | _handle_request() | Processing request of type CallToolRequest
2026-06-23 16:01:43 | INFO     | server.py:156 | handle_setup_problem() | Setting up problem: 0x025abAD9e518516fdaAFBDcdB9701b37fb7eF0FA
2026-06-23 16:01:43 | INFO     | server.py:733 | _handle_request() | Processing request of type ListToolsRequest
2026-06-23 16:01:43 | INFO     | server.py:733 | _handle_request() | Processing request of type ListToolsRequest
2026-06-23 16:01:47 | INFO     | server.py:733 | _handle_request() | Processing request of type CallToolRequest
2026-06-23 16:01:51 | INFO     | server.py:733 | _handle_request() | Processing request of type CallToolRequest
2026-06-23 16:01:52 | INFO     | server.py:733 | _handle_request() | Processing request of type CallToolRequest
2026-06-23 16:01:58 | INFO     | server.py:733 | _handle_request() | Processing request of type CallToolRequest
2026-06-23 16:01:58 | INFO     | server.py:733 | _handle_request() | Processing request of type CallToolRequest
2026-06-23 16:02:03 | INFO     | server.py:733 | _handle_request() | Processing request of type CallToolRequest
2026-06-23 16:02:05 | INFO     | server.py:733 | _handle_request() | Processing request of type CallToolRequest
2026-06-23 16:02:10 | INFO     | server.py:733 | _handle_request() | Processing request of type CallToolRequest
2026-06-23 16:02:11 | INFO     | server.py:733 | _handle_request() | Processing request of type CallToolRequest
2026-06-23 16:02:12 | INFO     | server.py:733 | _handle_request() | Processing request of type CallToolRequest
2026-06-23 16:02:13 | INFO     | server.py:419 | main() | Starting token-audit MCP server (mcp library)
2026-06-23 16:02:13 | INFO     | server.py:733 | _handle_request() | Processing request of type CallToolRequest
2026-06-23 16:02:13 | INFO     | server.py:156 | handle_setup_problem() | Setting up problem: 0x0298d4D15bC4294386b05E5185D3833fC76924B3
2026-06-23 16:02:13 | INFO     | server.py:733 | _handle_request() | Processing request of type ListToolsRequest
2026-06-23 16:02:13 | INFO     | server.py:733 | _handle_request() | Processing request of type ListToolsRequest
2026-06-23 16:02:16 | INFO     | server.py:733 | _handle_request() | Processing request of type CallToolRequest
2026-06-23 16:02:17 | INFO     | server.py:733 | _handle_request() | Processing request of type CallToolRequest
2026-06-23 16:02:21 | INFO     | server.py:733 | _handle_request() | Processing request of type CallToolRequest
2026-06-23 16:02:21 | INFO     | server.py:226 | handle_submit_report() | Report submitted for 0x01F2AcF2914860331C1Cb1a9AcecDa7475e06Af8: ['overflow', 'access_control', 'dangerous_call', 'logic_error', 'replay_race']
2026-06-23 16:02:21 | INFO     | server.py:733 | _handle_request() | Processing request of type CallToolRequest
2026-06-23 16:02:27 | INFO     | server.py:733 | _handle_request() | Processing request of type CallToolRequest
2026-06-23 16:02:28 | INFO     | server.py:733 | _handle_request() | Processing request of type CallToolRequest
2026-06-23 16:02:28 | INFO     | server.py:419 | main() | Starting token-audit MCP server (mcp library)
2026-06-23 16:02:28 | INFO     | server.py:733 | _handle_request() | Processing request of type CallToolRequest
2026-06-23 16:02:28 | INFO     | server.py:156 | handle_setup_problem() | Setting up problem: 0x02c41cdE8a11fcf333277f2Bc543eb2B0925809c
2026-06-23 16:02:28 | INFO     | server.py:733 | _handle_request() | Processing request of type ListToolsRequest
2026-06-23 16:02:28 | INFO     | server.py:733 | _handle_request() | Processing request of type ListToolsRequest
2026-06-23 16:02:30 | INFO     | server.py:733 | _handle_request() | Processing request of type CallToolRequest
2026-06-23 16:02:31 | INFO     | server.py:419 | main() | Starting token-audit MCP server (mcp library)
2026-06-23 16:02:31 | INFO     | server.py:733 | _handle_request() | Processing request of type CallToolRequest
2026-06-23 16:02:31 | INFO     | server.py:156 | handle_setup_problem() | Setting up problem: 0x040a05E50007873f8D527B2e4E63C41Bf723665d
2026-06-23 16:02:31 | INFO     | server.py:733 | _handle_request() | Processing request of type ListToolsRequest
2026-06-23 16:02:31 | INFO     | server.py:733 | _handle_request() | Processing request of type ListToolsRequest
2026-06-23 16:02:33 | INFO     | server.py:733 | _handle_request() | Processing request of type CallToolRequest
2026-06-23 16:02:34 | INFO     | server.py:733 | _handle_request() | Processing request of type CallToolRequest
2026-06-23 16:02:36 | INFO     | server.py:733 | _handle_request() | Processing request of type CallToolRequest
2026-06-23 16:02:39 | INFO     | server.py:733 | _handle_request() | Processing request of type CallToolRequest
2026-06-23 16:02:42 | INFO     | server.py:733 | _handle_request() | Processing request of type CallToolRequest
2026-06-23 16:02:44 | INFO     | server.py:733 | _handle_request() | Processing request of type CallToolRequest
2026-06-23 16:02:46 | INFO     | server.py:733 | _handle_request() | Processing request of type CallToolRequest
2026-06-23 16:02:53 | INFO     | server.py:733 | _handle_request() | Processing request of type CallToolRequest
2026-06-23 16:02:54 | INFO     | server.py:733 | _handle_request() | Processing request of type CallToolRequest
2026-06-23 16:02:54 | INFO     | server.py:226 | handle_submit_report() | Report submitted for 0x01bbec6573ed7EcA0f307a10d2B4CEB669816B4a: ['overflow', 'access_control', 'dangerous_call', 'logic_error', 'replay_race']
2026-06-23 16:02:58 | INFO     | server.py:733 | _handle_request() | Processing request of type CallToolRequest
2026-06-23 16:02:59 | INFO     | server.py:733 | _handle_request() | Processing request of type CallToolRequest
2026-06-23 16:02:59 | INFO     | server.py:733 | _handle_request() | Processing request of type CallToolRequest
2026-06-23 16:03:00 | INFO     | server.py:419 | main() | Starting token-audit MCP server (mcp library)
2026-06-23 16:03:00 | INFO     | server.py:733 | _handle_request() | Processing request of type CallToolRequest
2026-06-23 16:03:00 | INFO     | server.py:156 | handle_setup_problem() | Setting up problem: 0x041B3eb05560Ba2670DEF3Cc5eeC2AeEF8e5D14b
2026-06-23 16:03:00 | INFO     | server.py:733 | _handle_request() | Processing request of type ListToolsRequest
2026-06-23 16:03:01 | INFO     | server.py:733 | _handle_request() | Processing request of type ListToolsRequest
2026-06-23 16:03:02 | INFO     | server.py:733 | _handle_request() | Processing request of type CallToolRequest
2026-06-23 16:03:04 | INFO     | server.py:733 | _handle_request() | Processing request of type CallToolRequest
2026-06-23 16:03:05 | INFO     | server.py:733 | _handle_request() | Processing request of type CallToolRequest
2026-06-23 16:03:06 | INFO     | server.py:733 | _handle_request() | Processing request of type CallToolRequest
2026-06-23 16:03:06 | INFO     | server.py:226 | handle_submit_report() | Report submitted for 0x0298d4D15bC4294386b05E5185D3833fC76924B3: ['access_control', 'dangerous_call', 'logic_error', 'replay_race']
2026-06-23 16:03:08 | INFO     | server.py:733 | _handle_request() | Processing request of type CallToolRequest
2026-06-23 16:03:08 | INFO     | server.py:226 | handle_submit_report() | Report submitted for 0x02c41cdE8a11fcf333277f2Bc543eb2B0925809c: ['overflow', 'access_control', 'dangerous_call', 'logic_error', 'replay_race']
2026-06-23 16:03:08 | INFO     | server.py:733 | _handle_request() | Processing request of type CallToolRequest
2026-06-23 16:03:11 | INFO     | server.py:733 | _handle_request() | Processing request of type CallToolRequest
2026-06-23 16:03:12 | INFO     | server.py:733 | _handle_request() | Processing request of type CallToolRequest
2026-06-23 16:03:12 | INFO     | server.py:733 | _handle_request() | Processing request of type CallToolRequest
2026-06-23 16:03:14 | INFO     | server.py:419 | main() | Starting token-audit MCP server (mcp library)
2026-06-23 16:03:14 | INFO     | server.py:733 | _handle_request() | Processing request of type CallToolRequest
2026-06-23 16:03:14 | INFO     | server.py:156 | handle_setup_problem() | Setting up problem: 0x047187e53477be70DBe8Ea5B799318f2e165052F
2026-06-23 16:03:14 | INFO     | server.py:733 | _handle_request() | Processing request of type ListToolsRequest
2026-06-23 16:03:14 | INFO     | server.py:733 | _handle_request() | Processing request of type ListToolsRequest
2026-06-23 16:03:15 | INFO     | server.py:733 | _handle_request() | Processing request of type CallToolRequest
2026-06-23 16:03:17 | INFO     | server.py:733 | _handle_request() | Processing request of type CallToolRequest
2026-06-23 16:03:18 | INFO     | server.py:733 | _handle_request() | Processing request of type CallToolRequest
2026-06-23 16:03:18 | INFO     | server.py:226 | handle_submit_report() | Report submitted for 0x040a05E50007873f8D527B2e4E63C41Bf723665d: ['access_control', 'logic_error', 'replay_race']
2026-06-23 16:03:18 | INFO     | server.py:733 | _handle_request() | Processing request of type CallToolRequest
2026-06-23 16:03:19 | INFO     | server.py:733 | _handle_request() | Processing request of type CallToolRequest
2026-06-23 16:03:22 | INFO     | server.py:733 | _handle_request() | Processing request of type CallToolRequest
2026-06-23 16:03:26 | INFO     | server.py:733 | _handle_request() | Processing request of type CallToolRequest
2026-06-23 16:03:29 | INFO     | server.py:733 | _handle_request() | Processing request of type CallToolRequest
2026-06-23 16:03:30 | INFO     | server.py:733 | _handle_request() | Processing request of type CallToolRequest
2026-06-23 16:03:31 | INFO     | server.py:419 | main() | Starting token-audit MCP server (mcp library)
2026-06-23 16:03:31 | INFO     | server.py:733 | _handle_request() | Processing request of type CallToolRequest
2026-06-23 16:03:31 | INFO     | server.py:156 | handle_setup_problem() | Setting up problem: 0x06308B924dC8Fe805BD28d3170B7c8b9909E4EBa
2026-06-23 16:03:31 | INFO     | server.py:733 | _handle_request() | Processing request of type ListToolsRequest
2026-06-23 16:03:31 | INFO     | server.py:733 | _handle_request() | Processing request of type ListToolsRequest
2026-06-23 16:03:33 | INFO     | server.py:733 | _handle_request() | Processing request of type CallToolRequest
2026-06-23 16:03:35 | INFO     | server.py:733 | _handle_request() | Processing request of type CallToolRequest
2026-06-23 16:03:37 | INFO     | server.py:733 | _handle_request() | Processing request of type CallToolRequest
2026-06-23 16:03:37 | INFO     | server.py:733 | _handle_request() | Processing request of type CallToolRequest
2026-06-23 16:03:39 | INFO     | server.py:419 | main() | Starting token-audit MCP server (mcp library)
2026-06-23 16:03:39 | INFO     | server.py:733 | _handle_request() | Processing request of type CallToolRequest
2026-06-23 16:03:39 | INFO     | server.py:156 | handle_setup_problem() | Setting up problem: 0x066420fF2aF331b3F7c1a5925121e068c69614dF
2026-06-23 16:03:39 | INFO     | server.py:733 | _handle_request() | Processing request of type ListToolsRequest
2026-06-23 16:03:39 | INFO     | server.py:733 | _handle_request() | Processing request of type ListToolsRequest
2026-06-23 16:03:39 | INFO     | server.py:733 | _handle_request() | Processing request of type CallToolRequest
2026-06-23 16:03:40 | INFO     | server.py:733 | _handle_request() | Processing request of type CallToolRequest
2026-06-23 16:03:44 | INFO     | server.py:733 | _handle_request() | Processing request of type CallToolRequest
2026-06-23 16:03:46 | INFO     | server.py:733 | _handle_request() | Processing request of type CallToolRequest
2026-06-23 16:03:46 | INFO     | server.py:733 | _handle_request() | Processing request of type CallToolRequest
2026-06-23 16:03:46 | INFO     | server.py:733 | _handle_request() | Processing request of type CallToolRequest
2026-06-23 16:03:52 | INFO     | server.py:733 | _handle_request() | Processing request of type CallToolRequest
2026-06-23 16:03:53 | INFO     | server.py:733 | _handle_request() | Processing request of type CallToolRequest
2026-06-23 16:03:54 | INFO     | server.py:733 | _handle_request() | Processing request of type CallToolRequest
2026-06-23 16:03:58 | INFO     | server.py:733 | _handle_request() | Processing request of type CallToolRequest
2026-06-23 16:04:00 | INFO     | server.py:733 | _handle_request() | Processing request of type CallToolRequest
2026-06-23 16:04:00 | INFO     | server.py:733 | _handle_request() | Processing request of type CallToolRequest
2026-06-23 16:04:01 | INFO     | server.py:733 | _handle_request() | Processing request of type CallToolRequest
2026-06-23 16:04:03 | INFO     | server.py:733 | _handle_request() | Processing request of type CallToolRequest
2026-06-23 16:04:06 | INFO     | server.py:733 | _handle_request() | Processing request of type CallToolRequest
2026-06-23 16:04:08 | INFO     | server.py:733 | _handle_request() | Processing request of type CallToolRequest
2026-06-23 16:04:09 | INFO     | server.py:733 | _handle_request() | Processing request of type CallToolRequest
2026-06-23 16:04:09 | INFO     | server.py:226 | handle_submit_report() | Report submitted for 0x047187e53477be70DBe8Ea5B799318f2e165052F: ['overflow', 'access_control', 'dangerous_call', 'logic_error', 'replay_race']
2026-06-23 16:04:10 | INFO     | server.py:733 | _handle_request() | Processing request of type CallToolRequest
2026-06-23 16:04:13 | INFO     | server.py:733 | _handle_request() | Processing request of type CallToolRequest
2026-06-23 16:04:15 | INFO     | server.py:733 | _handle_request() | Processing request of type CallToolRequest
2026-06-23 16:04:17 | INFO     | server.py:733 | _handle_request() | Processing request of type CallToolRequest
2026-06-23 16:04:19 | INFO     | server.py:733 | _handle_request() | Processing request of type CallToolRequest
2026-06-23 16:04:20 | INFO     | server.py:733 | _handle_request() | Processing request of type CallToolRequest
2026-06-23 16:04:20 | INFO     | server.py:419 | main() | Starting token-audit MCP server (mcp library)
2026-06-23 16:04:20 | INFO     | server.py:733 | _handle_request() | Processing request of type CallToolRequest
2026-06-23 16:04:20 | INFO     | server.py:156 | handle_setup_problem() | Setting up problem: 0x0675DAa94725A528b05A3A88635C03EA964BFA7E
2026-06-23 16:04:21 | INFO     | server.py:733 | _handle_request() | Processing request of type ListToolsRequest
2026-06-23 16:04:21 | INFO     | server.py:733 | _handle_request() | Processing request of type ListToolsRequest
2026-06-23 16:04:21 | INFO     | server.py:733 | _handle_request() | Processing request of type CallToolRequest
2026-06-23 16:04:21 | INFO     | server.py:226 | handle_submit_report() | Report submitted for 0x066420fF2aF331b3F7c1a5925121e068c69614dF: ['overflow', 'access_control', 'dangerous_call', 'logic_error', 'replay_race']
2026-06-23 16:04:21 | INFO     | server.py:733 | _handle_request() | Processing request of type CallToolRequest
2026-06-23 16:04:25 | INFO     | server.py:733 | _handle_request() | Processing request of type CallToolRequest
2026-06-23 16:04:26 | INFO     | server.py:733 | _handle_request() | Processing request of type CallToolRequest
2026-06-23 16:04:28 | INFO     | server.py:733 | _handle_request() | Processing request of type CallToolRequest
2026-06-23 16:04:28 | INFO     | server.py:733 | _handle_request() | Processing request of type CallToolRequest
2026-06-23 16:04:29 | INFO     | server.py:733 | _handle_request() | Processing request of type CallToolRequest
2026-06-23 16:04:30 | INFO     | server.py:419 | main() | Starting token-audit MCP server (mcp library)
2026-06-23 16:04:30 | INFO     | server.py:733 | _handle_request() | Processing request of type CallToolRequest
2026-06-23 16:04:30 | INFO     | server.py:156 | handle_setup_problem() | Setting up problem: 0x0763EA00a235DaDdFf3Ed5B0F03ff414577E0173
2026-06-23 16:04:30 | INFO     | server.py:733 | _handle_request() | Processing request of type ListToolsRequest
2026-06-23 16:04:30 | INFO     | server.py:733 | _handle_request() | Processing request of type ListToolsRequest
2026-06-23 16:04:30 | INFO     | server.py:733 | _handle_request() | Processing request of type CallToolRequest
2026-06-23 16:04:30 | INFO     | server.py:733 | _handle_request() | Processing request of type CallToolRequest
2026-06-23 16:04:33 | INFO     | server.py:733 | _handle_request() | Processing request of type CallToolRequest
2026-06-23 16:04:35 | INFO     | server.py:733 | _handle_request() | Processing request of type CallToolRequest
2026-06-23 16:04:37 | INFO     | server.py:733 | _handle_request() | Processing request of type CallToolRequest
2026-06-23 16:04:45 | INFO     | server.py:733 | _handle_request() | Processing request of type CallToolRequest
2026-06-23 16:04:46 | INFO     | server.py:733 | _handle_request() | Processing request of type CallToolRequest
2026-06-23 16:04:46 | INFO     | server.py:226 | handle_submit_report() | Report submitted for 0x041B3eb05560Ba2670DEF3Cc5eeC2AeEF8e5D14b: ['access_control', 'logic_error', 'replay_race']
2026-06-23 16:04:51 | INFO     | server.py:733 | _handle_request() | Processing request of type CallToolRequest
2026-06-23 16:04:52 | INFO     | server.py:733 | _handle_request() | Processing request of type CallToolRequest
2026-06-23 16:04:57 | INFO     | server.py:733 | _handle_request() | Processing request of type CallToolRequest
2026-06-23 16:04:58 | INFO     | server.py:733 | _handle_request() | Processing request of type CallToolRequest
2026-06-23 16:05:00 | INFO     | server.py:419 | main() | Starting token-audit MCP server (mcp library)
2026-06-23 16:05:00 | INFO     | server.py:733 | _handle_request() | Processing request of type CallToolRequest
2026-06-23 16:05:00 | INFO     | server.py:156 | handle_setup_problem() | Setting up problem: 0x086D6C602E769599143637cA1F2D71d0E8db59Ce
2026-06-23 16:05:00 | INFO     | server.py:733 | _handle_request() | Processing request of type ListToolsRequest
2026-06-23 16:05:00 | INFO     | server.py:733 | _handle_request() | Processing request of type ListToolsRequest
2026-06-23 16:05:01 | INFO     | server.py:733 | _handle_request() | Processing request of type CallToolRequest
2026-06-23 16:05:01 | INFO     | server.py:226 | handle_submit_report() | Report submitted for 0x025abAD9e518516fdaAFBDcdB9701b37fb7eF0FA: ['access_control']
2026-06-23 16:05:05 | INFO     | server.py:733 | _handle_request() | Processing request of type CallToolRequest
2026-06-23 16:05:05 | INFO     | server.py:733 | _handle_request() | Processing request of type CallToolRequest
2026-06-23 16:05:06 | INFO     | server.py:733 | _handle_request() | Processing request of type CallToolRequest
2026-06-23 16:05:09 | INFO     | server.py:733 | _handle_request() | Processing request of type CallToolRequest
2026-06-23 16:05:11 | INFO     | server.py:733 | _handle_request() | Processing request of type CallToolRequest
2026-06-23 16:05:11 | INFO     | server.py:226 | handle_submit_report() | Report submitted for 0x0675DAa94725A528b05A3A88635C03EA964BFA7E: ['logic_error']
2026-06-23 16:05:13 | INFO     | server.py:733 | _handle_request() | Processing request of type CallToolRequest
2026-06-23 16:05:13 | INFO     | server.py:733 | _handle_request() | Processing request of type CallToolRequest
2026-06-23 16:05:15 | INFO     | server.py:419 | main() | Starting token-audit MCP server (mcp library)
2026-06-23 16:05:15 | INFO     | server.py:733 | _handle_request() | Processing request of type CallToolRequest
2026-06-23 16:05:15 | INFO     | server.py:156 | handle_setup_problem() | Setting up problem: 0x090fC358FA1a992C083590c7dd33Ad5208A02e9d
2026-06-23 16:05:15 | INFO     | server.py:733 | _handle_request() | Processing request of type ListToolsRequest
2026-06-23 16:05:15 | INFO     | server.py:733 | _handle_request() | Processing request of type ListToolsRequest
2026-06-23 16:05:15 | INFO     | server.py:733 | _handle_request() | Processing request of type CallToolRequest
2026-06-23 16:05:15 | INFO     | server.py:226 | handle_submit_report() | Report submitted for 0x0763EA00a235DaDdFf3Ed5B0F03ff414577E0173: ['overflow', 'access_control', 'dangerous_call', 'logic_error', 'replay_race']
2026-06-23 16:05:19 | INFO     | server.py:733 | _handle_request() | Processing request of type CallToolRequest
2026-06-23 16:05:19 | INFO     | server.py:733 | _handle_request() | Processing request of type CallToolRequest
2026-06-23 16:05:20 | INFO     | server.py:733 | _handle_request() | Processing request of type CallToolRequest
2026-06-23 16:05:22 | INFO     | server.py:419 | main() | Starting token-audit MCP server (mcp library)
2026-06-23 16:05:22 | INFO     | server.py:733 | _handle_request() | Processing request of type CallToolRequest
2026-06-23 16:05:22 | INFO     | server.py:156 | handle_setup_problem() | Setting up problem: 0x093e5C256Ff8B32c7F1377f4C20e331674C77F00
2026-06-23 16:05:22 | INFO     | server.py:733 | _handle_request() | Processing request of type ListToolsRequest
2026-06-23 16:05:22 | INFO     | server.py:733 | _handle_request() | Processing request of type ListToolsRequest
2026-06-23 16:05:26 | INFO     | server.py:733 | _handle_request() | Processing request of type CallToolRequest
2026-06-23 16:05:26 | INFO     | server.py:733 | _handle_request() | Processing request of type CallToolRequest
2026-06-23 16:05:27 | INFO     | server.py:733 | _handle_request() | Processing request of type CallToolRequest
2026-06-23 16:05:30 | INFO     | server.py:733 | _handle_request() | Processing request of type CallToolRequest
2026-06-23 16:05:31 | INFO     | server.py:733 | _handle_request() | Processing request of type CallToolRequest
2026-06-23 16:05:32 | INFO     | server.py:419 | main() | Starting token-audit MCP server (mcp library)
2026-06-23 16:05:32 | INFO     | server.py:733 | _handle_request() | Processing request of type CallToolRequest
2026-06-23 16:05:32 | INFO     | server.py:156 | handle_setup_problem() | Setting up problem: 0x0B4cE72A70e87BEe66e0f43E9c861366e9D7DE19
2026-06-23 16:05:32 | INFO     | server.py:733 | _handle_request() | Processing request of type ListToolsRequest
2026-06-23 16:05:32 | INFO     | server.py:733 | _handle_request() | Processing request of type ListToolsRequest
2026-06-23 16:05:32 | INFO     | server.py:733 | _handle_request() | Processing request of type CallToolRequest
2026-06-23 16:05:34 | INFO     | server.py:733 | _handle_request() | Processing request of type CallToolRequest
2026-06-23 16:05:37 | INFO     | server.py:733 | _handle_request() | Processing request of type CallToolRequest
2026-06-23 16:05:39 | INFO     | server.py:733 | _handle_request() | Processing request of type CallToolRequest
2026-06-23 16:05:42 | INFO     | server.py:733 | _handle_request() | Processing request of type CallToolRequest
2026-06-23 16:05:45 | INFO     | server.py:733 | _handle_request() | Processing request of type CallToolRequest
2026-06-23 16:05:49 | INFO     | server.py:733 | _handle_request() | Processing request of type CallToolRequest
2026-06-23 16:05:52 | INFO     | server.py:733 | _handle_request() | Processing request of type CallToolRequest
2026-06-23 16:05:52 | INFO     | server.py:733 | _handle_request() | Processing request of type CallToolRequest
2026-06-23 16:05:56 | INFO     | server.py:733 | _handle_request() | Processing request of type CallToolRequest
2026-06-23 16:05:57 | INFO     | server.py:733 | _handle_request() | Processing request of type CallToolRequest
2026-06-23 16:05:59 | INFO     | server.py:733 | _handle_request() | Processing request of type CallToolRequest
2026-06-23 16:05:59 | INFO     | server.py:226 | handle_submit_report() | Report submitted for 0x086D6C602E769599143637cA1F2D71d0E8db59Ce: ['logic_error', 'dangerous_call']
2026-06-23 16:06:00 | INFO     | server.py:733 | _handle_request() | Processing request of type CallToolRequest
2026-06-23 16:06:02 | INFO     | server.py:733 | _handle_request() | Processing request of type CallToolRequest
2026-06-23 16:06:02 | INFO     | server.py:226 | handle_submit_report() | Report submitted for 0x093e5C256Ff8B32c7F1377f4C20e331674C77F00: ['access_control', 'logic_error']
2026-06-23 16:06:04 | INFO     | server.py:733 | _handle_request() | Processing request of type CallToolRequest
2026-06-23 16:06:07 | INFO     | server.py:733 | _handle_request() | Processing request of type CallToolRequest
2026-06-23 16:06:08 | INFO     | server.py:733 | _handle_request() | Processing request of type CallToolRequest
2026-06-23 16:06:09 | INFO     | server.py:733 | _handle_request() | Processing request of type CallToolRequest
2026-06-23 16:06:10 | INFO     | server.py:419 | main() | Starting token-audit MCP server (mcp library)
2026-06-23 16:06:10 | INFO     | server.py:733 | _handle_request() | Processing request of type CallToolRequest
2026-06-23 16:06:10 | INFO     | server.py:156 | handle_setup_problem() | Setting up problem: 0x0BDBc0748bA09fBE9e9ED5938532E41446c2f033
2026-06-23 16:06:10 | INFO     | server.py:733 | _handle_request() | Processing request of type ListToolsRequest
2026-06-23 16:06:10 | INFO     | server.py:733 | _handle_request() | Processing request of type ListToolsRequest
2026-06-23 16:06:11 | INFO     | server.py:733 | _handle_request() | Processing request of type CallToolRequest
2026-06-23 16:06:13 | INFO     | server.py:733 | _handle_request() | Processing request of type CallToolRequest
2026-06-23 16:06:14 | INFO     | server.py:733 | _handle_request() | Processing request of type CallToolRequest
2026-06-23 16:06:14 | INFO     | server.py:733 | _handle_request() | Processing request of type CallToolRequest
2026-06-23 16:06:14 | INFO     | server.py:226 | handle_submit_report() | Report submitted for 0x0B4cE72A70e87BEe66e0f43E9c861366e9D7DE19: ['overflow', 'access_control', 'dangerous_call', 'logic_error', 'replay_race']
2026-06-23 16:06:16 | INFO     | server.py:733 | _handle_request() | Processing request of type CallToolRequest
2026-06-23 16:06:19 | INFO     | server.py:733 | _handle_request() | Processing request of type CallToolRequest
2026-06-23 16:06:19 | INFO     | server.py:733 | _handle_request() | Processing request of type CallToolRequest
2026-06-23 16:06:20 | INFO     | server.py:733 | _handle_request() | Processing request of type CallToolRequest
2026-06-23 16:06:21 | INFO     | server.py:419 | main() | Starting token-audit MCP server (mcp library)
2026-06-23 16:06:21 | INFO     | server.py:733 | _handle_request() | Processing request of type CallToolRequest
2026-06-23 16:06:21 | INFO     | server.py:156 | handle_setup_problem() | Setting up problem: 0x0D324B2e732c35162b99BAFc63E35b16E6ec54cD
2026-06-23 16:06:21 | INFO     | server.py:733 | _handle_request() | Processing request of type ListToolsRequest
2026-06-23 16:06:21 | INFO     | server.py:733 | _handle_request() | Processing request of type ListToolsRequest
2026-06-23 16:06:21 | INFO     | server.py:733 | _handle_request() | Processing request of type CallToolRequest
2026-06-23 16:06:22 | INFO     | server.py:733 | _handle_request() | Processing request of type CallToolRequest
2026-06-23 16:06:23 | INFO     | server.py:419 | main() | Starting token-audit MCP server (mcp library)
2026-06-23 16:06:24 | INFO     | server.py:733 | _handle_request() | Processing request of type CallToolRequest
2026-06-23 16:06:24 | INFO     | server.py:156 | handle_setup_problem() | Setting up problem: 0x0D44b2757F1b6C742Ff8707F6eb298A7DA1981af
2026-06-23 16:06:24 | INFO     | server.py:733 | _handle_request() | Processing request of type ListToolsRequest
2026-06-23 16:06:24 | INFO     | server.py:733 | _handle_request() | Processing request of type ListToolsRequest
2026-06-23 16:06:24 | INFO     | server.py:733 | _handle_request() | Processing request of type CallToolRequest
2026-06-23 16:06:26 | INFO     | server.py:733 | _handle_request() | Processing request of type CallToolRequest
2026-06-23 16:06:26 | INFO     | server.py:733 | _handle_request() | Processing request of type CallToolRequest
2026-06-23 16:06:27 | INFO     | server.py:733 | _handle_request() | Processing request of type CallToolRequest
2026-06-23 16:06:29 | INFO     | server.py:733 | _handle_request() | Processing request of type CallToolRequest
2026-06-23 16:06:31 | INFO     | server.py:733 | _handle_request() | Processing request of type CallToolRequest
2026-06-23 16:06:32 | INFO     | server.py:733 | _handle_request() | Processing request of type CallToolRequest
2026-06-23 16:06:33 | INFO     | server.py:733 | _handle_request() | Processing request of type CallToolRequest
2026-06-23 16:06:35 | INFO     | server.py:733 | _handle_request() | Processing request of type CallToolRequest
2026-06-23 16:06:37 | INFO     | server.py:733 | _handle_request() | Processing request of type CallToolRequest
2026-06-23 16:06:42 | INFO     | server.py:733 | _handle_request() | Processing request of type CallToolRequest
2026-06-23 16:06:44 | INFO     | server.py:733 | _handle_request() | Processing request of type CallToolRequest
2026-06-23 16:06:45 | INFO     | server.py:733 | _handle_request() | Processing request of type CallToolRequest
2026-06-23 16:06:47 | INFO     | server.py:733 | _handle_request() | Processing request of type CallToolRequest
2026-06-23 16:06:51 | INFO     | server.py:733 | _handle_request() | Processing request of type CallToolRequest
2026-06-23 16:06:52 | INFO     | server.py:733 | _handle_request() | Processing request of type CallToolRequest
2026-06-23 16:06:52 | INFO     | server.py:733 | _handle_request() | Processing request of type CallToolRequest
2026-06-23 16:06:57 | INFO     | server.py:733 | _handle_request() | Processing request of type CallToolRequest
2026-06-23 16:06:58 | INFO     | server.py:733 | _handle_request() | Processing request of type CallToolRequest
2026-06-23 16:06:58 | INFO     | server.py:733 | _handle_request() | Processing request of type CallToolRequest
2026-06-23 16:06:59 | INFO     | server.py:733 | _handle_request() | Processing request of type CallToolRequest
2026-06-23 16:07:01 | INFO     | server.py:733 | _handle_request() | Processing request of type CallToolRequest
2026-06-23 16:07:04 | INFO     | server.py:733 | _handle_request() | Processing request of type CallToolRequest
2026-06-23 16:07:04 | INFO     | server.py:226 | handle_submit_report() | Report submitted for 0x0D324B2e732c35162b99BAFc63E35b16E6ec54cD: ['replay_race', 'access_control', 'logic_error']
2026-06-23 16:07:04 | INFO     | server.py:733 | _handle_request() | Processing request of type CallToolRequest
2026-06-23 16:07:05 | INFO     | server.py:733 | _handle_request() | Processing request of type CallToolRequest
2026-06-23 16:07:06 | INFO     | server.py:733 | _handle_request() | Processing request of type CallToolRequest
2026-06-23 16:07:06 | INFO     | server.py:226 | handle_submit_report() | Report submitted for 0x0D44b2757F1b6C742Ff8707F6eb298A7DA1981af: ['access_control', 'dangerous_call']
2026-06-23 16:07:07 | INFO     | server.py:733 | _handle_request() | Processing request of type CallToolRequest
2026-06-23 16:07:10 | INFO     | server.py:733 | _handle_request() | Processing request of type CallToolRequest
2026-06-23 16:07:11 | INFO     | server.py:733 | _handle_request() | Processing request of type CallToolRequest
2026-06-23 16:07:13 | INFO     | server.py:733 | _handle_request() | Processing request of type CallToolRequest
2026-06-23 16:07:16 | INFO     | server.py:733 | _handle_request() | Processing request of type CallToolRequest
2026-06-23 16:07:17 | INFO     | server.py:733 | _handle_request() | Processing request of type CallToolRequest
2026-06-23 16:07:17 | INFO     | server.py:733 | _handle_request() | Processing request of type CallToolRequest
2026-06-23 16:07:18 | INFO     | server.py:419 | main() | Starting token-audit MCP server (mcp library)
2026-06-23 16:07:18 | INFO     | server.py:733 | _handle_request() | Processing request of type CallToolRequest
2026-06-23 16:07:18 | INFO     | server.py:156 | handle_setup_problem() | Setting up problem: 0x0D6f4cef46F23877A930C2d782cc275C978bC1eE
2026-06-23 16:07:18 | INFO     | server.py:733 | _handle_request() | Processing request of type ListToolsRequest
2026-06-23 16:07:18 | INFO     | server.py:733 | _handle_request() | Processing request of type ListToolsRequest
2026-06-23 16:07:21 | INFO     | server.py:733 | _handle_request() | Processing request of type CallToolRequest
2026-06-23 16:07:22 | INFO     | server.py:733 | _handle_request() | Processing request of type CallToolRequest
2026-06-23 16:07:22 | INFO     | server.py:733 | _handle_request() | Processing request of type CallToolRequest
2026-06-23 16:07:28 | INFO     | server.py:733 | _handle_request() | Processing request of type CallToolRequest
2026-06-23 16:07:30 | INFO     | server.py:733 | _handle_request() | Processing request of type CallToolRequest
2026-06-23 16:07:30 | INFO     | server.py:733 | _handle_request() | Processing request of type CallToolRequest
2026-06-23 16:07:31 | INFO     | server.py:419 | main() | Starting token-audit MCP server (mcp library)
2026-06-23 16:07:31 | INFO     | server.py:733 | _handle_request() | Processing request of type CallToolRequest
2026-06-23 16:07:31 | INFO     | server.py:156 | handle_setup_problem() | Setting up problem: 0x0DAf4CD0d8F3132Ca5eb256aBbE03d45DbbAf7C4
2026-06-23 16:07:31 | INFO     | server.py:733 | _handle_request() | Processing request of type ListToolsRequest
2026-06-23 16:07:31 | INFO     | server.py:733 | _handle_request() | Processing request of type ListToolsRequest
2026-06-23 16:07:33 | INFO     | server.py:733 | _handle_request() | Processing request of type CallToolRequest
2026-06-23 16:07:35 | INFO     | server.py:733 | _handle_request() | Processing request of type CallToolRequest
2026-06-23 16:07:36 | INFO     | server.py:733 | _handle_request() | Processing request of type CallToolRequest
2026-06-23 16:07:37 | INFO     | server.py:733 | _handle_request() | Processing request of type CallToolRequest
2026-06-23 16:07:41 | INFO     | server.py:733 | _handle_request() | Processing request of type CallToolRequest
2026-06-23 16:07:42 | INFO     | server.py:733 | _handle_request() | Processing request of type CallToolRequest
2026-06-23 16:07:42 | INFO     | server.py:733 | _handle_request() | Processing request of type CallToolRequest
2026-06-23 16:07:44 | INFO     | server.py:733 | _handle_request() | Processing request of type CallToolRequest
2026-06-23 16:07:46 | INFO     | server.py:733 | _handle_request() | Processing request of type CallToolRequest
2026-06-23 16:07:49 | INFO     | server.py:733 | _handle_request() | Processing request of type CallToolRequest
2026-06-23 16:07:50 | INFO     | server.py:733 | _handle_request() | Processing request of type CallToolRequest
2026-06-23 16:07:51 | INFO     | server.py:733 | _handle_request() | Processing request of type CallToolRequest
2026-06-23 16:07:51 | INFO     | server.py:226 | handle_submit_report() | Report submitted for 0x06308B924dC8Fe805BD28d3170B7c8b9909E4EBa: ['overflow', 'access_control', 'dangerous_call', 'logic_error', 'replay_race']
2026-06-23 16:07:52 | INFO     | server.py:733 | _handle_request() | Processing request of type CallToolRequest
2026-06-23 16:07:54 | INFO     | server.py:733 | _handle_request() | Processing request of type CallToolRequest
2026-06-23 16:07:55 | INFO     | server.py:733 | _handle_request() | Processing request of type CallToolRequest
2026-06-23 16:08:00 | INFO     | server.py:733 | _handle_request() | Processing request of type CallToolRequest
2026-06-23 16:08:00 | INFO     | server.py:733 | _handle_request() | Processing request of type CallToolRequest
2026-06-23 16:08:01 | INFO     | server.py:419 | main() | Starting token-audit MCP server (mcp library)
2026-06-23 16:08:01 | INFO     | server.py:733 | _handle_request() | Processing request of type CallToolRequest
2026-06-23 16:08:01 | INFO     | server.py:156 | handle_setup_problem() | Setting up problem: 0x0Ec4207AA379dFcd9239e987530b95a55178e5eB
2026-06-23 16:08:01 | INFO     | server.py:733 | _handle_request() | Processing request of type ListToolsRequest
2026-06-23 16:08:01 | INFO     | server.py:733 | _handle_request() | Processing request of type ListToolsRequest
2026-06-23 16:08:02 | INFO     | server.py:733 | _handle_request() | Processing request of type CallToolRequest
2026-06-23 16:08:02 | INFO     | server.py:226 | handle_submit_report() | Report submitted for 0x0D6f4cef46F23877A930C2d782cc275C978bC1eE: ['access_control', 'logic_error', 'replay_race']
2026-06-23 16:08:03 | INFO     | server.py:733 | _handle_request() | Processing request of type CallToolRequest
2026-06-23 16:08:05 | INFO     | server.py:733 | _handle_request() | Processing request of type CallToolRequest
2026-06-23 16:08:08 | INFO     | server.py:733 | _handle_request() | Processing request of type CallToolRequest
2026-06-23 16:08:11 | INFO     | server.py:733 | _handle_request() | Processing request of type CallToolRequest
2026-06-23 16:08:15 | INFO     | server.py:733 | _handle_request() | Processing request of type CallToolRequest
2026-06-23 16:08:15 | INFO     | server.py:733 | _handle_request() | Processing request of type CallToolRequest
2026-06-23 16:08:18 | INFO     | server.py:733 | _handle_request() | Processing request of type CallToolRequest
2026-06-23 16:08:21 | INFO     | server.py:733 | _handle_request() | Processing request of type CallToolRequest
2026-06-23 16:08:21 | INFO     | server.py:733 | _handle_request() | Processing request of type CallToolRequest
2026-06-23 16:08:21 | INFO     | server.py:226 | handle_submit_report() | Report submitted for 0x0BDBc0748bA09fBE9e9ED5938532E41446c2f033: ['access_control', 'logic_error']
2026-06-23 16:08:24 | INFO     | server.py:733 | _handle_request() | Processing request of type CallToolRequest
2026-06-23 16:08:25 | INFO     | server.py:733 | _handle_request() | Processing request of type CallToolRequest
2026-06-23 16:08:31 | INFO     | server.py:733 | _handle_request() | Processing request of type CallToolRequest
2026-06-23 16:08:32 | INFO     | server.py:733 | _handle_request() | Processing request of type CallToolRequest
2026-06-23 16:08:38 | INFO     | server.py:733 | _handle_request() | Processing request of type CallToolRequest
2026-06-23 16:08:39 | INFO     | server.py:733 | _handle_request() | Processing request of type CallToolRequest
2026-06-23 16:08:39 | INFO     | server.py:419 | main() | Starting token-audit MCP server (mcp library)
2026-06-23 16:08:39 | INFO     | server.py:733 | _handle_request() | Processing request of type CallToolRequest
2026-06-23 16:08:39 | INFO     | server.py:156 | handle_setup_problem() | Setting up problem: 0x10c0337c42843E0b8CE743d7D5fF39b711f3aD82
2026-06-23 16:08:39 | INFO     | server.py:733 | _handle_request() | Processing request of type ListToolsRequest
2026-06-23 16:08:39 | INFO     | server.py:733 | _handle_request() | Processing request of type ListToolsRequest
2026-06-23 16:08:40 | INFO     | server.py:733 | _handle_request() | Processing request of type CallToolRequest
2026-06-23 16:08:41 | INFO     | server.py:419 | main() | Starting token-audit MCP server (mcp library)
2026-06-23 16:08:41 | INFO     | server.py:733 | _handle_request() | Processing request of type CallToolRequest
2026-06-23 16:08:41 | INFO     | server.py:156 | handle_setup_problem() | Setting up problem: 0x113058C101b2D78e001D4a7D2174a66b5ff3A4A7
2026-06-23 16:08:41 | INFO     | server.py:733 | _handle_request() | Processing request of type ListToolsRequest
2026-06-23 16:08:41 | INFO     | server.py:733 | _handle_request() | Processing request of type ListToolsRequest
2026-06-23 16:08:41 | INFO     | server.py:733 | _handle_request() | Processing request of type CallToolRequest
2026-06-23 16:08:44 | INFO     | server.py:733 | _handle_request() | Processing request of type CallToolRequest
2026-06-23 16:08:44 | INFO     | server.py:733 | _handle_request() | Processing request of type CallToolRequest
2026-06-23 16:08:45 | INFO     | server.py:733 | _handle_request() | Processing request of type CallToolRequest
2026-06-23 16:08:51 | INFO     | server.py:733 | _handle_request() | Processing request of type CallToolRequest
2026-06-23 16:08:52 | INFO     | server.py:733 | _handle_request() | Processing request of type CallToolRequest
2026-06-23 16:08:55 | INFO     | server.py:733 | _handle_request() | Processing request of type CallToolRequest
2026-06-23 16:08:55 | INFO     | server.py:733 | _handle_request() | Processing request of type CallToolRequest
2026-06-23 16:08:56 | INFO     | server.py:733 | _handle_request() | Processing request of type CallToolRequest
2026-06-23 16:08:58 | INFO     | server.py:733 | _handle_request() | Processing request of type CallToolRequest
2026-06-23 16:09:02 | INFO     | server.py:733 | _handle_request() | Processing request of type CallToolRequest
2026-06-23 16:09:02 | INFO     | server.py:733 | _handle_request() | Processing request of type CallToolRequest
2026-06-23 16:09:02 | INFO     | server.py:226 | handle_submit_report() | Report submitted for 0x0Ec4207AA379dFcd9239e987530b95a55178e5eB: ['access_control', 'logic_error']
2026-06-23 16:09:02 | INFO     | server.py:733 | _handle_request() | Processing request of type CallToolRequest
2026-06-23 16:09:06 | INFO     | server.py:733 | _handle_request() | Processing request of type CallToolRequest
2026-06-23 16:09:07 | INFO     | server.py:733 | _handle_request() | Processing request of type CallToolRequest
2026-06-23 16:09:09 | INFO     | server.py:733 | _handle_request() | Processing request of type CallToolRequest
2026-06-23 16:09:11 | INFO     | server.py:733 | _handle_request() | Processing request of type CallToolRequest
2026-06-23 16:09:12 | INFO     | server.py:733 | _handle_request() | Processing request of type CallToolRequest
2026-06-23 16:09:12 | INFO     | server.py:419 | main() | Starting token-audit MCP server (mcp library)
2026-06-23 16:09:12 | INFO     | server.py:733 | _handle_request() | Processing request of type CallToolRequest
2026-06-23 16:09:12 | INFO     | server.py:156 | handle_setup_problem() | Setting up problem: 0x117820a67905555D4203d6915807D39921636b8D
2026-06-23 16:09:12 | INFO     | server.py:733 | _handle_request() | Processing request of type ListToolsRequest
2026-06-23 16:09:12 | INFO     | server.py:733 | _handle_request() | Processing request of type ListToolsRequest
2026-06-23 16:09:16 | INFO     | server.py:733 | _handle_request() | Processing request of type CallToolRequest
2026-06-23 16:09:16 | INFO     | server.py:733 | _handle_request() | Processing request of type CallToolRequest
2026-06-23 16:09:17 | INFO     | server.py:733 | _handle_request() | Processing request of type CallToolRequest
2026-06-23 16:09:18 | INFO     | server.py:733 | _handle_request() | Processing request of type CallToolRequest
2026-06-23 16:09:21 | INFO     | server.py:733 | _handle_request() | Processing request of type CallToolRequest
2026-06-23 16:09:21 | INFO     | server.py:733 | _handle_request() | Processing request of type CallToolRequest
2026-06-23 16:09:25 | INFO     | server.py:733 | _handle_request() | Processing request of type CallToolRequest
2026-06-23 16:09:26 | INFO     | server.py:733 | _handle_request() | Processing request of type CallToolRequest
2026-06-23 16:09:28 | INFO     | server.py:733 | _handle_request() | Processing request of type CallToolRequest
2026-06-23 16:09:30 | INFO     | server.py:733 | _handle_request() | Processing request of type CallToolRequest
2026-06-23 16:09:30 | INFO     | server.py:226 | handle_submit_report() | Report submitted for 0x113058C101b2D78e001D4a7D2174a66b5ff3A4A7: ['overflow', 'access_control', 'dangerous_call', 'logic_error', 'replay_race']
2026-06-23 16:09:30 | INFO     | server.py:733 | _handle_request() | Processing request of type CallToolRequest
2026-06-23 16:09:32 | INFO     | server.py:733 | _handle_request() | Processing request of type CallToolRequest
2026-06-23 16:09:36 | INFO     | server.py:733 | _handle_request() | Processing request of type CallToolRequest
2026-06-23 16:09:37 | INFO     | server.py:733 | _handle_request() | Processing request of type CallToolRequest
2026-06-23 16:09:38 | INFO     | server.py:733 | _handle_request() | Processing request of type CallToolRequest
2026-06-23 16:09:38 | INFO     | server.py:419 | main() | Starting token-audit MCP server (mcp library)
2026-06-23 16:09:38 | INFO     | server.py:733 | _handle_request() | Processing request of type CallToolRequest
2026-06-23 16:09:38 | INFO     | server.py:156 | handle_setup_problem() | Setting up problem: 0x11838ECe89439C4f0224Bc7b9f76E07721d99f9e
2026-06-23 16:09:38 | INFO     | server.py:733 | _handle_request() | Processing request of type ListToolsRequest
2026-06-23 16:09:38 | INFO     | server.py:733 | _handle_request() | Processing request of type ListToolsRequest
2026-06-23 16:09:39 | INFO     | server.py:733 | _handle_request() | Processing request of type CallToolRequest
2026-06-23 16:09:40 | INFO     | server.py:733 | _handle_request() | Processing request of type CallToolRequest
2026-06-23 16:09:43 | INFO     | server.py:733 | _handle_request() | Processing request of type CallToolRequest
2026-06-23 16:09:44 | INFO     | server.py:733 | _handle_request() | Processing request of type CallToolRequest
2026-06-23 16:09:47 | INFO     | server.py:733 | _handle_request() | Processing request of type CallToolRequest
2026-06-23 16:09:47 | INFO     | server.py:733 | _handle_request() | Processing request of type CallToolRequest
2026-06-23 16:09:48 | INFO     | server.py:733 | _handle_request() | Processing request of type CallToolRequest
2026-06-23 16:09:51 | INFO     | server.py:733 | _handle_request() | Processing request of type CallToolRequest
2026-06-23 16:09:52 | INFO     | server.py:733 | _handle_request() | Processing request of type CallToolRequest
2026-06-23 16:09:54 | INFO     | server.py:733 | _handle_request() | Processing request of type CallToolRequest
2026-06-23 16:09:56 | INFO     | server.py:733 | _handle_request() | Processing request of type CallToolRequest
2026-06-23 16:09:58 | INFO     | server.py:733 | _handle_request() | Processing request of type CallToolRequest
2026-06-23 16:10:01 | INFO     | server.py:733 | _handle_request() | Processing request of type CallToolRequest
2026-06-23 16:10:02 | INFO     | server.py:733 | _handle_request() | Processing request of type CallToolRequest
2026-06-23 16:10:05 | INFO     | server.py:733 | _handle_request() | Processing request of type CallToolRequest
2026-06-23 16:10:08 | INFO     | server.py:733 | _handle_request() | Processing request of type CallToolRequest
2026-06-23 16:10:09 | INFO     | server.py:733 | _handle_request() | Processing request of type CallToolRequest
2026-06-23 16:10:10 | INFO     | server.py:733 | _handle_request() | Processing request of type CallToolRequest
2026-06-23 16:10:13 | INFO     | server.py:733 | _handle_request() | Processing request of type CallToolRequest
2026-06-23 16:10:13 | INFO     | server.py:226 | handle_submit_report() | Report submitted for 0x11838ECe89439C4f0224Bc7b9f76E07721d99f9e: ['overflow', 'access_control', 'dangerous_call', 'logic_error', 'replay_race']
2026-06-23 16:10:16 | INFO     | server.py:733 | _handle_request() | Processing request of type CallToolRequest
2026-06-23 16:10:17 | INFO     | server.py:733 | _handle_request() | Processing request of type CallToolRequest
2026-06-23 16:10:20 | INFO     | server.py:733 | _handle_request() | Processing request of type CallToolRequest
2026-06-23 16:10:22 | INFO     | server.py:733 | _handle_request() | Processing request of type CallToolRequest
2026-06-23 16:10:23 | INFO     | server.py:733 | _handle_request() | Processing request of type CallToolRequest
2026-06-23 16:10:23 | INFO     | server.py:733 | _handle_request() | Processing request of type CallToolRequest
2026-06-23 16:10:24 | INFO     | server.py:419 | main() | Starting token-audit MCP server (mcp library)
2026-06-23 16:10:24 | INFO     | server.py:733 | _handle_request() | Processing request of type CallToolRequest
2026-06-23 16:10:24 | INFO     | server.py:156 | handle_setup_problem() | Setting up problem: 0x11D635bbba3f9B8f7C9b91cA9f315a2207cb5AD5
2026-06-23 16:10:24 | INFO     | server.py:733 | _handle_request() | Processing request of type ListToolsRequest
2026-06-23 16:10:24 | INFO     | server.py:733 | _handle_request() | Processing request of type ListToolsRequest
2026-06-23 16:10:27 | INFO     | server.py:733 | _handle_request() | Processing request of type CallToolRequest
2026-06-23 16:10:29 | INFO     | server.py:733 | _handle_request() | Processing request of type CallToolRequest
2026-06-23 16:10:29 | INFO     | server.py:733 | _handle_request() | Processing request of type CallToolRequest
2026-06-23 16:10:29 | INFO     | server.py:733 | _handle_request() | Processing request of type CallToolRequest
2026-06-23 16:10:30 | INFO     | server.py:733 | _handle_request() | Processing request of type CallToolRequest
2026-06-23 16:10:32 | INFO     | server.py:733 | _handle_request() | Processing request of type CallToolRequest
2026-06-23 16:10:34 | INFO     | server.py:733 | _handle_request() | Processing request of type CallToolRequest
2026-06-23 16:10:35 | INFO     | server.py:733 | _handle_request() | Processing request of type CallToolRequest
2026-06-23 16:10:35 | INFO     | server.py:733 | _handle_request() | Processing request of type CallToolRequest
2026-06-23 16:10:35 | INFO     | server.py:226 | handle_submit_report() | Report submitted for 0x117820a67905555D4203d6915807D39921636b8D: ['overflow', 'access_control', 'dangerous_call', 'logic_error', 'replay_race']
2026-06-23 16:10:38 | INFO     | server.py:733 | _handle_request() | Processing request of type CallToolRequest
2026-06-23 16:10:39 | INFO     | server.py:733 | _handle_request() | Processing request of type CallToolRequest
2026-06-23 16:10:42 | INFO     | server.py:733 | _handle_request() | Processing request of type CallToolRequest
2026-06-23 16:10:45 | INFO     | server.py:733 | _handle_request() | Processing request of type CallToolRequest
2026-06-23 16:10:47 | INFO     | server.py:733 | _handle_request() | Processing request of type CallToolRequest
2026-06-23 16:10:47 | INFO     | server.py:733 | _handle_request() | Processing request of type CallToolRequest
2026-06-23 16:10:48 | INFO     | server.py:733 | _handle_request() | Processing request of type CallToolRequest
2026-06-23 16:10:52 | INFO     | server.py:733 | _handle_request() | Processing request of type CallToolRequest
2026-06-23 16:10:53 | INFO     | server.py:733 | _handle_request() | Processing request of type CallToolRequest
2026-06-23 16:10:54 | INFO     | server.py:733 | _handle_request() | Processing request of type CallToolRequest
2026-06-23 16:10:55 | INFO     | server.py:733 | _handle_request() | Processing request of type CallToolRequest
2026-06-23 16:10:55 | INFO     | server.py:419 | main() | Starting token-audit MCP server (mcp library)
2026-06-23 16:10:55 | INFO     | server.py:733 | _handle_request() | Processing request of type CallToolRequest
2026-06-23 16:10:55 | INFO     | server.py:156 | handle_setup_problem() | Setting up problem: 0x123aB195DD38B1b40510d467a6a359b201af056f
2026-06-23 16:10:55 | INFO     | server.py:733 | _handle_request() | Processing request of type ListToolsRequest
2026-06-23 16:10:55 | INFO     | server.py:733 | _handle_request() | Processing request of type ListToolsRequest
2026-06-23 16:10:57 | INFO     | server.py:733 | _handle_request() | Processing request of type CallToolRequest
2026-06-23 16:10:58 | INFO     | server.py:733 | _handle_request() | Processing request of type CallToolRequest
2026-06-23 16:10:59 | INFO     | server.py:733 | _handle_request() | Processing request of type CallToolRequest
2026-06-23 16:11:00 | INFO     | server.py:733 | _handle_request() | Processing request of type CallToolRequest
2026-06-23 16:11:00 | INFO     | server.py:733 | _handle_request() | Processing request of type CallToolRequest
2026-06-23 16:11:03 | INFO     | server.py:733 | _handle_request() | Processing request of type CallToolRequest
2026-06-23 16:11:03 | INFO     | server.py:733 | _handle_request() | Processing request of type CallToolRequest
2026-06-23 16:11:05 | INFO     | server.py:733 | _handle_request() | Processing request of type CallToolRequest
2026-06-23 16:11:06 | INFO     | server.py:733 | _handle_request() | Processing request of type CallToolRequest
2026-06-23 16:11:06 | INFO     | server.py:733 | _handle_request() | Processing request of type CallToolRequest
2026-06-23 16:11:11 | INFO     | server.py:733 | _handle_request() | Processing request of type CallToolRequest
2026-06-23 16:11:11 | INFO     | server.py:733 | _handle_request() | Processing request of type CallToolRequest
2026-06-23 16:11:14 | INFO     | server.py:733 | _handle_request() | Processing request of type CallToolRequest
2026-06-23 16:11:14 | INFO     | server.py:733 | _handle_request() | Processing request of type CallToolRequest
2026-06-23 16:11:14 | INFO     | server.py:733 | _handle_request() | Processing request of type CallToolRequest
2026-06-23 16:11:17 | INFO     | server.py:733 | _handle_request() | Processing request of type CallToolRequest
2026-06-23 16:11:18 | INFO     | server.py:733 | _handle_request() | Processing request of type CallToolRequest
2026-06-23 16:11:20 | INFO     | server.py:733 | _handle_request() | Processing request of type CallToolRequest
2026-06-23 16:11:20 | INFO     | server.py:226 | handle_submit_report() | Report submitted for 0x123aB195DD38B1b40510d467a6a359b201af056f: ['overflow', 'access_control', 'replay_race']
2026-06-23 16:11:20 | INFO     | server.py:733 | _handle_request() | Processing request of type CallToolRequest
2026-06-23 16:11:21 | INFO     | server.py:733 | _handle_request() | Processing request of type CallToolRequest
2026-06-23 16:11:24 | INFO     | server.py:733 | _handle_request() | Processing request of type CallToolRequest
2026-06-23 16:11:27 | INFO     | server.py:733 | _handle_request() | Processing request of type CallToolRequest
2026-06-23 16:11:29 | INFO     | server.py:733 | _handle_request() | Processing request of type CallToolRequest
2026-06-23 16:11:29 | INFO     | server.py:733 | _handle_request() | Processing request of type CallToolRequest
2026-06-23 16:11:30 | INFO     | server.py:733 | _handle_request() | Processing request of type CallToolRequest
2026-06-23 16:11:34 | INFO     | server.py:733 | _handle_request() | Processing request of type CallToolRequest
2026-06-23 16:11:35 | INFO     | server.py:733 | _handle_request() | Processing request of type CallToolRequest
2026-06-23 16:11:36 | INFO     | server.py:733 | _handle_request() | Processing request of type CallToolRequest
2026-06-23 16:11:36 | INFO     | server.py:733 | _handle_request() | Processing request of type CallToolRequest
2026-06-23 16:11:37 | INFO     | server.py:419 | main() | Starting token-audit MCP server (mcp library)
2026-06-23 16:11:37 | INFO     | server.py:733 | _handle_request() | Processing request of type CallToolRequest
2026-06-23 16:11:37 | INFO     | server.py:156 | handle_setup_problem() | Setting up problem: 0x129AcF3033AdF867E186141Ed182EAfD39596436
2026-06-23 16:11:37 | INFO     | server.py:733 | _handle_request() | Processing request of type ListToolsRequest
2026-06-23 16:11:37 | INFO     | server.py:733 | _handle_request() | Processing request of type ListToolsRequest
2026-06-23 16:11:41 | INFO     | server.py:733 | _handle_request() | Processing request of type CallToolRequest
2026-06-23 16:11:42 | INFO     | server.py:733 | _handle_request() | Processing request of type CallToolRequest
2026-06-23 16:11:42 | INFO     | server.py:733 | _handle_request() | Processing request of type CallToolRequest
2026-06-23 16:11:43 | INFO     | server.py:733 | _handle_request() | Processing request of type CallToolRequest
2026-06-23 16:11:48 | INFO     | server.py:733 | _handle_request() | Processing request of type CallToolRequest
2026-06-23 16:11:48 | INFO     | server.py:733 | _handle_request() | Processing request of type CallToolRequest
2026-06-23 16:11:51 | INFO     | server.py:733 | _handle_request() | Processing request of type CallToolRequest
2026-06-23 16:11:51 | INFO     | server.py:733 | _handle_request() | Processing request of type CallToolRequest
2026-06-23 16:11:54 | INFO     | server.py:733 | _handle_request() | Processing request of type CallToolRequest
2026-06-23 16:11:58 | INFO     | server.py:733 | _handle_request() | Processing request of type CallToolRequest
2026-06-23 16:11:59 | INFO     | server.py:733 | _handle_request() | Processing request of type CallToolRequest
2026-06-23 16:11:59 | INFO     | server.py:733 | _handle_request() | Processing request of type CallToolRequest
2026-06-23 16:12:01 | INFO     | server.py:733 | _handle_request() | Processing request of type CallToolRequest
2026-06-23 16:12:04 | INFO     | server.py:733 | _handle_request() | Processing request of type CallToolRequest
2026-06-23 16:12:05 | INFO     | server.py:733 | _handle_request() | Processing request of type CallToolRequest
2026-06-23 16:12:06 | INFO     | server.py:733 | _handle_request() | Processing request of type CallToolRequest
2026-06-23 16:12:06 | INFO     | server.py:733 | _handle_request() | Processing request of type CallToolRequest
2026-06-23 16:12:10 | INFO     | server.py:733 | _handle_request() | Processing request of type CallToolRequest
2026-06-23 16:12:11 | INFO     | server.py:733 | _handle_request() | Processing request of type CallToolRequest
2026-06-23 16:12:12 | INFO     | server.py:733 | _handle_request() | Processing request of type CallToolRequest
2026-06-23 16:12:15 | INFO     | server.py:733 | _handle_request() | Processing request of type CallToolRequest
2026-06-23 16:12:16 | INFO     | server.py:733 | _handle_request() | Processing request of type CallToolRequest
2026-06-23 16:12:19 | INFO     | server.py:733 | _handle_request() | Processing request of type CallToolRequest
2026-06-23 16:12:21 | INFO     | server.py:733 | _handle_request() | Processing request of type CallToolRequest
2026-06-23 16:12:22 | INFO     | server.py:733 | _handle_request() | Processing request of type CallToolRequest
2026-06-23 16:12:25 | INFO     | server.py:733 | _handle_request() | Processing request of type CallToolRequest
2026-06-23 16:12:26 | INFO     | server.py:733 | _handle_request() | Processing request of type CallToolRequest
2026-06-23 16:12:26 | INFO     | server.py:733 | _handle_request() | Processing request of type CallToolRequest
2026-06-23 16:12:27 | INFO     | server.py:733 | _handle_request() | Processing request of type CallToolRequest
2026-06-23 16:12:28 | INFO     | server.py:733 | _handle_request() | Processing request of type CallToolRequest
2026-06-23 16:12:30 | INFO     | server.py:733 | _handle_request() | Processing request of type CallToolRequest
2026-06-23 16:12:30 | INFO     | server.py:226 | handle_submit_report() | Report submitted for 0x129AcF3033AdF867E186141Ed182EAfD39596436: ['overflow', 'access_control', 'dangerous_call', 'logic_error', 'replay_race']
2026-06-23 16:12:34 | INFO     | server.py:733 | _handle_request() | Processing request of type CallToolRequest
2026-06-23 16:12:34 | INFO     | server.py:733 | _handle_request() | Processing request of type CallToolRequest
2026-06-23 16:12:35 | INFO     | server.py:733 | _handle_request() | Processing request of type CallToolRequest
2026-06-23 16:12:37 | INFO     | server.py:733 | _handle_request() | Processing request of type CallToolRequest
2026-06-23 16:12:39 | INFO     | server.py:733 | _handle_request() | Processing request of type CallToolRequest
2026-06-23 16:12:40 | INFO     | server.py:733 | _handle_request() | Processing request of type CallToolRequest
2026-06-23 16:12:40 | INFO     | server.py:733 | _handle_request() | Processing request of type CallToolRequest
2026-06-23 16:12:41 | INFO     | server.py:733 | _handle_request() | Processing request of type CallToolRequest
2026-06-23 16:12:42 | INFO     | server.py:419 | main() | Starting token-audit MCP server (mcp library)
2026-06-23 16:12:42 | INFO     | server.py:733 | _handle_request() | Processing request of type CallToolRequest
2026-06-23 16:12:42 | INFO     | server.py:156 | handle_setup_problem() | Setting up problem: 0x12CCA3373658D7D9a6d92403065377723ceB7B9b
2026-06-23 16:12:42 | INFO     | server.py:733 | _handle_request() | Processing request of type ListToolsRequest
2026-06-23 16:12:42 | INFO     | server.py:733 | _handle_request() | Processing request of type ListToolsRequest
2026-06-23 16:12:45 | INFO     | server.py:733 | _handle_request() | Processing request of type CallToolRequest
2026-06-23 16:12:45 | INFO     | server.py:733 | _handle_request() | Processing request of type CallToolRequest
2026-06-23 16:12:46 | INFO     | server.py:733 | _handle_request() | Processing request of type CallToolRequest
2026-06-23 16:12:46 | INFO     | server.py:733 | _handle_request() | Processing request of type CallToolRequest
2026-06-23 16:12:48 | INFO     | server.py:733 | _handle_request() | Processing request of type CallToolRequest
2026-06-23 16:12:51 | INFO     | server.py:733 | _handle_request() | Processing request of type CallToolRequest
2026-06-23 16:12:53 | INFO     | server.py:733 | _handle_request() | Processing request of type CallToolRequest
2026-06-23 16:12:53 | INFO     | server.py:733 | _handle_request() | Processing request of type CallToolRequest
2026-06-23 16:12:54 | INFO     | server.py:733 | _handle_request() | Processing request of type CallToolRequest
2026-06-23 16:12:56 | INFO     | server.py:733 | _handle_request() | Processing request of type CallToolRequest
2026-06-23 16:13:01 | INFO     | server.py:733 | _handle_request() | Processing request of type CallToolRequest
2026-06-23 16:13:01 | INFO     | server.py:733 | _handle_request() | Processing request of type CallToolRequest
2026-06-23 16:13:04 | INFO     | server.py:733 | _handle_request() | Processing request of type CallToolRequest
2026-06-23 16:13:05 | INFO     | server.py:733 | _handle_request() | Processing request of type CallToolRequest
2026-06-23 16:13:08 | INFO     | server.py:733 | _handle_request() | Processing request of type CallToolRequest
2026-06-23 16:13:10 | INFO     | server.py:733 | _handle_request() | Processing request of type CallToolRequest
2026-06-23 16:13:11 | INFO     | server.py:733 | _handle_request() | Processing request of type CallToolRequest
2026-06-23 16:13:13 | INFO     | server.py:733 | _handle_request() | Processing request of type CallToolRequest
2026-06-23 16:13:13 | INFO     | server.py:733 | _handle_request() | Processing request of type CallToolRequest
2026-06-23 16:13:15 | INFO     | server.py:733 | _handle_request() | Processing request of type CallToolRequest
2026-06-23 16:13:18 | INFO     | server.py:733 | _handle_request() | Processing request of type CallToolRequest
2026-06-23 16:13:19 | INFO     | server.py:733 | _handle_request() | Processing request of type CallToolRequest
2026-06-23 16:13:22 | INFO     | server.py:733 | _handle_request() | Processing request of type CallToolRequest
2026-06-23 16:13:24 | INFO     | server.py:733 | _handle_request() | Processing request of type CallToolRequest
2026-06-23 16:13:24 | INFO     | server.py:733 | _handle_request() | Processing request of type CallToolRequest
2026-06-23 16:13:26 | INFO     | server.py:733 | _handle_request() | Processing request of type CallToolRequest
2026-06-23 16:13:27 | INFO     | server.py:733 | _handle_request() | Processing request of type CallToolRequest
2026-06-23 16:13:30 | INFO     | server.py:733 | _handle_request() | Processing request of type CallToolRequest
2026-06-23 16:13:31 | INFO     | server.py:733 | _handle_request() | Processing request of type CallToolRequest
2026-06-23 16:13:32 | INFO     | server.py:733 | _handle_request() | Processing request of type CallToolRequest
2026-06-23 16:13:35 | INFO     | server.py:733 | _handle_request() | Processing request of type CallToolRequest
2026-06-23 16:13:37 | INFO     | server.py:733 | _handle_request() | Processing request of type CallToolRequest
2026-06-23 16:13:37 | INFO     | server.py:733 | _handle_request() | Processing request of type CallToolRequest
2026-06-23 16:13:39 | INFO     | server.py:733 | _handle_request() | Processing request of type CallToolRequest
2026-06-23 16:13:40 | INFO     | server.py:733 | _handle_request() | Processing request of type CallToolRequest
2026-06-23 16:13:44 | INFO     | server.py:733 | _handle_request() | Processing request of type CallToolRequest
2026-06-23 16:13:44 | INFO     | server.py:733 | _handle_request() | Processing request of type CallToolRequest
2026-06-23 16:13:47 | INFO     | server.py:733 | _handle_request() | Processing request of type CallToolRequest
2026-06-23 16:13:47 | INFO     | server.py:733 | _handle_request() | Processing request of type CallToolRequest
2026-06-23 16:13:47 | INFO     | server.py:733 | _handle_request() | Processing request of type CallToolRequest
2026-06-23 16:13:51 | INFO     | server.py:733 | _handle_request() | Processing request of type CallToolRequest
2026-06-23 16:13:51 | INFO     | server.py:733 | _handle_request() | Processing request of type CallToolRequest
2026-06-23 16:13:53 | INFO     | server.py:733 | _handle_request() | Processing request of type CallToolRequest
2026-06-23 16:13:53 | INFO     | server.py:733 | _handle_request() | Processing request of type CallToolRequest
2026-06-23 16:13:53 | INFO     | server.py:226 | handle_submit_report() | Report submitted for 0x12CCA3373658D7D9a6d92403065377723ceB7B9b: ['overflow', 'access_control', 'dangerous_call', 'logic_error', 'replay_race']
2026-06-23 16:13:53 | INFO     | server.py:733 | _handle_request() | Processing request of type CallToolRequest
2026-06-23 16:13:55 | INFO     | server.py:733 | _handle_request() | Processing request of type CallToolRequest
2026-06-23 16:13:59 | INFO     | server.py:733 | _handle_request() | Processing request of type CallToolRequest
2026-06-23 16:14:00 | INFO     | server.py:733 | _handle_request() | Processing request of type CallToolRequest
2026-06-23 16:14:00 | INFO     | server.py:733 | _handle_request() | Processing request of type CallToolRequest
2026-06-23 16:14:00 | INFO     | server.py:419 | main() | Starting token-audit MCP server (mcp library)
2026-06-23 16:14:00 | INFO     | server.py:733 | _handle_request() | Processing request of type CallToolRequest
2026-06-23 16:14:00 | INFO     | server.py:156 | handle_setup_problem() | Setting up problem: 0x12E29d7d6fD63f0f12040Fcd1bf9021919b0E4fA
2026-06-23 16:14:00 | INFO     | server.py:733 | _handle_request() | Processing request of type ListToolsRequest
2026-06-23 16:14:00 | INFO     | server.py:733 | _handle_request() | Processing request of type ListToolsRequest
2026-06-23 16:14:01 | INFO     | server.py:733 | _handle_request() | Processing request of type CallToolRequest
2026-06-23 16:14:02 | INFO     | server.py:733 | _handle_request() | Processing request of type CallToolRequest
2026-06-23 16:14:04 | INFO     | server.py:733 | _handle_request() | Processing request of type CallToolRequest
2026-06-23 16:14:06 | INFO     | server.py:733 | _handle_request() | Processing request of type CallToolRequest
2026-06-23 16:14:06 | INFO     | server.py:733 | _handle_request() | Processing request of type CallToolRequest
2026-06-23 16:14:07 | INFO     | server.py:733 | _handle_request() | Processing request of type CallToolRequest
2026-06-23 16:14:08 | INFO     | server.py:733 | _handle_request() | Processing request of type CallToolRequest
2026-06-23 16:14:10 | INFO     | server.py:733 | _handle_request() | Processing request of type CallToolRequest
2026-06-23 16:14:11 | INFO     | server.py:733 | _handle_request() | Processing request of type CallToolRequest
2026-06-23 16:14:11 | INFO     | server.py:733 | _handle_request() | Processing request of type CallToolRequest
2026-06-23 16:14:14 | INFO     | server.py:733 | _handle_request() | Processing request of type CallToolRequest
2026-06-23 16:14:14 | INFO     | server.py:733 | _handle_request() | Processing request of type CallToolRequest
2026-06-23 16:14:16 | INFO     | server.py:733 | _handle_request() | Processing request of type CallToolRequest
2026-06-23 16:14:18 | INFO     | server.py:733 | _handle_request() | Processing request of type CallToolRequest
2026-06-23 16:14:20 | INFO     | server.py:733 | _handle_request() | Processing request of type CallToolRequest
2026-06-23 16:14:21 | INFO     | server.py:733 | _handle_request() | Processing request of type CallToolRequest
2026-06-23 16:14:22 | INFO     | server.py:733 | _handle_request() | Processing request of type CallToolRequest
2026-06-23 16:14:25 | INFO     | server.py:733 | _handle_request() | Processing request of type CallToolRequest
2026-06-23 16:14:29 | INFO     | server.py:733 | _handle_request() | Processing request of type CallToolRequest
2026-06-23 16:14:29 | INFO     | server.py:733 | _handle_request() | Processing request of type CallToolRequest
2026-06-23 16:14:30 | INFO     | server.py:733 | _handle_request() | Processing request of type CallToolRequest
2026-06-23 16:14:32 | INFO     | server.py:733 | _handle_request() | Processing request of type CallToolRequest
2026-06-23 16:14:35 | INFO     | server.py:733 | _handle_request() | Processing request of type CallToolRequest
2026-06-23 16:14:37 | INFO     | server.py:733 | _handle_request() | Processing request of type CallToolRequest
2026-06-23 16:14:38 | INFO     | server.py:733 | _handle_request() | Processing request of type CallToolRequest
2026-06-23 16:14:39 | INFO     | server.py:733 | _handle_request() | Processing request of type CallToolRequest
2026-06-23 16:14:39 | INFO     | server.py:733 | _handle_request() | Processing request of type CallToolRequest
2026-06-23 16:14:43 | INFO     | server.py:733 | _handle_request() | Processing request of type CallToolRequest
2026-06-23 16:14:45 | INFO     | server.py:733 | _handle_request() | Processing request of type CallToolRequest
2026-06-23 16:14:47 | INFO     | server.py:733 | _handle_request() | Processing request of type CallToolRequest
2026-06-23 16:14:47 | INFO     | server.py:733 | _handle_request() | Processing request of type CallToolRequest
2026-06-23 16:14:48 | INFO     | server.py:733 | _handle_request() | Processing request of type CallToolRequest
2026-06-23 16:14:48 | INFO     | server.py:733 | _handle_request() | Processing request of type CallToolRequest
2026-06-23 16:14:52 | INFO     | server.py:733 | _handle_request() | Processing request of type CallToolRequest
2026-06-23 16:14:54 | INFO     | server.py:733 | _handle_request() | Processing request of type CallToolRequest
2026-06-23 16:14:54 | INFO     | server.py:733 | _handle_request() | Processing request of type CallToolRequest
2026-06-23 16:14:54 | INFO     | server.py:733 | _handle_request() | Processing request of type CallToolRequest
2026-06-23 16:14:55 | INFO     | server.py:733 | _handle_request() | Processing request of type CallToolRequest
2026-06-23 16:14:56 | INFO     | server.py:733 | _handle_request() | Processing request of type CallToolRequest
2026-06-23 16:15:03 | INFO     | server.py:733 | _handle_request() | Processing request of type CallToolRequest
2026-06-23 16:15:03 | INFO     | server.py:733 | _handle_request() | Processing request of type CallToolRequest
2026-06-23 16:15:03 | INFO     | server.py:733 | _handle_request() | Processing request of type CallToolRequest
2026-06-23 16:15:03 | INFO     | server.py:733 | _handle_request() | Processing request of type CallToolRequest
2026-06-23 16:15:03 | INFO     | server.py:733 | _handle_request() | Processing request of type CallToolRequest
2026-06-23 16:15:08 | INFO     | server.py:733 | _handle_request() | Processing request of type CallToolRequest
2026-06-23 16:15:08 | INFO     | server.py:733 | _handle_request() | Processing request of type CallToolRequest
2026-06-23 16:15:09 | INFO     | server.py:733 | _handle_request() | Processing request of type CallToolRequest
2026-06-23 16:15:10 | INFO     | server.py:733 | _handle_request() | Processing request of type CallToolRequest
2026-06-23 16:15:11 | INFO     | server.py:733 | _handle_request() | Processing request of type CallToolRequest
2026-06-23 16:15:14 | INFO     | server.py:733 | _handle_request() | Processing request of type CallToolRequest
2026-06-23 16:15:17 | INFO     | server.py:733 | _handle_request() | Processing request of type CallToolRequest
2026-06-23 16:15:18 | INFO     | server.py:733 | _handle_request() | Processing request of type CallToolRequest
2026-06-23 16:15:18 | INFO     | server.py:733 | _handle_request() | Processing request of type CallToolRequest
2026-06-23 16:15:18 | INFO     | server.py:733 | _handle_request() | Processing request of type CallToolRequest
2026-06-23 16:15:20 | INFO     | server.py:733 | _handle_request() | Processing request of type CallToolRequest
2026-06-23 16:15:23 | INFO     | server.py:733 | _handle_request() | Processing request of type CallToolRequest
2026-06-23 16:15:23 | INFO     | server.py:733 | _handle_request() | Processing request of type CallToolRequest
2026-06-23 16:15:24 | INFO     | server.py:733 | _handle_request() | Processing request of type CallToolRequest
2026-06-23 16:15:25 | INFO     | server.py:733 | _handle_request() | Processing request of type CallToolRequest
2026-06-23 16:15:25 | INFO     | server.py:733 | _handle_request() | Processing request of type CallToolRequest
2026-06-23 16:15:26 | INFO     | server.py:733 | _handle_request() | Processing request of type CallToolRequest
2026-06-23 16:15:29 | INFO     | server.py:733 | _handle_request() | Processing request of type CallToolRequest
2026-06-23 16:15:32 | INFO     | server.py:733 | _handle_request() | Processing request of type CallToolRequest
2026-06-23 16:15:33 | INFO     | server.py:733 | _handle_request() | Processing request of type CallToolRequest
2026-06-23 16:15:33 | INFO     | server.py:733 | _handle_request() | Processing request of type CallToolRequest
2026-06-23 16:15:34 | INFO     | server.py:733 | _handle_request() | Processing request of type CallToolRequest
2026-06-23 16:15:35 | INFO     | server.py:733 | _handle_request() | Processing request of type CallToolRequest
2026-06-23 16:15:36 | INFO     | server.py:733 | _handle_request() | Processing request of type CallToolRequest
2026-06-23 16:15:39 | INFO     | server.py:733 | _handle_request() | Processing request of type CallToolRequest
2026-06-23 16:15:40 | INFO     | server.py:733 | _handle_request() | Processing request of type CallToolRequest
2026-06-23 16:15:40 | INFO     | server.py:733 | _handle_request() | Processing request of type CallToolRequest
2026-06-23 16:15:41 | INFO     | server.py:733 | _handle_request() | Processing request of type CallToolRequest
2026-06-23 16:15:44 | INFO     | server.py:733 | _handle_request() | Processing request of type CallToolRequest
2026-06-23 16:15:47 | INFO     | server.py:733 | _handle_request() | Processing request of type CallToolRequest
2026-06-23 16:15:47 | INFO     | server.py:733 | _handle_request() | Processing request of type CallToolRequest
2026-06-23 16:15:49 | INFO     | server.py:733 | _handle_request() | Processing request of type CallToolRequest
2026-06-23 16:15:49 | INFO     | server.py:733 | _handle_request() | Processing request of type CallToolRequest
2026-06-23 16:15:51 | INFO     | server.py:733 | _handle_request() | Processing request of type CallToolRequest
2026-06-23 16:15:54 | INFO     | server.py:733 | _handle_request() | Processing request of type CallToolRequest
2026-06-23 16:15:55 | INFO     | server.py:733 | _handle_request() | Processing request of type CallToolRequest
2026-06-23 16:15:56 | INFO     | server.py:733 | _handle_request() | Processing request of type CallToolRequest
2026-06-23 16:15:58 | INFO     | server.py:733 | _handle_request() | Processing request of type CallToolRequest
2026-06-23 16:15:58 | INFO     | server.py:733 | _handle_request() | Processing request of type CallToolRequest
2026-06-23 16:15:59 | INFO     | server.py:733 | _handle_request() | Processing request of type CallToolRequest
2026-06-23 16:16:02 | INFO     | server.py:733 | _handle_request() | Processing request of type CallToolRequest
2026-06-23 16:16:02 | INFO     | server.py:733 | _handle_request() | Processing request of type CallToolRequest
2026-06-23 16:16:06 | INFO     | server.py:733 | _handle_request() | Processing request of type CallToolRequest
2026-06-23 16:16:06 | INFO     | server.py:733 | _handle_request() | Processing request of type CallToolRequest
2026-06-23 16:16:06 | INFO     | server.py:733 | _handle_request() | Processing request of type CallToolRequest
2026-06-23 16:16:06 | INFO     | server.py:226 | handle_submit_report() | Report submitted for 0x12E29d7d6fD63f0f12040Fcd1bf9021919b0E4fA: ['access_control', 'logic_error', 'replay_race']
2026-06-23 16:16:08 | INFO     | server.py:733 | _handle_request() | Processing request of type CallToolRequest
2026-06-23 16:16:11 | INFO     | server.py:733 | _handle_request() | Processing request of type CallToolRequest
2026-06-23 16:16:11 | INFO     | server.py:733 | _handle_request() | Processing request of type CallToolRequest
2026-06-23 16:16:12 | INFO     | server.py:733 | _handle_request() | Processing request of type CallToolRequest
2026-06-23 16:16:14 | INFO     | server.py:733 | _handle_request() | Processing request of type CallToolRequest
2026-06-23 16:16:14 | INFO     | server.py:733 | _handle_request() | Processing request of type CallToolRequest
2026-06-23 16:16:14 | INFO     | server.py:733 | _handle_request() | Processing request of type CallToolRequest
2026-06-23 16:16:16 | INFO     | server.py:419 | main() | Starting token-audit MCP server (mcp library)
2026-06-23 16:16:16 | INFO     | server.py:733 | _handle_request() | Processing request of type CallToolRequest
2026-06-23 16:16:16 | INFO     | server.py:156 | handle_setup_problem() | Setting up problem: 0x12F9cf26A436B67728480DF770416F9be5605d77
2026-06-23 16:16:16 | INFO     | server.py:733 | _handle_request() | Processing request of type ListToolsRequest
2026-06-23 16:16:16 | INFO     | server.py:733 | _handle_request() | Processing request of type ListToolsRequest
2026-06-23 16:16:18 | INFO     | server.py:733 | _handle_request() | Processing request of type CallToolRequest
2026-06-23 16:16:18 | INFO     | server.py:733 | _handle_request() | Processing request of type CallToolRequest
2026-06-23 16:16:18 | INFO     | server.py:733 | _handle_request() | Processing request of type CallToolRequest
2026-06-23 16:16:19 | INFO     | server.py:733 | _handle_request() | Processing request of type CallToolRequest
2026-06-23 16:16:20 | INFO     | server.py:733 | _handle_request() | Processing request of type CallToolRequest
2026-06-23 16:16:21 | INFO     | server.py:733 | _handle_request() | Processing request of type CallToolRequest
2026-06-23 16:16:24 | INFO     | server.py:733 | _handle_request() | Processing request of type CallToolRequest
2026-06-23 16:16:26 | INFO     | server.py:733 | _handle_request() | Processing request of type CallToolRequest
2026-06-23 16:16:28 | INFO     | server.py:733 | _handle_request() | Processing request of type CallToolRequest
2026-06-23 16:16:28 | INFO     | server.py:733 | _handle_request() | Processing request of type CallToolRequest
2026-06-23 16:16:31 | INFO     | server.py:733 | _handle_request() | Processing request of type CallToolRequest
2026-06-23 16:16:32 | INFO     | server.py:733 | _handle_request() | Processing request of type CallToolRequest
2026-06-23 16:16:36 | INFO     | server.py:733 | _handle_request() | Processing request of type CallToolRequest
2026-06-23 16:16:36 | INFO     | server.py:733 | _handle_request() | Processing request of type CallToolRequest
2026-06-23 16:16:40 | INFO     | server.py:733 | _handle_request() | Processing request of type CallToolRequest
2026-06-23 16:16:41 | INFO     | server.py:733 | _handle_request() | Processing request of type CallToolRequest
2026-06-23 16:16:44 | INFO     | server.py:733 | _handle_request() | Processing request of type CallToolRequest
2026-06-23 16:16:44 | INFO     | server.py:733 | _handle_request() | Processing request of type CallToolRequest
2026-06-23 16:16:45 | INFO     | server.py:733 | _handle_request() | Processing request of type CallToolRequest
2026-06-23 16:16:48 | INFO     | server.py:733 | _handle_request() | Processing request of type CallToolRequest
2026-06-23 16:16:49 | INFO     | server.py:733 | _handle_request() | Processing request of type CallToolRequest
2026-06-23 16:16:49 | INFO     | server.py:226 | handle_submit_report() | Report submitted for 0x10c0337c42843E0b8CE743d7D5fF39b711f3aD82: ['replay_race', 'logic_error']
2026-06-23 16:16:49 | INFO     | server.py:733 | _handle_request() | Processing request of type CallToolRequest
2026-06-23 16:16:52 | INFO     | server.py:733 | _handle_request() | Processing request of type CallToolRequest
2026-06-23 16:16:56 | INFO     | server.py:733 | _handle_request() | Processing request of type CallToolRequest
2026-06-23 16:16:56 | INFO     | server.py:733 | _handle_request() | Processing request of type CallToolRequest
2026-06-23 16:16:56 | INFO     | server.py:733 | _handle_request() | Processing request of type CallToolRequest
2026-06-23 16:16:57 | INFO     | server.py:733 | _handle_request() | Processing request of type CallToolRequest
2026-06-23 16:16:58 | INFO     | server.py:419 | main() | Starting token-audit MCP server (mcp library)
2026-06-23 16:16:58 | INFO     | server.py:733 | _handle_request() | Processing request of type CallToolRequest
2026-06-23 16:16:58 | INFO     | server.py:156 | handle_setup_problem() | Setting up problem: 0x130282173B796f75E0EB65eAF9F4d10835E1287a
2026-06-23 16:16:58 | INFO     | server.py:733 | _handle_request() | Processing request of type ListToolsRequest
2026-06-23 16:16:58 | INFO     | server.py:733 | _handle_request() | Processing request of type ListToolsRequest
2026-06-23 16:16:59 | INFO     | server.py:733 | _handle_request() | Processing request of type CallToolRequest
2026-06-23 16:17:01 | INFO     | server.py:733 | _handle_request() | Processing request of type CallToolRequest
2026-06-23 16:17:02 | INFO     | server.py:733 | _handle_request() | Processing request of type CallToolRequest
2026-06-23 16:17:03 | INFO     | server.py:733 | _handle_request() | Processing request of type CallToolRequest
2026-06-23 16:17:05 | INFO     | server.py:733 | _handle_request() | Processing request of type CallToolRequest
2026-06-23 16:17:06 | INFO     | server.py:733 | _handle_request() | Processing request of type CallToolRequest
2026-06-23 16:17:08 | INFO     | server.py:733 | _handle_request() | Processing request of type CallToolRequest
2026-06-23 16:17:09 | INFO     | server.py:733 | _handle_request() | Processing request of type CallToolRequest
2026-06-23 16:17:09 | INFO     | server.py:733 | _handle_request() | Processing request of type CallToolRequest
2026-06-23 16:17:12 | INFO     | server.py:733 | _handle_request() | Processing request of type CallToolRequest
2026-06-23 16:17:13 | INFO     | server.py:733 | _handle_request() | Processing request of type CallToolRequest
2026-06-23 16:17:14 | INFO     | server.py:733 | _handle_request() | Processing request of type CallToolRequest
2026-06-23 16:17:15 | INFO     | server.py:733 | _handle_request() | Processing request of type CallToolRequest
2026-06-23 16:17:17 | INFO     | server.py:733 | _handle_request() | Processing request of type CallToolRequest
2026-06-23 16:17:17 | INFO     | server.py:226 | handle_submit_report() | Report submitted for 0x130282173B796f75E0EB65eAF9F4d10835E1287a: ['access_control']
2026-06-23 16:17:18 | INFO     | server.py:733 | _handle_request() | Processing request of type CallToolRequest
2026-06-23 16:17:18 | INFO     | server.py:226 | handle_submit_report() | Report submitted for 0x12F9cf26A436B67728480DF770416F9be5605d77: ['overflow', 'access_control', 'dangerous_call', 'logic_error', 'replay_race']
2026-06-23 16:17:21 | INFO     | server.py:733 | _handle_request() | Processing request of type CallToolRequest
2026-06-23 16:17:21 | INFO     | server.py:733 | _handle_request() | Processing request of type CallToolRequest
2026-06-23 16:17:22 | INFO     | server.py:733 | _handle_request() | Processing request of type CallToolRequest
2026-06-23 16:17:23 | INFO     | server.py:419 | main() | Starting token-audit MCP server (mcp library)
2026-06-23 16:17:23 | INFO     | server.py:733 | _handle_request() | Processing request of type CallToolRequest
2026-06-23 16:17:23 | INFO     | server.py:156 | handle_setup_problem() | Setting up problem: 0x1400300399F6fC996a58846bC251E28282a97C2b
2026-06-23 16:17:23 | INFO     | server.py:733 | _handle_request() | Processing request of type ListToolsRequest
2026-06-23 16:17:23 | INFO     | server.py:733 | _handle_request() | Processing request of type ListToolsRequest
2026-06-23 16:17:26 | INFO     | server.py:733 | _handle_request() | Processing request of type CallToolRequest
2026-06-23 16:17:26 | INFO     | server.py:733 | _handle_request() | Processing request of type CallToolRequest
2026-06-23 16:17:26 | INFO     | server.py:733 | _handle_request() | Processing request of type CallToolRequest
2026-06-23 16:17:26 | INFO     | server.py:733 | _handle_request() | Processing request of type CallToolRequest
2026-06-23 16:17:27 | INFO     | server.py:419 | main() | Starting token-audit MCP server (mcp library)
2026-06-23 16:17:27 | INFO     | server.py:733 | _handle_request() | Processing request of type CallToolRequest
2026-06-23 16:17:27 | INFO     | server.py:156 | handle_setup_problem() | Setting up problem: 0x1443616b940AEA9fD52ADd2EbDc6966a4ac5F27d
2026-06-23 16:17:27 | INFO     | server.py:733 | _handle_request() | Processing request of type ListToolsRequest
2026-06-23 16:17:27 | INFO     | server.py:733 | _handle_request() | Processing request of type ListToolsRequest
2026-06-23 16:17:28 | INFO     | server.py:733 | _handle_request() | Processing request of type CallToolRequest
2026-06-23 16:17:30 | INFO     | server.py:733 | _handle_request() | Processing request of type CallToolRequest
2026-06-23 16:17:31 | INFO     | server.py:733 | _handle_request() | Processing request of type CallToolRequest
2026-06-23 16:17:31 | INFO     | server.py:733 | _handle_request() | Processing request of type CallToolRequest
2026-06-23 16:17:31 | INFO     | server.py:733 | _handle_request() | Processing request of type CallToolRequest
2026-06-23 16:17:34 | INFO     | server.py:733 | _handle_request() | Processing request of type CallToolRequest
2026-06-23 16:17:34 | INFO     | server.py:733 | _handle_request() | Processing request of type CallToolRequest
2026-06-23 16:17:34 | INFO     | server.py:733 | _handle_request() | Processing request of type CallToolRequest
2026-06-23 16:17:37 | INFO     | server.py:733 | _handle_request() | Processing request of type CallToolRequest
2026-06-23 16:17:41 | INFO     | server.py:733 | _handle_request() | Processing request of type CallToolRequest
2026-06-23 16:17:41 | INFO     | server.py:733 | _handle_request() | Processing request of type CallToolRequest
2026-06-23 16:17:42 | INFO     | server.py:733 | _handle_request() | Processing request of type CallToolRequest
2026-06-23 16:17:43 | INFO     | server.py:733 | _handle_request() | Processing request of type CallToolRequest
2026-06-23 16:17:48 | INFO     | server.py:733 | _handle_request() | Processing request of type CallToolRequest
2026-06-23 16:17:49 | INFO     | server.py:733 | _handle_request() | Processing request of type CallToolRequest
2026-06-23 16:17:51 | INFO     | server.py:733 | _handle_request() | Processing request of type CallToolRequest
2026-06-23 16:17:53 | INFO     | server.py:733 | _handle_request() | Processing request of type CallToolRequest
2026-06-23 16:17:56 | INFO     | server.py:733 | _handle_request() | Processing request of type CallToolRequest
2026-06-23 16:17:57 | INFO     | server.py:733 | _handle_request() | Processing request of type CallToolRequest
2026-06-23 16:17:58 | INFO     | server.py:733 | _handle_request() | Processing request of type CallToolRequest
2026-06-23 16:18:01 | INFO     | server.py:733 | _handle_request() | Processing request of type CallToolRequest
2026-06-23 16:18:05 | INFO     | server.py:733 | _handle_request() | Processing request of type CallToolRequest
2026-06-23 16:18:06 | INFO     | server.py:733 | _handle_request() | Processing request of type CallToolRequest
2026-06-23 16:18:08 | INFO     | server.py:733 | _handle_request() | Processing request of type CallToolRequest
2026-06-23 16:18:11 | INFO     | server.py:733 | _handle_request() | Processing request of type CallToolRequest
2026-06-23 16:18:11 | INFO     | server.py:226 | handle_submit_report() | Report submitted for 0x1443616b940AEA9fD52ADd2EbDc6966a4ac5F27d: ['overflow', 'access_control', 'dangerous_call', 'logic_error', 'replay_race']
2026-06-23 16:18:12 | INFO     | server.py:733 | _handle_request() | Processing request of type CallToolRequest
2026-06-23 16:18:12 | INFO     | server.py:733 | _handle_request() | Processing request of type CallToolRequest
2026-06-23 16:18:17 | INFO     | server.py:733 | _handle_request() | Processing request of type CallToolRequest
2026-06-23 16:18:17 | INFO     | server.py:733 | _handle_request() | Processing request of type CallToolRequest
2026-06-23 16:18:19 | INFO     | server.py:419 | main() | Starting token-audit MCP server (mcp library)
2026-06-23 16:18:19 | INFO     | server.py:733 | _handle_request() | Processing request of type CallToolRequest
2026-06-23 16:18:19 | INFO     | server.py:156 | handle_setup_problem() | Setting up problem: 0x14Fb4c93Fe461EC3F9F22B61aB7030F258867969
2026-06-23 16:18:19 | INFO     | server.py:733 | _handle_request() | Processing request of type ListToolsRequest
2026-06-23 16:18:19 | INFO     | server.py:733 | _handle_request() | Processing request of type ListToolsRequest
2026-06-23 16:18:21 | INFO     | server.py:733 | _handle_request() | Processing request of type CallToolRequest
2026-06-23 16:18:21 | INFO     | server.py:733 | _handle_request() | Processing request of type CallToolRequest
2026-06-23 16:18:23 | INFO     | server.py:733 | _handle_request() | Processing request of type CallToolRequest
2026-06-23 16:18:26 | INFO     | server.py:733 | _handle_request() | Processing request of type CallToolRequest
2026-06-23 16:18:26 | INFO     | server.py:226 | handle_submit_report() | Report submitted for 0x1400300399F6fC996a58846bC251E28282a97C2b: ['access_control', 'logic_error']
2026-06-23 16:18:28 | INFO     | server.py:733 | _handle_request() | Processing request of type CallToolRequest
2026-06-23 16:18:30 | INFO     | server.py:733 | _handle_request() | Processing request of type CallToolRequest
2026-06-23 16:18:34 | INFO     | server.py:733 | _handle_request() | Processing request of type CallToolRequest
2026-06-23 16:18:36 | INFO     | server.py:419 | main() | Starting token-audit MCP server (mcp library)
2026-06-23 16:18:36 | INFO     | server.py:733 | _handle_request() | Processing request of type CallToolRequest
2026-06-23 16:18:36 | INFO     | server.py:156 | handle_setup_problem() | Setting up problem: 0x14c7a2cE7482C3c66897dcAe3EEd5d62985f5E86
2026-06-23 16:18:36 | INFO     | server.py:733 | _handle_request() | Processing request of type ListToolsRequest
2026-06-23 16:18:36 | INFO     | server.py:733 | _handle_request() | Processing request of type ListToolsRequest
2026-06-23 16:18:39 | INFO     | server.py:733 | _handle_request() | Processing request of type CallToolRequest
2026-06-23 16:18:39 | INFO     | server.py:733 | _handle_request() | Processing request of type CallToolRequest
2026-06-23 16:18:39 | INFO     | server.py:733 | _handle_request() | Processing request of type CallToolRequest
2026-06-23 16:18:42 | INFO     | server.py:733 | _handle_request() | Processing request of type CallToolRequest
2026-06-23 16:18:45 | INFO     | server.py:733 | _handle_request() | Processing request of type CallToolRequest
2026-06-23 16:18:49 | INFO     | server.py:733 | _handle_request() | Processing request of type CallToolRequest
2026-06-23 16:18:49 | INFO     | server.py:226 | handle_submit_report() | Report submitted for 0x14Fb4c93Fe461EC3F9F22B61aB7030F258867969: ['access_control', 'dangerous_call', 'logic_error']
2026-06-23 16:18:51 | INFO     | server.py:733 | _handle_request() | Processing request of type CallToolRequest
2026-06-23 16:18:52 | INFO     | server.py:733 | _handle_request() | Processing request of type CallToolRequest
2026-06-23 16:18:57 | INFO     | server.py:733 | _handle_request() | Processing request of type CallToolRequest
2026-06-23 16:19:00 | INFO     | server.py:733 | _handle_request() | Processing request of type CallToolRequest
2026-06-23 16:19:09 | INFO     | server.py:733 | _handle_request() | Processing request of type CallToolRequest
2026-06-23 16:19:09 | INFO     | server.py:733 | _handle_request() | Processing request of type CallToolRequest
2026-06-23 16:19:09 | INFO     | server.py:733 | _handle_request() | Processing request of type CallToolRequest
2026-06-23 16:19:11 | INFO     | server.py:419 | main() | Starting token-audit MCP server (mcp library)
2026-06-23 16:19:11 | INFO     | server.py:733 | _handle_request() | Processing request of type CallToolRequest
2026-06-23 16:19:11 | INFO     | server.py:156 | handle_setup_problem() | Setting up problem: 0x14d9779B6585F3A7d4f768383B3cb030705dad2e
2026-06-23 16:19:11 | INFO     | server.py:733 | _handle_request() | Processing request of type ListToolsRequest
2026-06-23 16:19:11 | INFO     | server.py:733 | _handle_request() | Processing request of type ListToolsRequest
2026-06-23 16:19:14 | INFO     | server.py:733 | _handle_request() | Processing request of type CallToolRequest
2026-06-23 16:19:14 | INFO     | server.py:733 | _handle_request() | Processing request of type CallToolRequest
2026-06-23 16:19:14 | INFO     | server.py:733 | _handle_request() | Processing request of type CallToolRequest
2026-06-23 16:19:19 | INFO     | server.py:733 | _handle_request() | Processing request of type CallToolRequest
2026-06-23 16:19:23 | INFO     | server.py:733 | _handle_request() | Processing request of type CallToolRequest
2026-06-23 16:19:23 | INFO     | server.py:226 | handle_submit_report() | Report submitted for 0x14c7a2cE7482C3c66897dcAe3EEd5d62985f5E86: ['overflow', 'access_control', 'dangerous_call', 'logic_error', 'replay_race']
2026-06-23 16:19:23 | INFO     | server.py:733 | _handle_request() | Processing request of type CallToolRequest
2026-06-23 16:19:27 | INFO     | server.py:733 | _handle_request() | Processing request of type CallToolRequest
2026-06-23 16:19:31 | INFO     | server.py:733 | _handle_request() | Processing request of type CallToolRequest
2026-06-23 16:19:32 | INFO     | server.py:733 | _handle_request() | Processing request of type CallToolRequest
2026-06-23 16:19:32 | INFO     | server.py:419 | main() | Starting token-audit MCP server (mcp library)
2026-06-23 16:19:32 | INFO     | server.py:733 | _handle_request() | Processing request of type CallToolRequest
2026-06-23 16:19:32 | INFO     | server.py:156 | handle_setup_problem() | Setting up problem: 0x15aDB79e6AF601551A64060AeBBEdd39D929C5a7
2026-06-23 16:19:32 | INFO     | server.py:733 | _handle_request() | Processing request of type ListToolsRequest
2026-06-23 16:19:32 | INFO     | server.py:733 | _handle_request() | Processing request of type ListToolsRequest
2026-06-23 16:19:35 | INFO     | server.py:733 | _handle_request() | Processing request of type CallToolRequest
2026-06-23 16:19:36 | INFO     | server.py:733 | _handle_request() | Processing request of type CallToolRequest
2026-06-23 16:19:37 | INFO     | server.py:733 | _handle_request() | Processing request of type CallToolRequest
2026-06-23 16:19:39 | INFO     | server.py:733 | _handle_request() | Processing request of type CallToolRequest
2026-06-23 16:19:43 | INFO     | server.py:733 | _handle_request() | Processing request of type CallToolRequest
2026-06-23 16:19:46 | INFO     | server.py:733 | _handle_request() | Processing request of type CallToolRequest
2026-06-23 16:19:47 | INFO     | server.py:733 | _handle_request() | Processing request of type CallToolRequest
2026-06-23 16:19:54 | INFO     | server.py:733 | _handle_request() | Processing request of type CallToolRequest
2026-06-23 16:19:58 | INFO     | server.py:733 | _handle_request() | Processing request of type CallToolRequest
2026-06-23 16:19:59 | INFO     | server.py:733 | _handle_request() | Processing request of type CallToolRequest
2026-06-23 16:20:00 | INFO     | server.py:733 | _handle_request() | Processing request of type CallToolRequest
2026-06-23 16:20:05 | INFO     | server.py:733 | _handle_request() | Processing request of type CallToolRequest
2026-06-23 16:20:12 | INFO     | server.py:733 | _handle_request() | Processing request of type CallToolRequest
2026-06-23 16:20:15 | INFO     | server.py:733 | _handle_request() | Processing request of type CallToolRequest
2026-06-23 16:20:22 | INFO     | server.py:733 | _handle_request() | Processing request of type CallToolRequest
2026-06-23 16:20:28 | INFO     | server.py:733 | _handle_request() | Processing request of type CallToolRequest
2026-06-23 16:20:31 | INFO     | server.py:733 | _handle_request() | Processing request of type CallToolRequest
2026-06-23 16:20:31 | INFO     | server.py:733 | _handle_request() | Processing request of type CallToolRequest
2026-06-23 16:20:31 | INFO     | server.py:226 | handle_submit_report() | Report submitted for 0x15aDB79e6AF601551A64060AeBBEdd39D929C5a7: ['overflow', 'access_control', 'dangerous_call', 'logic_error', 'replay_race']
2026-06-23 16:20:36 | INFO     | server.py:733 | _handle_request() | Processing request of type CallToolRequest
2026-06-23 16:20:37 | INFO     | server.py:733 | _handle_request() | Processing request of type CallToolRequest
2026-06-23 16:20:37 | INFO     | server.py:226 | handle_submit_report() | Report submitted for 0x14d9779B6585F3A7d4f768383B3cb030705dad2e: ['overflow', 'access_control', 'dangerous_call', 'logic_error', 'replay_race']
2026-06-23 16:20:39 | INFO     | server.py:733 | _handle_request() | Processing request of type CallToolRequest
2026-06-23 16:20:40 | INFO     | server.py:733 | _handle_request() | Processing request of type CallToolRequest
2026-06-23 16:20:41 | INFO     | server.py:419 | main() | Starting token-audit MCP server (mcp library)
2026-06-23 16:20:41 | INFO     | server.py:733 | _handle_request() | Processing request of type CallToolRequest
2026-06-23 16:20:41 | INFO     | server.py:156 | handle_setup_problem() | Setting up problem: 0x173905A75a0244fcb20DB32DbaCfAdD3996CC702
2026-06-23 16:20:41 | INFO     | server.py:733 | _handle_request() | Processing request of type ListToolsRequest
2026-06-23 16:20:41 | INFO     | server.py:733 | _handle_request() | Processing request of type ListToolsRequest
2026-06-23 16:20:41 | INFO     | server.py:733 | _handle_request() | Processing request of type CallToolRequest
2026-06-23 16:20:44 | INFO     | server.py:733 | _handle_request() | Processing request of type CallToolRequest
2026-06-23 16:20:45 | INFO     | server.py:733 | _handle_request() | Processing request of type CallToolRequest
2026-06-23 16:20:48 | INFO     | server.py:733 | _handle_request() | Processing request of type CallToolRequest
2026-06-23 16:20:49 | INFO     | server.py:733 | _handle_request() | Processing request of type CallToolRequest
2026-06-23 16:20:49 | INFO     | server.py:419 | main() | Starting token-audit MCP server (mcp library)
2026-06-23 16:20:49 | INFO     | server.py:733 | _handle_request() | Processing request of type CallToolRequest
2026-06-23 16:20:49 | INFO     | server.py:156 | handle_setup_problem() | Setting up problem: 0x17CBA58578eecAEE898242a02eDac75b8CC17231
2026-06-23 16:20:49 | INFO     | server.py:733 | _handle_request() | Processing request of type ListToolsRequest
2026-06-23 16:20:49 | INFO     | server.py:733 | _handle_request() | Processing request of type ListToolsRequest
2026-06-23 16:20:51 | INFO     | server.py:733 | _handle_request() | Processing request of type CallToolRequest
2026-06-23 16:20:52 | INFO     | server.py:733 | _handle_request() | Processing request of type CallToolRequest
2026-06-23 16:20:53 | INFO     | server.py:733 | _handle_request() | Processing request of type CallToolRequest
2026-06-23 16:20:56 | INFO     | server.py:733 | _handle_request() | Processing request of type CallToolRequest
2026-06-23 16:21:01 | INFO     | server.py:733 | _handle_request() | Processing request of type CallToolRequest
2026-06-23 16:21:01 | INFO     | server.py:733 | _handle_request() | Processing request of type CallToolRequest
2026-06-23 16:21:04 | INFO     | server.py:733 | _handle_request() | Processing request of type CallToolRequest
2026-06-23 16:21:06 | INFO     | server.py:733 | _handle_request() | Processing request of type CallToolRequest
2026-06-23 16:21:10 | INFO     | server.py:733 | _handle_request() | Processing request of type CallToolRequest
2026-06-23 16:21:12 | INFO     | server.py:733 | _handle_request() | Processing request of type CallToolRequest
2026-06-23 16:21:16 | INFO     | server.py:733 | _handle_request() | Processing request of type CallToolRequest
2026-06-23 16:21:17 | INFO     | server.py:733 | _handle_request() | Processing request of type CallToolRequest
2026-06-23 16:21:17 | INFO     | server.py:733 | _handle_request() | Processing request of type CallToolRequest
2026-06-23 16:21:20 | INFO     | server.py:733 | _handle_request() | Processing request of type CallToolRequest
2026-06-23 16:21:21 | INFO     | server.py:733 | _handle_request() | Processing request of type CallToolRequest
2026-06-23 16:21:23 | INFO     | server.py:733 | _handle_request() | Processing request of type CallToolRequest
2026-06-23 16:21:24 | INFO     | server.py:733 | _handle_request() | Processing request of type CallToolRequest
2026-06-23 16:21:29 | INFO     | server.py:733 | _handle_request() | Processing request of type CallToolRequest
2026-06-23 16:21:29 | INFO     | server.py:733 | _handle_request() | Processing request of type CallToolRequest
2026-06-23 16:21:29 | INFO     | server.py:733 | _handle_request() | Processing request of type CallToolRequest
2026-06-23 16:21:30 | INFO     | server.py:733 | _handle_request() | Processing request of type CallToolRequest
2026-06-23 16:21:36 | INFO     | server.py:733 | _handle_request() | Processing request of type CallToolRequest
2026-06-23 16:21:37 | INFO     | server.py:733 | _handle_request() | Processing request of type CallToolRequest
2026-06-23 16:21:51 | INFO     | server.py:733 | _handle_request() | Processing request of type CallToolRequest
2026-06-23 16:21:53 | INFO     | server.py:733 | _handle_request() | Processing request of type CallToolRequest
2026-06-23 16:21:54 | INFO     | server.py:733 | _handle_request() | Processing request of type CallToolRequest
2026-06-23 16:21:58 | INFO     | server.py:733 | _handle_request() | Processing request of type CallToolRequest
2026-06-23 16:21:59 | INFO     | server.py:733 | _handle_request() | Processing request of type CallToolRequest
2026-06-23 16:21:59 | INFO     | server.py:226 | handle_submit_report() | Report submitted for 0x173905A75a0244fcb20DB32DbaCfAdD3996CC702: ['overflow', 'access_control', 'dangerous_call', 'logic_error']
2026-06-23 16:22:04 | INFO     | server.py:733 | _handle_request() | Processing request of type CallToolRequest
2026-06-23 16:22:05 | INFO     | server.py:733 | _handle_request() | Processing request of type CallToolRequest
2026-06-23 16:22:05 | INFO     | server.py:226 | handle_submit_report() | Report submitted for 0x17CBA58578eecAEE898242a02eDac75b8CC17231: ['overflow', 'access_control', 'dangerous_call', 'logic_error', 'replay_race']
2026-06-23 16:22:13 | INFO     | server.py:733 | _handle_request() | Processing request of type CallToolRequest
2026-06-23 16:22:14 | INFO     | server.py:419 | main() | Starting token-audit MCP server (mcp library)
2026-06-23 16:22:14 | INFO     | server.py:733 | _handle_request() | Processing request of type CallToolRequest
2026-06-23 16:22:14 | INFO     | server.py:156 | handle_setup_problem() | Setting up problem: 0x17E4cc902015958839e693f179F49C75696381CE
2026-06-23 16:22:14 | INFO     | server.py:733 | _handle_request() | Processing request of type ListToolsRequest
2026-06-23 16:22:14 | INFO     | server.py:733 | _handle_request() | Processing request of type ListToolsRequest
2026-06-23 16:22:18 | INFO     | server.py:733 | _handle_request() | Processing request of type CallToolRequest
2026-06-23 16:22:26 | INFO     | server.py:733 | _handle_request() | Processing request of type CallToolRequest
2026-06-23 16:22:27 | INFO     | server.py:733 | _handle_request() | Processing request of type CallToolRequest
2026-06-23 16:22:29 | INFO     | server.py:419 | main() | Starting token-audit MCP server (mcp library)
2026-06-23 16:22:29 | INFO     | server.py:733 | _handle_request() | Processing request of type CallToolRequest
2026-06-23 16:22:29 | INFO     | server.py:733 | _handle_request() | Processing request of type CallToolRequest
2026-06-23 16:22:29 | INFO     | server.py:156 | handle_setup_problem() | Setting up problem: 0x17e63292C5E70C5968f7e908E65d742D7ABBcfdd
2026-06-23 16:22:29 | INFO     | server.py:733 | _handle_request() | Processing request of type ListToolsRequest
2026-06-23 16:22:29 | INFO     | server.py:733 | _handle_request() | Processing request of type ListToolsRequest
2026-06-23 16:22:32 | INFO     | server.py:733 | _handle_request() | Processing request of type CallToolRequest
2026-06-23 16:22:54 | INFO     | server.py:733 | _handle_request() | Processing request of type CallToolRequest
2026-06-23 16:22:54 | INFO     | server.py:733 | _handle_request() | Processing request of type CallToolRequest
2026-06-23 16:22:57 | INFO     | server.py:733 | _handle_request() | Processing request of type CallToolRequest
2026-06-23 16:23:01 | INFO     | server.py:733 | _handle_request() | Processing request of type CallToolRequest
2026-06-23 16:23:01 | INFO     | server.py:226 | handle_submit_report() | Report submitted for 0x17E4cc902015958839e693f179F49C75696381CE: ['overflow', 'access_control', 'dangerous_call', 'logic_error']
2026-06-23 16:23:04 | INFO     | server.py:733 | _handle_request() | Processing request of type CallToolRequest
2026-06-23 16:23:04 | INFO     | server.py:733 | _handle_request() | Processing request of type CallToolRequest
2026-06-23 16:23:09 | INFO     | server.py:733 | _handle_request() | Processing request of type CallToolRequest
2026-06-23 16:23:09 | INFO     | server.py:733 | _handle_request() | Processing request of type CallToolRequest
2026-06-23 16:23:10 | INFO     | server.py:419 | main() | Starting token-audit MCP server (mcp library)
2026-06-23 16:23:10 | INFO     | server.py:733 | _handle_request() | Processing request of type CallToolRequest
2026-06-23 16:23:10 | INFO     | server.py:156 | handle_setup_problem() | Setting up problem: 0x198cF24375ecCDf599c624d10F0C6fb9b75ec215
2026-06-23 16:23:10 | INFO     | server.py:733 | _handle_request() | Processing request of type ListToolsRequest
2026-06-23 16:23:10 | INFO     | server.py:733 | _handle_request() | Processing request of type ListToolsRequest
2026-06-23 16:23:13 | INFO     | server.py:733 | _handle_request() | Processing request of type CallToolRequest
2026-06-23 16:23:14 | INFO     | server.py:733 | _handle_request() | Processing request of type CallToolRequest
2026-06-23 16:23:19 | INFO     | server.py:733 | _handle_request() | Processing request of type CallToolRequest
2026-06-23 16:23:20 | INFO     | server.py:733 | _handle_request() | Processing request of type CallToolRequest
2026-06-23 16:23:26 | INFO     | server.py:733 | _handle_request() | Processing request of type CallToolRequest
2026-06-23 16:23:26 | INFO     | server.py:733 | _handle_request() | Processing request of type CallToolRequest
2026-06-23 16:23:30 | INFO     | server.py:733 | _handle_request() | Processing request of type CallToolRequest
2026-06-23 16:23:31 | INFO     | server.py:733 | _handle_request() | Processing request of type CallToolRequest
2026-06-23 16:23:32 | INFO     | server.py:733 | _handle_request() | Processing request of type CallToolRequest
2026-06-23 16:23:36 | INFO     | server.py:733 | _handle_request() | Processing request of type CallToolRequest
2026-06-23 16:23:36 | INFO     | server.py:733 | _handle_request() | Processing request of type CallToolRequest
2026-06-23 16:23:37 | INFO     | server.py:733 | _handle_request() | Processing request of type CallToolRequest
2026-06-23 16:23:41 | INFO     | server.py:733 | _handle_request() | Processing request of type CallToolRequest
2026-06-23 16:23:43 | INFO     | server.py:733 | _handle_request() | Processing request of type CallToolRequest
2026-06-23 16:23:48 | INFO     | server.py:733 | _handle_request() | Processing request of type CallToolRequest
2026-06-23 16:23:48 | INFO     | server.py:733 | _handle_request() | Processing request of type CallToolRequest
2026-06-23 16:23:51 | INFO     | server.py:733 | _handle_request() | Processing request of type CallToolRequest
2026-06-23 16:23:53 | INFO     | server.py:733 | _handle_request() | Processing request of type CallToolRequest
2026-06-23 16:23:56 | INFO     | server.py:733 | _handle_request() | Processing request of type CallToolRequest
2026-06-23 16:23:59 | INFO     | server.py:733 | _handle_request() | Processing request of type CallToolRequest
2026-06-23 16:24:02 | INFO     | server.py:733 | _handle_request() | Processing request of type CallToolRequest
2026-06-23 16:24:03 | INFO     | server.py:733 | _handle_request() | Processing request of type CallToolRequest
2026-06-23 16:24:03 | INFO     | server.py:733 | _handle_request() | Processing request of type CallToolRequest
2026-06-23 16:24:07 | INFO     | server.py:733 | _handle_request() | Processing request of type CallToolRequest
2026-06-23 16:24:07 | INFO     | server.py:733 | _handle_request() | Processing request of type CallToolRequest
2026-06-23 16:24:10 | INFO     | server.py:733 | _handle_request() | Processing request of type CallToolRequest
2026-06-23 16:24:12 | INFO     | server.py:733 | _handle_request() | Processing request of type CallToolRequest
2026-06-23 16:24:13 | INFO     | server.py:733 | _handle_request() | Processing request of type CallToolRequest
2026-06-23 16:24:17 | INFO     | server.py:733 | _handle_request() | Processing request of type CallToolRequest
2026-06-23 16:24:19 | INFO     | server.py:733 | _handle_request() | Processing request of type CallToolRequest
2026-06-23 16:24:20 | INFO     | server.py:733 | _handle_request() | Processing request of type CallToolRequest
2026-06-23 16:24:24 | INFO     | server.py:733 | _handle_request() | Processing request of type CallToolRequest
2026-06-23 16:24:26 | INFO     | server.py:733 | _handle_request() | Processing request of type CallToolRequest
2026-06-23 16:24:26 | INFO     | server.py:733 | _handle_request() | Processing request of type CallToolRequest
2026-06-23 16:24:29 | INFO     | server.py:733 | _handle_request() | Processing request of type CallToolRequest
2026-06-23 16:24:30 | INFO     | server.py:733 | _handle_request() | Processing request of type CallToolRequest
2026-06-23 16:24:34 | INFO     | server.py:733 | _handle_request() | Processing request of type CallToolRequest
2026-06-23 16:24:38 | INFO     | server.py:733 | _handle_request() | Processing request of type CallToolRequest
2026-06-23 16:24:38 | INFO     | server.py:733 | _handle_request() | Processing request of type CallToolRequest
2026-06-23 16:24:39 | INFO     | server.py:733 | _handle_request() | Processing request of type CallToolRequest
2026-06-23 16:24:43 | INFO     | server.py:733 | _handle_request() | Processing request of type CallToolRequest
2026-06-23 16:24:47 | INFO     | server.py:733 | _handle_request() | Processing request of type CallToolRequest
2026-06-23 16:24:47 | INFO     | server.py:733 | _handle_request() | Processing request of type CallToolRequest
2026-06-23 16:24:52 | INFO     | server.py:733 | _handle_request() | Processing request of type CallToolRequest
2026-06-23 16:24:53 | INFO     | server.py:733 | _handle_request() | Processing request of type CallToolRequest
2026-06-23 16:24:54 | INFO     | server.py:733 | _handle_request() | Processing request of type CallToolRequest
2026-06-23 16:24:57 | INFO     | server.py:733 | _handle_request() | Processing request of type CallToolRequest
2026-06-23 16:24:59 | INFO     | server.py:733 | _handle_request() | Processing request of type CallToolRequest
2026-06-23 16:25:01 | INFO     | server.py:733 | _handle_request() | Processing request of type CallToolRequest
2026-06-23 16:25:02 | INFO     | server.py:733 | _handle_request() | Processing request of type CallToolRequest
2026-06-23 16:25:02 | INFO     | server.py:733 | _handle_request() | Processing request of type CallToolRequest
2026-06-23 16:25:04 | INFO     | server.py:733 | _handle_request() | Processing request of type CallToolRequest
2026-06-23 16:25:06 | INFO     | server.py:733 | _handle_request() | Processing request of type CallToolRequest
2026-06-23 16:25:14 | INFO     | server.py:733 | _handle_request() | Processing request of type CallToolRequest
2026-06-23 16:25:14 | INFO     | server.py:733 | _handle_request() | Processing request of type CallToolRequest
2026-06-23 16:25:20 | INFO     | server.py:733 | _handle_request() | Processing request of type CallToolRequest
2026-06-23 16:25:20 | INFO     | server.py:733 | _handle_request() | Processing request of type CallToolRequest
2026-06-23 16:25:24 | INFO     | server.py:733 | _handle_request() | Processing request of type CallToolRequest
2026-06-23 16:25:25 | INFO     | server.py:733 | _handle_request() | Processing request of type CallToolRequest
2026-06-23 16:25:25 | INFO     | server.py:733 | _handle_request() | Processing request of type CallToolRequest
2026-06-23 16:25:27 | INFO     | server.py:733 | _handle_request() | Processing request of type CallToolRequest
2026-06-23 16:25:31 | INFO     | server.py:733 | _handle_request() | Processing request of type CallToolRequest
2026-06-23 16:25:33 | INFO     | server.py:733 | _handle_request() | Processing request of type CallToolRequest
2026-06-23 16:25:33 | INFO     | server.py:733 | _handle_request() | Processing request of type CallToolRequest
2026-06-23 16:25:36 | INFO     | server.py:733 | _handle_request() | Processing request of type CallToolRequest
2026-06-23 16:25:39 | INFO     | server.py:733 | _handle_request() | Processing request of type CallToolRequest
2026-06-23 16:25:43 | INFO     | server.py:733 | _handle_request() | Processing request of type CallToolRequest
2026-06-23 16:25:46 | INFO     | server.py:733 | _handle_request() | Processing request of type CallToolRequest
2026-06-23 16:25:48 | INFO     | server.py:733 | _handle_request() | Processing request of type CallToolRequest
2026-06-23 16:25:53 | INFO     | server.py:733 | _handle_request() | Processing request of type CallToolRequest
2026-06-23 16:25:54 | INFO     | server.py:733 | _handle_request() | Processing request of type CallToolRequest
2026-06-23 16:25:57 | INFO     | server.py:733 | _handle_request() | Processing request of type CallToolRequest
2026-06-23 16:25:58 | INFO     | server.py:733 | _handle_request() | Processing request of type CallToolRequest
2026-06-23 16:26:02 | INFO     | server.py:733 | _handle_request() | Processing request of type CallToolRequest
2026-06-23 16:26:03 | INFO     | server.py:733 | _handle_request() | Processing request of type CallToolRequest
2026-06-23 16:26:03 | INFO     | server.py:733 | _handle_request() | Processing request of type CallToolRequest
2026-06-23 16:26:03 | INFO     | server.py:733 | _handle_request() | Processing request of type CallToolRequest
2026-06-23 16:26:07 | INFO     | server.py:733 | _handle_request() | Processing request of type CallToolRequest
2026-06-23 16:26:08 | INFO     | server.py:733 | _handle_request() | Processing request of type CallToolRequest
2026-06-23 16:26:13 | INFO     | server.py:733 | _handle_request() | Processing request of type CallToolRequest
2026-06-23 16:26:14 | INFO     | server.py:733 | _handle_request() | Processing request of type CallToolRequest
2026-06-23 16:26:20 | INFO     | server.py:733 | _handle_request() | Processing request of type CallToolRequest
2026-06-23 16:26:20 | INFO     | server.py:733 | _handle_request() | Processing request of type CallToolRequest
2026-06-23 16:26:26 | INFO     | server.py:733 | _handle_request() | Processing request of type CallToolRequest
2026-06-23 16:26:26 | INFO     | server.py:733 | _handle_request() | Processing request of type CallToolRequest
2026-06-23 16:26:26 | INFO     | server.py:733 | _handle_request() | Processing request of type CallToolRequest
2026-06-23 16:26:29 | INFO     | server.py:733 | _handle_request() | Processing request of type CallToolRequest
2026-06-23 16:26:32 | INFO     | server.py:733 | _handle_request() | Processing request of type CallToolRequest
2026-06-23 16:26:32 | INFO     | server.py:733 | _handle_request() | Processing request of type CallToolRequest
2026-06-23 16:26:33 | INFO     | server.py:733 | _handle_request() | Processing request of type CallToolRequest
2026-06-23 16:26:38 | INFO     | server.py:733 | _handle_request() | Processing request of type CallToolRequest
2026-06-23 16:26:40 | INFO     | server.py:733 | _handle_request() | Processing request of type CallToolRequest
2026-06-23 16:26:44 | INFO     | server.py:733 | _handle_request() | Processing request of type CallToolRequest
2026-06-23 16:26:45 | INFO     | server.py:733 | _handle_request() | Processing request of type CallToolRequest
2026-06-23 16:26:45 | INFO     | server.py:733 | _handle_request() | Processing request of type CallToolRequest
2026-06-23 16:26:50 | INFO     | server.py:733 | _handle_request() | Processing request of type CallToolRequest
2026-06-23 16:26:51 | INFO     | server.py:733 | _handle_request() | Processing request of type CallToolRequest
2026-06-23 16:26:53 | INFO     | server.py:733 | _handle_request() | Processing request of type CallToolRequest
2026-06-23 16:26:55 | INFO     | server.py:733 | _handle_request() | Processing request of type CallToolRequest
2026-06-23 16:26:56 | INFO     | server.py:733 | _handle_request() | Processing request of type CallToolRequest
2026-06-23 16:26:59 | INFO     | server.py:733 | _handle_request() | Processing request of type CallToolRequest
2026-06-23 16:27:00 | INFO     | server.py:733 | _handle_request() | Processing request of type CallToolRequest
2026-06-23 16:27:04 | INFO     | server.py:733 | _handle_request() | Processing request of type CallToolRequest
2026-06-23 16:27:04 | INFO     | server.py:733 | _handle_request() | Processing request of type CallToolRequest
2026-06-23 16:27:10 | INFO     | server.py:733 | _handle_request() | Processing request of type CallToolRequest
2026-06-23 16:27:11 | INFO     | server.py:733 | _handle_request() | Processing request of type CallToolRequest
2026-06-23 16:27:17 | INFO     | server.py:733 | _handle_request() | Processing request of type CallToolRequest
2026-06-23 16:27:17 | INFO     | server.py:733 | _handle_request() | Processing request of type CallToolRequest
2026-06-23 16:27:17 | INFO     | server.py:733 | _handle_request() | Processing request of type CallToolRequest
2026-06-23 16:27:18 | INFO     | server.py:733 | _handle_request() | Processing request of type CallToolRequest
2026-06-23 16:27:23 | INFO     | server.py:733 | _handle_request() | Processing request of type CallToolRequest
2026-06-23 16:27:28 | INFO     | server.py:733 | _handle_request() | Processing request of type CallToolRequest
2026-06-23 16:27:30 | INFO     | server.py:733 | _handle_request() | Processing request of type CallToolRequest
2026-06-23 16:27:37 | INFO     | server.py:733 | _handle_request() | Processing request of type CallToolRequest
2026-06-23 16:27:42 | INFO     | server.py:733 | _handle_request() | Processing request of type CallToolRequest
2026-06-23 16:27:45 | INFO     | server.py:733 | _handle_request() | Processing request of type CallToolRequest
2026-06-23 16:27:47 | INFO     | server.py:733 | _handle_request() | Processing request of type CallToolRequest
2026-06-23 16:27:51 | INFO     | server.py:733 | _handle_request() | Processing request of type CallToolRequest
2026-06-23 16:27:53 | INFO     | server.py:733 | _handle_request() | Processing request of type CallToolRequest
2026-06-23 16:27:53 | INFO     | server.py:733 | _handle_request() | Processing request of type CallToolRequest
2026-06-23 16:27:55 | INFO     | server.py:733 | _handle_request() | Processing request of type CallToolRequest
2026-06-23 16:27:58 | INFO     | server.py:733 | _handle_request() | Processing request of type CallToolRequest
2026-06-23 16:28:00 | INFO     | server.py:733 | _handle_request() | Processing request of type CallToolRequest
2026-06-23 16:28:00 | INFO     | server.py:733 | _handle_request() | Processing request of type CallToolRequest
2026-06-23 16:28:01 | INFO     | server.py:733 | _handle_request() | Processing request of type CallToolRequest
2026-06-23 16:28:04 | INFO     | server.py:733 | _handle_request() | Processing request of type CallToolRequest
2026-06-23 16:28:08 | INFO     | server.py:733 | _handle_request() | Processing request of type CallToolRequest
2026-06-23 16:28:12 | INFO     | server.py:733 | _handle_request() | Processing request of type CallToolRequest
2026-06-23 16:28:16 | INFO     | server.py:733 | _handle_request() | Processing request of type CallToolRequest
2026-06-23 16:28:21 | INFO     | server.py:733 | _handle_request() | Processing request of type CallToolRequest
2026-06-23 16:28:23 | INFO     | server.py:733 | _handle_request() | Processing request of type CallToolRequest
2026-06-23 16:28:24 | INFO     | server.py:733 | _handle_request() | Processing request of type CallToolRequest
2026-06-23 16:28:27 | INFO     | server.py:733 | _handle_request() | Processing request of type CallToolRequest
2026-06-23 16:28:35 | INFO     | server.py:733 | _handle_request() | Processing request of type CallToolRequest
2026-06-23 16:28:36 | INFO     | server.py:733 | _handle_request() | Processing request of type CallToolRequest
2026-06-23 16:28:39 | INFO     | server.py:733 | _handle_request() | Processing request of type CallToolRequest
2026-06-23 16:28:40 | INFO     | server.py:733 | _handle_request() | Processing request of type CallToolRequest
2026-06-23 16:28:40 | INFO     | server.py:226 | handle_submit_report() | Report submitted for 0x17e63292C5E70C5968f7e908E65d742D7ABBcfdd: ['access_control', 'dangerous_call']
2026-06-23 16:28:42 | INFO     | server.py:733 | _handle_request() | Processing request of type CallToolRequest
2026-06-23 16:28:47 | INFO     | server.py:733 | _handle_request() | Processing request of type CallToolRequest
2026-06-23 16:28:48 | INFO     | server.py:733 | _handle_request() | Processing request of type CallToolRequest
2026-06-23 16:28:49 | INFO     | server.py:733 | _handle_request() | Processing request of type CallToolRequest
2026-06-23 16:28:49 | INFO     | server.py:419 | main() | Starting token-audit MCP server (mcp library)
2026-06-23 16:28:50 | INFO     | server.py:733 | _handle_request() | Processing request of type CallToolRequest
2026-06-23 16:28:50 | INFO     | server.py:156 | handle_setup_problem() | Setting up problem: 0x19AEA60E2FD6AC54EcF2576292C8Fc7046429C37
2026-06-23 16:28:50 | INFO     | server.py:733 | _handle_request() | Processing request of type ListToolsRequest
2026-06-23 16:28:50 | INFO     | server.py:733 | _handle_request() | Processing request of type ListToolsRequest
2026-06-23 16:28:52 | INFO     | server.py:733 | _handle_request() | Processing request of type CallToolRequest
2026-06-23 16:28:54 | INFO     | server.py:733 | _handle_request() | Processing request of type CallToolRequest
2026-06-23 16:28:56 | INFO     | server.py:733 | _handle_request() | Processing request of type CallToolRequest
2026-06-23 16:28:56 | INFO     | server.py:733 | _handle_request() | Processing request of type CallToolRequest
2026-06-23 16:29:01 | INFO     | server.py:733 | _handle_request() | Processing request of type CallToolRequest
2026-06-23 16:29:02 | INFO     | server.py:733 | _handle_request() | Processing request of type CallToolRequest
2026-06-23 16:29:04 | INFO     | server.py:733 | _handle_request() | Processing request of type CallToolRequest
2026-06-23 16:29:09 | INFO     | server.py:733 | _handle_request() | Processing request of type CallToolRequest
2026-06-23 16:29:10 | INFO     | server.py:733 | _handle_request() | Processing request of type CallToolRequest
2026-06-23 16:29:15 | INFO     | server.py:733 | _handle_request() | Processing request of type CallToolRequest
2026-06-23 16:29:16 | INFO     | server.py:733 | _handle_request() | Processing request of type CallToolRequest
2026-06-23 16:29:22 | INFO     | server.py:733 | _handle_request() | Processing request of type CallToolRequest
2026-06-23 16:29:30 | INFO     | server.py:733 | _handle_request() | Processing request of type CallToolRequest
2026-06-23 16:29:31 | INFO     | server.py:733 | _handle_request() | Processing request of type CallToolRequest
2026-06-23 16:29:32 | INFO     | server.py:733 | _handle_request() | Processing request of type CallToolRequest
2026-06-23 16:29:33 | INFO     | server.py:733 | _handle_request() | Processing request of type CallToolRequest
2026-06-23 16:29:33 | INFO     | server.py:226 | handle_submit_report() | Report submitted for 0x19AEA60E2FD6AC54EcF2576292C8Fc7046429C37: ['access_control', 'logic_error']
2026-06-23 16:29:38 | INFO     | server.py:733 | _handle_request() | Processing request of type CallToolRequest
2026-06-23 16:29:38 | INFO     | server.py:733 | _handle_request() | Processing request of type CallToolRequest
2026-06-23 16:29:44 | INFO     | server.py:733 | _handle_request() | Processing request of type CallToolRequest
2026-06-23 16:29:47 | INFO     | server.py:733 | _handle_request() | Processing request of type CallToolRequest
2026-06-23 16:29:57 | INFO     | server.py:733 | _handle_request() | Processing request of type CallToolRequest
2026-06-23 16:29:59 | INFO     | server.py:733 | _handle_request() | Processing request of type CallToolRequest
2026-06-23 16:30:13 | INFO     | server.py:733 | _handle_request() | Processing request of type CallToolRequest
2026-06-23 16:30:21 | INFO     | server.py:733 | _handle_request() | Processing request of type CallToolRequest
2026-06-23 16:30:22 | INFO     | server.py:733 | _handle_request() | Processing request of type CallToolRequest
2026-06-23 16:40:50 | INFO     | server.py:419 | main() | Starting token-audit MCP server (mcp library)
2026-06-23 16:40:50 | INFO     | server.py:733 | _handle_request() | Processing request of type CallToolRequest
2026-06-23 16:40:50 | INFO     | server.py:156 | handle_setup_problem() | Setting up problem: 0x00138bD67465733AE1BEDfD2105a6ffa83AF97D8
2026-06-23 16:40:50 | INFO     | server.py:733 | _handle_request() | Processing request of type ListToolsRequest
2026-06-23 16:40:50 | INFO     | server.py:733 | _handle_request() | Processing request of type ListToolsRequest
2026-06-23 16:40:52 | INFO     | server.py:419 | main() | Starting token-audit MCP server (mcp library)
2026-06-23 16:40:52 | INFO     | server.py:733 | _handle_request() | Processing request of type CallToolRequest
2026-06-23 16:40:52 | INFO     | server.py:156 | handle_setup_problem() | Setting up problem: 0x003f79D7Be15dC1aD90Ce00E6eA68F335e2B789B
2026-06-23 16:40:52 | INFO     | server.py:733 | _handle_request() | Processing request of type ListToolsRequest
2026-06-23 16:40:52 | INFO     | server.py:733 | _handle_request() | Processing request of type ListToolsRequest
2026-06-23 16:40:54 | INFO     | server.py:419 | main() | Starting token-audit MCP server (mcp library)
2026-06-23 16:40:54 | INFO     | server.py:733 | _handle_request() | Processing request of type CallToolRequest
2026-06-23 16:40:54 | INFO     | server.py:156 | handle_setup_problem() | Setting up problem: 0x004Dcfc79b28Ae0D52C2C013a328f84b433a1829
2026-06-23 16:40:54 | INFO     | server.py:733 | _handle_request() | Processing request of type ListToolsRequest
2026-06-23 16:40:54 | INFO     | server.py:733 | _handle_request() | Processing request of type ListToolsRequest
2026-06-23 16:40:54 | INFO     | server.py:733 | _handle_request() | Processing request of type CallToolRequest
2026-06-23 16:40:55 | INFO     | server.py:419 | main() | Starting token-audit MCP server (mcp library)
2026-06-23 16:40:55 | INFO     | server.py:733 | _handle_request() | Processing request of type CallToolRequest
2026-06-23 16:40:55 | INFO     | server.py:156 | handle_setup_problem() | Setting up problem: 0x0156888F51d68F858AC88aBa45DF699e2af2E4Cc
2026-06-23 16:40:55 | INFO     | server.py:733 | _handle_request() | Processing request of type ListToolsRequest
2026-06-23 16:40:55 | INFO     | server.py:733 | _handle_request() | Processing request of type ListToolsRequest
2026-06-23 16:40:57 | INFO     | server.py:419 | main() | Starting token-audit MCP server (mcp library)
2026-06-23 16:40:57 | INFO     | server.py:733 | _handle_request() | Processing request of type CallToolRequest
2026-06-23 16:40:57 | INFO     | server.py:156 | handle_setup_problem() | Setting up problem: 0x01982364172d4C429372F37ACE5d47FE4f71F862
2026-06-23 16:40:57 | INFO     | server.py:733 | _handle_request() | Processing request of type ListToolsRequest
2026-06-23 16:40:57 | INFO     | server.py:733 | _handle_request() | Processing request of type ListToolsRequest
2026-06-23 16:40:59 | INFO     | server.py:733 | _handle_request() | Processing request of type CallToolRequest
2026-06-23 16:40:59 | INFO     | server.py:419 | main() | Starting token-audit MCP server (mcp library)
2026-06-23 16:40:59 | INFO     | server.py:733 | _handle_request() | Processing request of type CallToolRequest
2026-06-23 16:40:59 | INFO     | server.py:156 | handle_setup_problem() | Setting up problem: 0x01F2AcF2914860331C1Cb1a9AcecDa7475e06Af8
2026-06-23 16:40:59 | INFO     | server.py:733 | _handle_request() | Processing request of type ListToolsRequest
2026-06-23 16:40:59 | INFO     | server.py:733 | _handle_request() | Processing request of type ListToolsRequest
2026-06-23 16:41:00 | INFO     | server.py:733 | _handle_request() | Processing request of type CallToolRequest
2026-06-23 16:41:01 | INFO     | server.py:733 | _handle_request() | Processing request of type CallToolRequest
2026-06-23 16:41:01 | INFO     | server.py:419 | main() | Starting token-audit MCP server (mcp library)
2026-06-23 16:41:01 | INFO     | server.py:733 | _handle_request() | Processing request of type CallToolRequest
2026-06-23 16:41:01 | INFO     | server.py:156 | handle_setup_problem() | Setting up problem: 0x01bbec6573ed7EcA0f307a10d2B4CEB669816B4a
2026-06-23 16:41:01 | INFO     | server.py:733 | _handle_request() | Processing request of type ListToolsRequest
2026-06-23 16:41:01 | INFO     | server.py:733 | _handle_request() | Processing request of type ListToolsRequest
2026-06-23 16:41:03 | INFO     | server.py:419 | main() | Starting token-audit MCP server (mcp library)
2026-06-23 16:41:03 | INFO     | server.py:733 | _handle_request() | Processing request of type CallToolRequest
2026-06-23 16:41:03 | INFO     | server.py:156 | handle_setup_problem() | Setting up problem: 0x025abAD9e518516fdaAFBDcdB9701b37fb7eF0FA
2026-06-23 16:41:03 | INFO     | server.py:733 | _handle_request() | Processing request of type ListToolsRequest
2026-06-23 16:41:03 | INFO     | server.py:733 | _handle_request() | Processing request of type ListToolsRequest
2026-06-23 16:41:03 | INFO     | server.py:733 | _handle_request() | Processing request of type CallToolRequest
2026-06-23 16:41:03 | INFO     | server.py:733 | _handle_request() | Processing request of type CallToolRequest
2026-06-23 16:41:04 | INFO     | server.py:733 | _handle_request() | Processing request of type CallToolRequest
2026-06-23 16:41:04 | INFO     | server.py:733 | _handle_request() | Processing request of type CallToolRequest
2026-06-23 16:41:05 | INFO     | server.py:419 | main() | Starting token-audit MCP server (mcp library)
2026-06-23 16:41:05 | INFO     | server.py:733 | _handle_request() | Processing request of type CallToolRequest
2026-06-23 16:41:05 | INFO     | server.py:156 | handle_setup_problem() | Setting up problem: 0x0298d4D15bC4294386b05E5185D3833fC76924B3
2026-06-23 16:41:05 | INFO     | server.py:733 | _handle_request() | Processing request of type ListToolsRequest
2026-06-23 16:41:05 | INFO     | server.py:733 | _handle_request() | Processing request of type ListToolsRequest
2026-06-23 16:41:05 | INFO     | server.py:733 | _handle_request() | Processing request of type CallToolRequest
2026-06-23 16:41:07 | INFO     | server.py:733 | _handle_request() | Processing request of type CallToolRequest
2026-06-23 16:41:07 | INFO     | server.py:419 | main() | Starting token-audit MCP server (mcp library)
2026-06-23 16:41:07 | INFO     | server.py:733 | _handle_request() | Processing request of type CallToolRequest
2026-06-23 16:41:07 | INFO     | server.py:156 | handle_setup_problem() | Setting up problem: 0x02c41cdE8a11fcf333277f2Bc543eb2B0925809c
2026-06-23 16:41:07 | INFO     | server.py:733 | _handle_request() | Processing request of type ListToolsRequest
2026-06-23 16:41:07 | INFO     | server.py:733 | _handle_request() | Processing request of type ListToolsRequest
2026-06-23 16:41:08 | INFO     | server.py:733 | _handle_request() | Processing request of type CallToolRequest
2026-06-23 16:41:08 | INFO     | server.py:733 | _handle_request() | Processing request of type CallToolRequest
2026-06-23 16:41:09 | INFO     | server.py:733 | _handle_request() | Processing request of type CallToolRequest
2026-06-23 16:41:10 | INFO     | server.py:733 | _handle_request() | Processing request of type CallToolRequest
2026-06-23 16:41:10 | INFO     | server.py:733 | _handle_request() | Processing request of type CallToolRequest
2026-06-23 16:41:12 | INFO     | server.py:733 | _handle_request() | Processing request of type CallToolRequest
2026-06-23 16:41:12 | INFO     | server.py:733 | _handle_request() | Processing request of type CallToolRequest
2026-06-23 16:41:16 | INFO     | server.py:733 | _handle_request() | Processing request of type CallToolRequest
2026-06-23 16:41:19 | INFO     | server.py:733 | _handle_request() | Processing request of type CallToolRequest
2026-06-23 16:41:19 | INFO     | server.py:733 | _handle_request() | Processing request of type CallToolRequest
2026-06-23 16:41:21 | INFO     | server.py:733 | _handle_request() | Processing request of type CallToolRequest
2026-06-23 16:41:23 | INFO     | server.py:733 | _handle_request() | Processing request of type CallToolRequest
2026-06-23 16:41:23 | INFO     | server.py:733 | _handle_request() | Processing request of type CallToolRequest
2026-06-23 16:41:24 | INFO     | server.py:733 | _handle_request() | Processing request of type CallToolRequest
2026-06-23 16:41:26 | INFO     | server.py:733 | _handle_request() | Processing request of type CallToolRequest
2026-06-23 16:41:27 | INFO     | server.py:733 | _handle_request() | Processing request of type CallToolRequest
2026-06-23 16:41:29 | INFO     | server.py:733 | _handle_request() | Processing request of type CallToolRequest
2026-06-23 16:41:29 | INFO     | server.py:226 | handle_submit_report() | Report submitted for 0x004Dcfc79b28Ae0D52C2C013a328f84b433a1829: ['overflow', 'access_control', 'logic_error', 'replay_race']
2026-06-23 16:41:30 | INFO     | server.py:733 | _handle_request() | Processing request of type CallToolRequest
2026-06-23 16:41:30 | INFO     | server.py:733 | _handle_request() | Processing request of type CallToolRequest
2026-06-23 16:41:33 | INFO     | server.py:733 | _handle_request() | Processing request of type CallToolRequest
2026-06-23 16:41:33 | INFO     | server.py:226 | handle_submit_report() | Report submitted for 0x00138bD67465733AE1BEDfD2105a6ffa83AF97D8: ['access_control', 'logic_error', 'replay_race']
2026-06-23 16:41:33 | INFO     | server.py:733 | _handle_request() | Processing request of type CallToolRequest
2026-06-23 16:41:34 | INFO     | server.py:733 | _handle_request() | Processing request of type CallToolRequest
2026-06-23 16:41:34 | INFO     | server.py:733 | _handle_request() | Processing request of type CallToolRequest
2026-06-23 16:41:34 | INFO     | server.py:226 | handle_submit_report() | Report submitted for 0x01F2AcF2914860331C1Cb1a9AcecDa7475e06Af8: ['access_control', 'dangerous_call', 'logic_error', 'replay_race']
2026-06-23 16:41:37 | INFO     | server.py:733 | _handle_request() | Processing request of type CallToolRequest
2026-06-23 16:41:37 | INFO     | server.py:733 | _handle_request() | Processing request of type CallToolRequest
2026-06-23 16:41:39 | INFO     | server.py:419 | main() | Starting token-audit MCP server (mcp library)
2026-06-23 16:41:39 | INFO     | server.py:733 | _handle_request() | Processing request of type CallToolRequest
2026-06-23 16:41:39 | INFO     | server.py:156 | handle_setup_problem() | Setting up problem: 0x040a05E50007873f8D527B2e4E63C41Bf723665d
2026-06-23 16:41:39 | INFO     | server.py:733 | _handle_request() | Processing request of type ListToolsRequest
2026-06-23 16:41:39 | INFO     | server.py:733 | _handle_request() | Processing request of type ListToolsRequest
2026-06-23 16:41:41 | INFO     | server.py:733 | _handle_request() | Processing request of type CallToolRequest
2026-06-23 16:41:42 | INFO     | server.py:733 | _handle_request() | Processing request of type CallToolRequest
2026-06-23 16:41:42 | INFO     | server.py:733 | _handle_request() | Processing request of type CallToolRequest
2026-06-23 16:41:42 | INFO     | server.py:226 | handle_submit_report() | Report submitted for 0x01bbec6573ed7EcA0f307a10d2B4CEB669816B4a: ['overflow', 'access_control', 'dangerous_call', 'logic_error', 'replay_race']
2026-06-23 16:41:42 | INFO     | server.py:733 | _handle_request() | Processing request of type CallToolRequest
2026-06-23 16:41:43 | INFO     | server.py:733 | _handle_request() | Processing request of type CallToolRequest
2026-06-23 16:41:43 | INFO     | server.py:419 | main() | Starting token-audit MCP server (mcp library)
2026-06-23 16:41:43 | INFO     | server.py:733 | _handle_request() | Processing request of type CallToolRequest
2026-06-23 16:41:43 | INFO     | server.py:156 | handle_setup_problem() | Setting up problem: 0x041B3eb05560Ba2670DEF3Cc5eeC2AeEF8e5D14b
2026-06-23 16:41:43 | INFO     | server.py:733 | _handle_request() | Processing request of type ListToolsRequest
2026-06-23 16:41:43 | INFO     | server.py:733 | _handle_request() | Processing request of type ListToolsRequest
2026-06-23 16:41:45 | INFO     | server.py:419 | main() | Starting token-audit MCP server (mcp library)
2026-06-23 16:41:45 | INFO     | server.py:733 | _handle_request() | Processing request of type CallToolRequest
2026-06-23 16:41:45 | INFO     | server.py:156 | handle_setup_problem() | Setting up problem: 0x047187e53477be70DBe8Ea5B799318f2e165052F
2026-06-23 16:41:45 | INFO     | server.py:733 | _handle_request() | Processing request of type ListToolsRequest
2026-06-23 16:41:45 | INFO     | server.py:733 | _handle_request() | Processing request of type ListToolsRequest
2026-06-23 16:41:46 | INFO     | server.py:733 | _handle_request() | Processing request of type CallToolRequest
2026-06-23 16:41:47 | INFO     | server.py:226 | handle_submit_report() | Report submitted for 0x0298d4D15bC4294386b05E5185D3833fC76924B3: ['overflow', 'access_control', 'dangerous_call', 'logic_error', 'replay_race']
2026-06-23 16:41:47 | INFO     | server.py:733 | _handle_request() | Processing request of type CallToolRequest
2026-06-23 16:41:48 | INFO     | server.py:733 | _handle_request() | Processing request of type CallToolRequest
2026-06-23 16:41:48 | INFO     | server.py:733 | _handle_request() | Processing request of type CallToolRequest
2026-06-23 16:41:48 | INFO     | server.py:226 | handle_submit_report() | Report submitted for 0x02c41cdE8a11fcf333277f2Bc543eb2B0925809c: ['overflow', 'access_control', 'dangerous_call', 'logic_error', 'replay_race']
2026-06-23 16:41:49 | INFO     | server.py:733 | _handle_request() | Processing request of type CallToolRequest
2026-06-23 16:41:51 | INFO     | server.py:733 | _handle_request() | Processing request of type CallToolRequest
2026-06-23 16:41:52 | INFO     | server.py:419 | main() | Starting token-audit MCP server (mcp library)
2026-06-23 16:41:52 | INFO     | server.py:733 | _handle_request() | Processing request of type CallToolRequest
2026-06-23 16:41:52 | INFO     | server.py:156 | handle_setup_problem() | Setting up problem: 0x06308B924dC8Fe805BD28d3170B7c8b9909E4EBa
2026-06-23 16:41:52 | INFO     | server.py:733 | _handle_request() | Processing request of type ListToolsRequest
2026-06-23 16:41:52 | INFO     | server.py:733 | _handle_request() | Processing request of type ListToolsRequest
2026-06-23 16:41:53 | INFO     | server.py:733 | _handle_request() | Processing request of type CallToolRequest
2026-06-23 16:41:53 | INFO     | server.py:226 | handle_submit_report() | Report submitted for 0x0156888F51d68F858AC88aBa45DF699e2af2E4Cc: ['overflow']
2026-06-23 16:41:55 | INFO     | server.py:733 | _handle_request() | Processing request of type CallToolRequest
2026-06-23 16:41:56 | INFO     | server.py:733 | _handle_request() | Processing request of type CallToolRequest
2026-06-23 16:41:56 | INFO     | server.py:419 | main() | Starting token-audit MCP server (mcp library)
2026-06-23 16:41:56 | INFO     | server.py:733 | _handle_request() | Processing request of type CallToolRequest
2026-06-23 16:41:56 | INFO     | server.py:156 | handle_setup_problem() | Setting up problem: 0x066420fF2aF331b3F7c1a5925121e068c69614dF
2026-06-23 16:41:56 | INFO     | server.py:733 | _handle_request() | Processing request of type ListToolsRequest
2026-06-23 16:41:56 | INFO     | server.py:733 | _handle_request() | Processing request of type ListToolsRequest
2026-06-23 16:41:58 | INFO     | server.py:733 | _handle_request() | Processing request of type CallToolRequest
2026-06-23 16:41:59 | INFO     | server.py:733 | _handle_request() | Processing request of type CallToolRequest
2026-06-23 16:42:00 | INFO     | server.py:733 | _handle_request() | Processing request of type CallToolRequest
2026-06-23 16:42:01 | INFO     | server.py:733 | _handle_request() | Processing request of type CallToolRequest
2026-06-23 16:42:01 | INFO     | server.py:733 | _handle_request() | Processing request of type CallToolRequest
2026-06-23 16:42:01 | INFO     | server.py:733 | _handle_request() | Processing request of type CallToolRequest
2026-06-23 16:42:02 | INFO     | server.py:419 | main() | Starting token-audit MCP server (mcp library)
2026-06-23 16:42:02 | INFO     | server.py:733 | _handle_request() | Processing request of type CallToolRequest
2026-06-23 16:42:02 | INFO     | server.py:156 | handle_setup_problem() | Setting up problem: 0x0675DAa94725A528b05A3A88635C03EA964BFA7E
2026-06-23 16:42:02 | INFO     | server.py:733 | _handle_request() | Processing request of type ListToolsRequest
2026-06-23 16:42:02 | INFO     | server.py:733 | _handle_request() | Processing request of type ListToolsRequest
2026-06-23 16:42:02 | INFO     | server.py:733 | _handle_request() | Processing request of type CallToolRequest
2026-06-23 16:42:02 | INFO     | server.py:226 | handle_submit_report() | Report submitted for 0x01982364172d4C429372F37ACE5d47FE4f71F862: ['overflow', 'access_control', 'dangerous_call', 'logic_error', 'replay_race']
2026-06-23 16:42:03 | INFO     | server.py:419 | main() | Starting token-audit MCP server (mcp library)
2026-06-23 16:42:03 | INFO     | server.py:733 | _handle_request() | Processing request of type CallToolRequest
2026-06-23 16:42:03 | INFO     | server.py:156 | handle_setup_problem() | Setting up problem: 0x0763EA00a235DaDdFf3Ed5B0F03ff414577E0173
2026-06-23 16:42:03 | INFO     | server.py:733 | _handle_request() | Processing request of type ListToolsRequest
2026-06-23 16:42:03 | INFO     | server.py:733 | _handle_request() | Processing request of type ListToolsRequest
2026-06-23 16:42:04 | INFO     | server.py:733 | _handle_request() | Processing request of type CallToolRequest
2026-06-23 16:42:05 | INFO     | server.py:733 | _handle_request() | Processing request of type CallToolRequest
2026-06-23 16:42:05 | INFO     | server.py:226 | handle_submit_report() | Report submitted for 0x025abAD9e518516fdaAFBDcdB9701b37fb7eF0FA: ['access_control', 'logic_error', 'replay_race']
2026-06-23 16:42:05 | INFO     | server.py:733 | _handle_request() | Processing request of type CallToolRequest
2026-06-23 16:42:05 | INFO     | server.py:733 | _handle_request() | Processing request of type CallToolRequest
2026-06-23 16:42:06 | INFO     | server.py:733 | _handle_request() | Processing request of type CallToolRequest
2026-06-23 16:42:06 | INFO     | server.py:733 | _handle_request() | Processing request of type CallToolRequest
2026-06-23 16:42:06 | INFO     | server.py:226 | handle_submit_report() | Report submitted for 0x003f79D7Be15dC1aD90Ce00E6eA68F335e2B789B: ['overflow', 'logic_error']
2026-06-23 16:42:07 | INFO     | server.py:419 | main() | Starting token-audit MCP server (mcp library)
2026-06-23 16:42:07 | INFO     | server.py:733 | _handle_request() | Processing request of type CallToolRequest
2026-06-23 16:42:07 | INFO     | server.py:156 | handle_setup_problem() | Setting up problem: 0x086D6C602E769599143637cA1F2D71d0E8db59Ce
2026-06-23 16:42:07 | INFO     | server.py:733 | _handle_request() | Processing request of type ListToolsRequest
2026-06-23 16:42:07 | INFO     | server.py:733 | _handle_request() | Processing request of type ListToolsRequest
2026-06-23 16:42:08 | INFO     | server.py:733 | _handle_request() | Processing request of type CallToolRequest
2026-06-23 16:42:09 | INFO     | server.py:733 | _handle_request() | Processing request of type CallToolRequest
2026-06-23 16:42:09 | INFO     | server.py:733 | _handle_request() | Processing request of type CallToolRequest
2026-06-23 16:42:11 | INFO     | server.py:733 | _handle_request() | Processing request of type CallToolRequest
2026-06-23 16:42:11 | INFO     | server.py:733 | _handle_request() | Processing request of type CallToolRequest
2026-06-23 16:42:12 | INFO     | server.py:733 | _handle_request() | Processing request of type CallToolRequest
2026-06-23 16:42:12 | INFO     | server.py:733 | _handle_request() | Processing request of type CallToolRequest
2026-06-23 16:42:13 | INFO     | server.py:419 | main() | Starting token-audit MCP server (mcp library)
2026-06-23 16:42:13 | INFO     | server.py:733 | _handle_request() | Processing request of type CallToolRequest
2026-06-23 16:42:13 | INFO     | server.py:156 | handle_setup_problem() | Setting up problem: 0x090fC358FA1a992C083590c7dd33Ad5208A02e9d
2026-06-23 16:42:13 | INFO     | server.py:733 | _handle_request() | Processing request of type ListToolsRequest
2026-06-23 16:42:13 | INFO     | server.py:733 | _handle_request() | Processing request of type ListToolsRequest
2026-06-23 16:42:13 | INFO     | server.py:733 | _handle_request() | Processing request of type CallToolRequest
2026-06-23 16:42:13 | INFO     | server.py:226 | handle_submit_report() | Report submitted for 0x040a05E50007873f8D527B2e4E63C41Bf723665d: ['access_control', 'dangerous_call', 'logic_error']
2026-06-23 16:42:14 | INFO     | server.py:733 | _handle_request() | Processing request of type CallToolRequest
2026-06-23 16:42:15 | INFO     | server.py:419 | main() | Starting token-audit MCP server (mcp library)
2026-06-23 16:42:15 | INFO     | server.py:733 | _handle_request() | Processing request of type CallToolRequest
2026-06-23 16:42:15 | INFO     | server.py:156 | handle_setup_problem() | Setting up problem: 0x093e5C256Ff8B32c7F1377f4C20e331674C77F00
2026-06-23 16:42:15 | INFO     | server.py:733 | _handle_request() | Processing request of type ListToolsRequest
2026-06-23 16:42:15 | INFO     | server.py:733 | _handle_request() | Processing request of type ListToolsRequest
2026-06-23 16:42:16 | INFO     | server.py:733 | _handle_request() | Processing request of type CallToolRequest
2026-06-23 16:42:16 | INFO     | server.py:733 | _handle_request() | Processing request of type CallToolRequest
2026-06-23 16:42:18 | INFO     | server.py:733 | _handle_request() | Processing request of type CallToolRequest
2026-06-23 16:42:19 | INFO     | server.py:733 | _handle_request() | Processing request of type CallToolRequest
2026-06-23 16:42:19 | INFO     | server.py:733 | _handle_request() | Processing request of type CallToolRequest
2026-06-23 16:42:20 | INFO     | server.py:733 | _handle_request() | Processing request of type CallToolRequest
2026-06-23 16:42:20 | INFO     | server.py:733 | _handle_request() | Processing request of type CallToolRequest
2026-06-23 16:42:22 | INFO     | server.py:733 | _handle_request() | Processing request of type CallToolRequest
2026-06-23 16:42:23 | INFO     | server.py:733 | _handle_request() | Processing request of type CallToolRequest
2026-06-23 16:42:23 | INFO     | server.py:733 | _handle_request() | Processing request of type CallToolRequest
2026-06-23 16:42:23 | INFO     | server.py:226 | handle_submit_report() | Report submitted for 0x047187e53477be70DBe8Ea5B799318f2e165052F: ['overflow', 'access_control', 'dangerous_call', 'logic_error', 'replay_race']
2026-06-23 16:42:24 | INFO     | server.py:733 | _handle_request() | Processing request of type CallToolRequest
2026-06-23 16:42:24 | INFO     | server.py:419 | main() | Starting token-audit MCP server (mcp library)
2026-06-23 16:42:24 | INFO     | server.py:733 | _handle_request() | Processing request of type CallToolRequest
2026-06-23 16:42:24 | INFO     | server.py:156 | handle_setup_problem() | Setting up problem: 0x0B4cE72A70e87BEe66e0f43E9c861366e9D7DE19
2026-06-23 16:42:24 | INFO     | server.py:733 | _handle_request() | Processing request of type ListToolsRequest
2026-06-23 16:42:24 | INFO     | server.py:733 | _handle_request() | Processing request of type ListToolsRequest
2026-06-23 16:42:24 | INFO     | server.py:733 | _handle_request() | Processing request of type CallToolRequest
2026-06-23 16:42:26 | INFO     | server.py:733 | _handle_request() | Processing request of type CallToolRequest
2026-06-23 16:42:26 | INFO     | server.py:226 | handle_submit_report() | Report submitted for 0x041B3eb05560Ba2670DEF3Cc5eeC2AeEF8e5D14b: ['overflow', 'access_control', 'dangerous_call', 'logic_error', 'replay_race']
2026-06-23 16:42:27 | INFO     | server.py:733 | _handle_request() | Processing request of type CallToolRequest
2026-06-23 16:42:27 | INFO     | server.py:226 | handle_submit_report() | Report submitted for 0x0675DAa94725A528b05A3A88635C03EA964BFA7E: ['access_control', 'logic_error']
2026-06-23 16:42:28 | INFO     | server.py:733 | _handle_request() | Processing request of type CallToolRequest
2026-06-23 16:42:28 | INFO     | server.py:733 | _handle_request() | Processing request of type CallToolRequest
2026-06-23 16:42:30 | INFO     | server.py:733 | _handle_request() | Processing request of type CallToolRequest
2026-06-23 16:42:31 | INFO     | server.py:733 | _handle_request() | Processing request of type CallToolRequest
2026-06-23 16:42:32 | INFO     | server.py:419 | main() | Starting token-audit MCP server (mcp library)
2026-06-23 16:42:32 | INFO     | server.py:733 | _handle_request() | Processing request of type CallToolRequest
2026-06-23 16:42:32 | INFO     | server.py:156 | handle_setup_problem() | Setting up problem: 0x0BDBc0748bA09fBE9e9ED5938532E41446c2f033
2026-06-23 16:42:32 | INFO     | server.py:733 | _handle_request() | Processing request of type ListToolsRequest
2026-06-23 16:42:32 | INFO     | server.py:733 | _handle_request() | Processing request of type ListToolsRequest
2026-06-23 16:42:34 | INFO     | server.py:419 | main() | Starting token-audit MCP server (mcp library)
2026-06-23 16:42:34 | INFO     | server.py:733 | _handle_request() | Processing request of type CallToolRequest
2026-06-23 16:42:34 | INFO     | server.py:156 | handle_setup_problem() | Setting up problem: 0x0D324B2e732c35162b99BAFc63E35b16E6ec54cD
2026-06-23 16:42:34 | INFO     | server.py:733 | _handle_request() | Processing request of type ListToolsRequest
2026-06-23 16:42:34 | INFO     | server.py:733 | _handle_request() | Processing request of type ListToolsRequest
2026-06-23 16:42:34 | INFO     | server.py:733 | _handle_request() | Processing request of type CallToolRequest
2026-06-23 16:42:34 | INFO     | server.py:733 | _handle_request() | Processing request of type CallToolRequest
2026-06-23 16:42:35 | INFO     | server.py:733 | _handle_request() | Processing request of type CallToolRequest
2026-06-23 16:42:36 | INFO     | server.py:733 | _handle_request() | Processing request of type CallToolRequest
2026-06-23 16:42:37 | INFO     | server.py:733 | _handle_request() | Processing request of type CallToolRequest
2026-06-23 16:42:39 | INFO     | server.py:733 | _handle_request() | Processing request of type CallToolRequest
2026-06-23 16:42:39 | INFO     | server.py:733 | _handle_request() | Processing request of type CallToolRequest
2026-06-23 16:42:41 | INFO     | server.py:419 | main() | Starting token-audit MCP server (mcp library)
2026-06-23 16:42:41 | INFO     | server.py:733 | _handle_request() | Processing request of type CallToolRequest
2026-06-23 16:42:41 | INFO     | server.py:156 | handle_setup_problem() | Setting up problem: 0x0D44b2757F1b6C742Ff8707F6eb298A7DA1981af
2026-06-23 16:42:41 | INFO     | server.py:733 | _handle_request() | Processing request of type ListToolsRequest
2026-06-23 16:42:41 | INFO     | server.py:733 | _handle_request() | Processing request of type ListToolsRequest
2026-06-23 16:42:41 | INFO     | server.py:733 | _handle_request() | Processing request of type CallToolRequest
2026-06-23 16:42:42 | INFO     | server.py:733 | _handle_request() | Processing request of type CallToolRequest
2026-06-23 16:42:42 | INFO     | server.py:733 | _handle_request() | Processing request of type CallToolRequest
2026-06-23 16:42:42 | INFO     | server.py:226 | handle_submit_report() | Report submitted for 0x090fC358FA1a992C083590c7dd33Ad5208A02e9d: ['overflow', 'access_control', 'dangerous_call', 'logic_error', 'replay_race']
2026-06-23 16:42:43 | INFO     | server.py:733 | _handle_request() | Processing request of type CallToolRequest
2026-06-23 16:42:44 | INFO     | server.py:733 | _handle_request() | Processing request of type CallToolRequest
2026-06-23 16:42:44 | INFO     | server.py:226 | handle_submit_report() | Report submitted for 0x0763EA00a235DaDdFf3Ed5B0F03ff414577E0173: ['overflow', 'access_control', 'dangerous_call', 'logic_error', 'replay_race']
2026-06-23 16:42:44 | INFO     | server.py:733 | _handle_request() | Processing request of type CallToolRequest
2026-06-23 16:42:45 | INFO     | server.py:733 | _handle_request() | Processing request of type CallToolRequest
2026-06-23 16:42:47 | INFO     | server.py:733 | _handle_request() | Processing request of type CallToolRequest
2026-06-23 16:42:47 | INFO     | server.py:226 | handle_submit_report() | Report submitted for 0x086D6C602E769599143637cA1F2D71d0E8db59Ce: ['overflow', 'access_control', 'dangerous_call', 'logic_error', 'replay_race']
2026-06-23 16:42:48 | INFO     | server.py:733 | _handle_request() | Processing request of type CallToolRequest
2026-06-23 16:42:48 | INFO     | server.py:226 | handle_submit_report() | Report submitted for 0x06308B924dC8Fe805BD28d3170B7c8b9909E4EBa: ['overflow', 'access_control', 'dangerous_call', 'logic_error', 'replay_race']
2026-06-23 16:42:49 | INFO     | server.py:733 | _handle_request() | Processing request of type CallToolRequest
2026-06-23 16:42:50 | INFO     | server.py:733 | _handle_request() | Processing request of type CallToolRequest
2026-06-23 16:42:50 | INFO     | server.py:733 | _handle_request() | Processing request of type CallToolRequest
2026-06-23 16:42:51 | INFO     | server.py:419 | main() | Starting token-audit MCP server (mcp library)
2026-06-23 16:42:51 | INFO     | server.py:733 | _handle_request() | Processing request of type CallToolRequest
2026-06-23 16:42:51 | INFO     | server.py:156 | handle_setup_problem() | Setting up problem: 0x0D6f4cef46F23877A930C2d782cc275C978bC1eE
2026-06-23 16:42:51 | INFO     | server.py:733 | _handle_request() | Processing request of type ListToolsRequest
2026-06-23 16:42:51 | INFO     | server.py:733 | _handle_request() | Processing request of type ListToolsRequest
2026-06-23 16:42:53 | INFO     | server.py:733 | _handle_request() | Processing request of type CallToolRequest
2026-06-23 16:42:54 | INFO     | server.py:419 | main() | Starting token-audit MCP server (mcp library)
2026-06-23 16:42:54 | INFO     | server.py:733 | _handle_request() | Processing request of type CallToolRequest
2026-06-23 16:42:54 | INFO     | server.py:156 | handle_setup_problem() | Setting up problem: 0x0DAf4CD0d8F3132Ca5eb256aBbE03d45DbbAf7C4
2026-06-23 16:42:54 | INFO     | server.py:733 | _handle_request() | Processing request of type ListToolsRequest
2026-06-23 16:42:54 | INFO     | server.py:733 | _handle_request() | Processing request of type ListToolsRequest
2026-06-23 16:42:55 | INFO     | server.py:733 | _handle_request() | Processing request of type CallToolRequest
2026-06-23 16:42:56 | INFO     | server.py:733 | _handle_request() | Processing request of type CallToolRequest
2026-06-23 16:42:56 | INFO     | server.py:733 | _handle_request() | Processing request of type CallToolRequest
2026-06-23 16:42:58 | INFO     | server.py:419 | main() | Starting token-audit MCP server (mcp library)
2026-06-23 16:42:58 | INFO     | server.py:733 | _handle_request() | Processing request of type CallToolRequest
2026-06-23 16:42:58 | INFO     | server.py:156 | handle_setup_problem() | Setting up problem: 0x0Ec4207AA379dFcd9239e987530b95a55178e5eB
2026-06-23 16:42:58 | INFO     | server.py:733 | _handle_request() | Processing request of type ListToolsRequest
2026-06-23 16:42:58 | INFO     | server.py:733 | _handle_request() | Processing request of type ListToolsRequest
2026-06-23 16:42:58 | INFO     | server.py:733 | _handle_request() | Processing request of type CallToolRequest
2026-06-23 16:42:59 | INFO     | server.py:733 | _handle_request() | Processing request of type CallToolRequest
2026-06-23 16:43:01 | INFO     | server.py:733 | _handle_request() | Processing request of type CallToolRequest
2026-06-23 16:43:03 | INFO     | server.py:733 | _handle_request() | Processing request of type CallToolRequest
2026-06-23 16:43:04 | INFO     | server.py:733 | _handle_request() | Processing request of type CallToolRequest
2026-06-23 16:43:05 | INFO     | server.py:419 | main() | Starting token-audit MCP server (mcp library)
2026-06-23 16:43:05 | INFO     | server.py:733 | _handle_request() | Processing request of type CallToolRequest
2026-06-23 16:43:05 | INFO     | server.py:156 | handle_setup_problem() | Setting up problem: 0x10c0337c42843E0b8CE743d7D5fF39b711f3aD82
2026-06-23 16:43:05 | INFO     | server.py:733 | _handle_request() | Processing request of type ListToolsRequest
2026-06-23 16:43:05 | INFO     | server.py:733 | _handle_request() | Processing request of type ListToolsRequest
2026-06-23 16:43:06 | INFO     | server.py:733 | _handle_request() | Processing request of type CallToolRequest
2026-06-23 16:43:07 | INFO     | server.py:733 | _handle_request() | Processing request of type CallToolRequest
2026-06-23 16:43:07 | INFO     | server.py:226 | handle_submit_report() | Report submitted for 0x093e5C256Ff8B32c7F1377f4C20e331674C77F00: ['overflow', 'access_control', 'dangerous_call', 'logic_error']
2026-06-23 16:43:08 | INFO     | server.py:733 | _handle_request() | Processing request of type CallToolRequest
2026-06-23 16:43:11 | INFO     | server.py:733 | _handle_request() | Processing request of type CallToolRequest
2026-06-23 16:43:11 | INFO     | server.py:226 | handle_submit_report() | Report submitted for 0x0BDBc0748bA09fBE9e9ED5938532E41446c2f033: ['overflow', 'access_control', 'logic_error', 'replay_race']
2026-06-23 16:43:12 | INFO     | server.py:733 | _handle_request() | Processing request of type CallToolRequest
2026-06-23 16:43:12 | INFO     | server.py:733 | _handle_request() | Processing request of type CallToolRequest
2026-06-23 16:43:13 | INFO     | server.py:733 | _handle_request() | Processing request of type CallToolRequest
2026-06-23 16:43:13 | INFO     | server.py:419 | main() | Starting token-audit MCP server (mcp library)
2026-06-23 16:43:13 | INFO     | server.py:733 | _handle_request() | Processing request of type CallToolRequest
2026-06-23 16:43:13 | INFO     | server.py:156 | handle_setup_problem() | Setting up problem: 0x113058C101b2D78e001D4a7D2174a66b5ff3A4A7
2026-06-23 16:43:13 | INFO     | server.py:733 | _handle_request() | Processing request of type ListToolsRequest
2026-06-23 16:43:13 | INFO     | server.py:733 | _handle_request() | Processing request of type ListToolsRequest
2026-06-23 16:43:14 | INFO     | server.py:733 | _handle_request() | Processing request of type CallToolRequest
2026-06-23 16:43:14 | INFO     | server.py:226 | handle_submit_report() | Report submitted for 0x0B4cE72A70e87BEe66e0f43E9c861366e9D7DE19: ['overflow', 'access_control', 'dangerous_call', 'logic_error', 'replay_race']
2026-06-23 16:43:16 | INFO     | server.py:733 | _handle_request() | Processing request of type CallToolRequest
2026-06-23 16:43:16 | INFO     | server.py:226 | handle_submit_report() | Report submitted for 0x0D324B2e732c35162b99BAFc63E35b16E6ec54cD: ['access_control', 'logic_error', 'replay_race']
2026-06-23 16:43:16 | INFO     | server.py:733 | _handle_request() | Processing request of type CallToolRequest
2026-06-23 16:43:18 | INFO     | server.py:733 | _handle_request() | Processing request of type CallToolRequest
2026-06-23 16:43:19 | INFO     | server.py:733 | _handle_request() | Processing request of type CallToolRequest
2026-06-23 16:43:20 | INFO     | server.py:733 | _handle_request() | Processing request of type CallToolRequest
2026-06-23 16:43:20 | INFO     | server.py:419 | main() | Starting token-audit MCP server (mcp library)
2026-06-23 16:43:20 | INFO     | server.py:733 | _handle_request() | Processing request of type CallToolRequest
2026-06-23 16:43:20 | INFO     | server.py:156 | handle_setup_problem() | Setting up problem: 0x117820a67905555D4203d6915807D39921636b8D
2026-06-23 16:43:20 | INFO     | server.py:733 | _handle_request() | Processing request of type ListToolsRequest
2026-06-23 16:43:20 | INFO     | server.py:733 | _handle_request() | Processing request of type ListToolsRequest
2026-06-23 16:43:21 | INFO     | server.py:733 | _handle_request() | Processing request of type CallToolRequest
2026-06-23 16:43:22 | INFO     | server.py:419 | main() | Starting token-audit MCP server (mcp library)
2026-06-23 16:43:22 | INFO     | server.py:733 | _handle_request() | Processing request of type CallToolRequest
2026-06-23 16:43:22 | INFO     | server.py:156 | handle_setup_problem() | Setting up problem: 0x11838ECe89439C4f0224Bc7b9f76E07721d99f9e
2026-06-23 16:43:22 | INFO     | server.py:733 | _handle_request() | Processing request of type ListToolsRequest
2026-06-23 16:43:22 | INFO     | server.py:733 | _handle_request() | Processing request of type ListToolsRequest
2026-06-23 16:43:22 | INFO     | server.py:733 | _handle_request() | Processing request of type CallToolRequest
2026-06-23 16:43:22 | INFO     | server.py:733 | _handle_request() | Processing request of type CallToolRequest
2026-06-23 16:43:24 | INFO     | server.py:733 | _handle_request() | Processing request of type CallToolRequest
2026-06-23 16:43:25 | INFO     | server.py:733 | _handle_request() | Processing request of type CallToolRequest
2026-06-23 16:43:25 | INFO     | server.py:733 | _handle_request() | Processing request of type CallToolRequest
2026-06-23 16:43:25 | INFO     | server.py:733 | _handle_request() | Processing request of type CallToolRequest
2026-06-23 16:43:26 | INFO     | server.py:733 | _handle_request() | Processing request of type CallToolRequest
2026-06-23 16:43:26 | INFO     | server.py:419 | main() | Starting token-audit MCP server (mcp library)
2026-06-23 16:43:26 | INFO     | server.py:733 | _handle_request() | Processing request of type CallToolRequest
2026-06-23 16:43:26 | INFO     | server.py:156 | handle_setup_problem() | Setting up problem: 0x11D635bbba3f9B8f7C9b91cA9f315a2207cb5AD5
2026-06-23 16:43:26 | INFO     | server.py:733 | _handle_request() | Processing request of type ListToolsRequest
2026-06-23 16:43:26 | INFO     | server.py:733 | _handle_request() | Processing request of type ListToolsRequest
2026-06-23 16:43:28 | INFO     | server.py:733 | _handle_request() | Processing request of type CallToolRequest
2026-06-23 16:43:28 | INFO     | server.py:733 | _handle_request() | Processing request of type CallToolRequest
2026-06-23 16:43:30 | INFO     | server.py:733 | _handle_request() | Processing request of type CallToolRequest
2026-06-23 16:43:30 | INFO     | server.py:733 | _handle_request() | Processing request of type CallToolRequest
2026-06-23 16:43:30 | INFO     | server.py:226 | handle_submit_report() | Report submitted for 0x0DAf4CD0d8F3132Ca5eb256aBbE03d45DbbAf7C4: ['overflow', 'access_control', 'dangerous_call', 'logic_error', 'replay_race']
2026-06-23 16:43:31 | INFO     | server.py:733 | _handle_request() | Processing request of type CallToolRequest
2026-06-23 16:43:32 | INFO     | server.py:733 | _handle_request() | Processing request of type CallToolRequest
2026-06-23 16:43:34 | INFO     | server.py:419 | main() | Starting token-audit MCP server (mcp library)
2026-06-23 16:43:34 | INFO     | server.py:733 | _handle_request() | Processing request of type CallToolRequest
2026-06-23 16:43:34 | INFO     | server.py:156 | handle_setup_problem() | Setting up problem: 0x123aB195DD38B1b40510d467a6a359b201af056f
2026-06-23 16:43:34 | INFO     | server.py:733 | _handle_request() | Processing request of type ListToolsRequest
2026-06-23 16:43:34 | INFO     | server.py:733 | _handle_request() | Processing request of type ListToolsRequest
2026-06-23 16:43:35 | INFO     | server.py:733 | _handle_request() | Processing request of type CallToolRequest
2026-06-23 16:43:35 | INFO     | server.py:733 | _handle_request() | Processing request of type CallToolRequest
2026-06-23 16:43:35 | INFO     | server.py:226 | handle_submit_report() | Report submitted for 0x066420fF2aF331b3F7c1a5925121e068c69614dF: ['overflow', 'access_control', 'dangerous_call', 'logic_error', 'replay_race']
2026-06-23 16:43:39 | INFO     | server.py:733 | _handle_request() | Processing request of type CallToolRequest
2026-06-23 16:43:39 | INFO     | server.py:733 | _handle_request() | Processing request of type CallToolRequest
2026-06-23 16:43:40 | INFO     | server.py:733 | _handle_request() | Processing request of type CallToolRequest
2026-06-23 16:43:43 | INFO     | server.py:733 | _handle_request() | Processing request of type CallToolRequest
2026-06-23 16:43:43 | INFO     | server.py:226 | handle_submit_report() | Report submitted for 0x11D635bbba3f9B8f7C9b91cA9f315a2207cb5AD5: ['overflow', 'access_control', 'logic_error']
2026-06-23 16:43:44 | INFO     | server.py:733 | _handle_request() | Processing request of type CallToolRequest
2026-06-23 16:43:45 | INFO     | server.py:733 | _handle_request() | Processing request of type CallToolRequest
2026-06-23 16:43:45 | INFO     | server.py:226 | handle_submit_report() | Report submitted for 0x0D44b2757F1b6C742Ff8707F6eb298A7DA1981af: ['overflow', 'access_control', 'dangerous_call', 'logic_error', 'replay_race']
2026-06-23 16:43:45 | INFO     | server.py:733 | _handle_request() | Processing request of type CallToolRequest
2026-06-23 16:43:47 | INFO     | server.py:733 | _handle_request() | Processing request of type CallToolRequest
2026-06-23 16:43:48 | INFO     | server.py:733 | _handle_request() | Processing request of type CallToolRequest
2026-06-23 16:43:48 | INFO     | server.py:733 | _handle_request() | Processing request of type CallToolRequest
2026-06-23 16:43:49 | INFO     | server.py:419 | main() | Starting token-audit MCP server (mcp library)
2026-06-23 16:43:49 | INFO     | server.py:733 | _handle_request() | Processing request of type CallToolRequest
2026-06-23 16:43:49 | INFO     | server.py:156 | handle_setup_problem() | Setting up problem: 0x129AcF3033AdF867E186141Ed182EAfD39596436
2026-06-23 16:43:49 | INFO     | server.py:733 | _handle_request() | Processing request of type ListToolsRequest
2026-06-23 16:43:49 | INFO     | server.py:733 | _handle_request() | Processing request of type ListToolsRequest
2026-06-23 16:43:51 | INFO     | server.py:733 | _handle_request() | Processing request of type CallToolRequest
2026-06-23 16:43:51 | INFO     | server.py:419 | main() | Starting token-audit MCP server (mcp library)
2026-06-23 16:43:51 | INFO     | server.py:733 | _handle_request() | Processing request of type CallToolRequest
2026-06-23 16:43:51 | INFO     | server.py:156 | handle_setup_problem() | Setting up problem: 0x12CCA3373658D7D9a6d92403065377723ceB7B9b
2026-06-23 16:43:51 | INFO     | server.py:733 | _handle_request() | Processing request of type ListToolsRequest
2026-06-23 16:43:51 | INFO     | server.py:733 | _handle_request() | Processing request of type ListToolsRequest
2026-06-23 16:43:52 | INFO     | server.py:733 | _handle_request() | Processing request of type CallToolRequest
2026-06-23 16:43:52 | INFO     | server.py:733 | _handle_request() | Processing request of type CallToolRequest
2026-06-23 16:43:53 | INFO     | server.py:733 | _handle_request() | Processing request of type CallToolRequest
2026-06-23 16:43:54 | INFO     | server.py:733 | _handle_request() | Processing request of type CallToolRequest
2026-06-23 16:43:54 | INFO     | server.py:419 | main() | Starting token-audit MCP server (mcp library)
2026-06-23 16:43:54 | INFO     | server.py:733 | _handle_request() | Processing request of type CallToolRequest
2026-06-23 16:43:54 | INFO     | server.py:156 | handle_setup_problem() | Setting up problem: 0x12E29d7d6fD63f0f12040Fcd1bf9021919b0E4fA
2026-06-23 16:43:54 | INFO     | server.py:733 | _handle_request() | Processing request of type ListToolsRequest
2026-06-23 16:43:54 | INFO     | server.py:733 | _handle_request() | Processing request of type ListToolsRequest
2026-06-23 16:43:54 | INFO     | server.py:733 | _handle_request() | Processing request of type CallToolRequest
2026-06-23 16:43:54 | INFO     | server.py:226 | handle_submit_report() | Report submitted for 0x0Ec4207AA379dFcd9239e987530b95a55178e5eB: ['overflow', 'access_control', 'dangerous_call', 'logic_error', 'replay_race']
2026-06-23 16:43:54 | INFO     | server.py:733 | _handle_request() | Processing request of type CallToolRequest
2026-06-23 16:43:55 | INFO     | server.py:733 | _handle_request() | Processing request of type CallToolRequest
2026-06-23 16:43:56 | INFO     | server.py:419 | main() | Starting token-audit MCP server (mcp library)
2026-06-23 16:43:56 | INFO     | server.py:733 | _handle_request() | Processing request of type CallToolRequest
2026-06-23 16:43:56 | INFO     | server.py:156 | handle_setup_problem() | Setting up problem: 0x12F9cf26A436B67728480DF770416F9be5605d77
2026-06-23 16:43:56 | INFO     | server.py:733 | _handle_request() | Processing request of type ListToolsRequest
2026-06-23 16:43:56 | INFO     | server.py:733 | _handle_request() | Processing request of type ListToolsRequest
2026-06-23 16:43:57 | INFO     | server.py:733 | _handle_request() | Processing request of type CallToolRequest
2026-06-23 16:43:57 | INFO     | server.py:733 | _handle_request() | Processing request of type CallToolRequest
2026-06-23 16:43:57 | INFO     | server.py:733 | _handle_request() | Processing request of type CallToolRequest
2026-06-23 16:43:57 | INFO     | server.py:226 | handle_submit_report() | Report submitted for 0x113058C101b2D78e001D4a7D2174a66b5ff3A4A7: ['overflow', 'access_control', 'dangerous_call', 'logic_error', 'replay_race']
2026-06-23 16:44:00 | INFO     | server.py:733 | _handle_request() | Processing request of type CallToolRequest
2026-06-23 16:44:00 | INFO     | server.py:226 | handle_submit_report() | Report submitted for 0x117820a67905555D4203d6915807D39921636b8D: ['overflow', 'access_control', 'dangerous_call', 'logic_error', 'replay_race']
2026-06-23 16:44:00 | INFO     | server.py:733 | _handle_request() | Processing request of type CallToolRequest
2026-06-23 16:44:01 | INFO     | server.py:733 | _handle_request() | Processing request of type CallToolRequest
2026-06-23 16:44:02 | INFO     | server.py:419 | main() | Starting token-audit MCP server (mcp library)
2026-06-23 16:44:02 | INFO     | server.py:733 | _handle_request() | Processing request of type CallToolRequest
2026-06-23 16:44:02 | INFO     | server.py:156 | handle_setup_problem() | Setting up problem: 0x130282173B796f75E0EB65eAF9F4d10835E1287a
2026-06-23 16:44:02 | INFO     | server.py:733 | _handle_request() | Processing request of type CallToolRequest
2026-06-23 16:44:02 | INFO     | server.py:733 | _handle_request() | Processing request of type ListToolsRequest
2026-06-23 16:44:02 | INFO     | server.py:733 | _handle_request() | Processing request of type ListToolsRequest
2026-06-23 16:44:04 | INFO     | server.py:733 | _handle_request() | Processing request of type CallToolRequest
2026-06-23 16:44:04 | INFO     | server.py:226 | handle_submit_report() | Report submitted for 0x11838ECe89439C4f0224Bc7b9f76E07721d99f9e: ['overflow', 'access_control', 'dangerous_call', 'logic_error', 'replay_race']
2026-06-23 16:44:06 | INFO     | server.py:733 | _handle_request() | Processing request of type CallToolRequest
2026-06-23 16:44:08 | INFO     | server.py:733 | _handle_request() | Processing request of type CallToolRequest
2026-06-23 16:44:08 | INFO     | server.py:733 | _handle_request() | Processing request of type CallToolRequest
2026-06-23 16:44:08 | INFO     | server.py:226 | handle_submit_report() | Report submitted for 0x123aB195DD38B1b40510d467a6a359b201af056f: ['access_control', 'logic_error']
2026-06-23 16:44:09 | INFO     | server.py:733 | _handle_request() | Processing request of type CallToolRequest
2026-06-23 16:44:10 | INFO     | server.py:733 | _handle_request() | Processing request of type CallToolRequest
2026-06-23 16:44:10 | INFO     | server.py:733 | _handle_request() | Processing request of type CallToolRequest
2026-06-23 16:44:11 | INFO     | server.py:419 | main() | Starting token-audit MCP server (mcp library)
2026-06-23 16:44:11 | INFO     | server.py:733 | _handle_request() | Processing request of type CallToolRequest
2026-06-23 16:44:11 | INFO     | server.py:156 | handle_setup_problem() | Setting up problem: 0x1400300399F6fC996a58846bC251E28282a97C2b
2026-06-23 16:44:11 | INFO     | server.py:733 | _handle_request() | Processing request of type ListToolsRequest
2026-06-23 16:44:11 | INFO     | server.py:733 | _handle_request() | Processing request of type ListToolsRequest
2026-06-23 16:44:12 | INFO     | server.py:419 | main() | Starting token-audit MCP server (mcp library)
2026-06-23 16:44:12 | INFO     | server.py:733 | _handle_request() | Processing request of type CallToolRequest
2026-06-23 16:44:12 | INFO     | server.py:156 | handle_setup_problem() | Setting up problem: 0x1443616b940AEA9fD52ADd2EbDc6966a4ac5F27d
2026-06-23 16:44:12 | INFO     | server.py:733 | _handle_request() | Processing request of type ListToolsRequest
2026-06-23 16:44:12 | INFO     | server.py:733 | _handle_request() | Processing request of type ListToolsRequest
2026-06-23 16:44:12 | INFO     | server.py:733 | _handle_request() | Processing request of type CallToolRequest
2026-06-23 16:44:12 | INFO     | server.py:733 | _handle_request() | Processing request of type CallToolRequest
2026-06-23 16:44:13 | INFO     | server.py:419 | main() | Starting token-audit MCP server (mcp library)
2026-06-23 16:44:13 | INFO     | server.py:733 | _handle_request() | Processing request of type CallToolRequest
2026-06-23 16:44:13 | INFO     | server.py:156 | handle_setup_problem() | Setting up problem: 0x14Fb4c93Fe461EC3F9F22B61aB7030F258867969
2026-06-23 16:44:13 | INFO     | server.py:733 | _handle_request() | Processing request of type ListToolsRequest
2026-06-23 16:44:13 | INFO     | server.py:733 | _handle_request() | Processing request of type ListToolsRequest
2026-06-23 16:44:14 | INFO     | server.py:733 | _handle_request() | Processing request of type CallToolRequest
2026-06-23 16:44:16 | INFO     | server.py:733 | _handle_request() | Processing request of type CallToolRequest
2026-06-23 16:44:16 | INFO     | server.py:733 | _handle_request() | Processing request of type CallToolRequest
2026-06-23 16:44:16 | INFO     | server.py:733 | _handle_request() | Processing request of type CallToolRequest
2026-06-23 16:44:17 | INFO     | server.py:733 | _handle_request() | Processing request of type CallToolRequest
2026-06-23 16:44:17 | INFO     | server.py:419 | main() | Starting token-audit MCP server (mcp library)
2026-06-23 16:44:17 | INFO     | server.py:733 | _handle_request() | Processing request of type CallToolRequest
2026-06-23 16:44:17 | INFO     | server.py:156 | handle_setup_problem() | Setting up problem: 0x14c7a2cE7482C3c66897dcAe3EEd5d62985f5E86
2026-06-23 16:44:17 | INFO     | server.py:733 | _handle_request() | Processing request of type ListToolsRequest
2026-06-23 16:44:17 | INFO     | server.py:733 | _handle_request() | Processing request of type ListToolsRequest
2026-06-23 16:44:18 | INFO     | server.py:733 | _handle_request() | Processing request of type CallToolRequest
2026-06-23 16:44:18 | INFO     | server.py:733 | _handle_request() | Processing request of type CallToolRequest
2026-06-23 16:44:20 | INFO     | server.py:733 | _handle_request() | Processing request of type CallToolRequest
2026-06-23 16:44:21 | INFO     | server.py:733 | _handle_request() | Processing request of type CallToolRequest
2026-06-23 16:44:22 | INFO     | server.py:733 | _handle_request() | Processing request of type CallToolRequest
2026-06-23 16:44:22 | INFO     | server.py:733 | _handle_request() | Processing request of type CallToolRequest
2026-06-23 16:44:22 | INFO     | server.py:226 | handle_submit_report() | Report submitted for 0x12F9cf26A436B67728480DF770416F9be5605d77: ['overflow', 'access_control', 'logic_error']
2026-06-23 16:44:23 | INFO     | server.py:733 | _handle_request() | Processing request of type CallToolRequest
2026-06-23 16:44:26 | INFO     | server.py:733 | _handle_request() | Processing request of type CallToolRequest
2026-06-23 16:44:26 | INFO     | server.py:733 | _handle_request() | Processing request of type CallToolRequest
2026-06-23 16:44:27 | INFO     | server.py:733 | _handle_request() | Processing request of type CallToolRequest
2026-06-23 16:44:30 | INFO     | server.py:733 | _handle_request() | Processing request of type CallToolRequest
2026-06-23 16:44:30 | INFO     | server.py:733 | _handle_request() | Processing request of type CallToolRequest
2026-06-23 16:44:31 | INFO     | server.py:733 | _handle_request() | Processing request of type CallToolRequest
2026-06-23 16:44:31 | INFO     | server.py:419 | main() | Starting token-audit MCP server (mcp library)
2026-06-23 16:44:31 | INFO     | server.py:733 | _handle_request() | Processing request of type CallToolRequest
2026-06-23 16:44:31 | INFO     | server.py:156 | handle_setup_problem() | Setting up problem: 0x14d9779B6585F3A7d4f768383B3cb030705dad2e
2026-06-23 16:44:31 | INFO     | server.py:733 | _handle_request() | Processing request of type ListToolsRequest
2026-06-23 16:44:31 | INFO     | server.py:733 | _handle_request() | Processing request of type ListToolsRequest
2026-06-23 16:44:31 | INFO     | server.py:733 | _handle_request() | Processing request of type CallToolRequest
2026-06-23 16:44:31 | INFO     | server.py:733 | _handle_request() | Processing request of type CallToolRequest
2026-06-23 16:44:35 | INFO     | server.py:733 | _handle_request() | Processing request of type CallToolRequest
2026-06-23 16:44:35 | INFO     | server.py:733 | _handle_request() | Processing request of type CallToolRequest
2026-06-23 16:44:35 | INFO     | server.py:226 | handle_submit_report() | Report submitted for 0x12E29d7d6fD63f0f12040Fcd1bf9021919b0E4fA: ['overflow', 'access_control', 'dangerous_call', 'logic_error', 'replay_race']
2026-06-23 16:44:36 | INFO     | server.py:733 | _handle_request() | Processing request of type CallToolRequest
2026-06-23 16:44:37 | INFO     | server.py:733 | _handle_request() | Processing request of type CallToolRequest
2026-06-23 16:44:37 | INFO     | server.py:733 | _handle_request() | Processing request of type CallToolRequest
2026-06-23 16:44:39 | INFO     | server.py:733 | _handle_request() | Processing request of type CallToolRequest
2026-06-23 16:44:41 | INFO     | server.py:733 | _handle_request() | Processing request of type CallToolRequest
2026-06-23 16:44:41 | INFO     | server.py:733 | _handle_request() | Processing request of type CallToolRequest
2026-06-23 16:44:42 | INFO     | server.py:733 | _handle_request() | Processing request of type CallToolRequest
2026-06-23 16:44:44 | INFO     | server.py:733 | _handle_request() | Processing request of type CallToolRequest
2026-06-23 16:44:46 | INFO     | server.py:733 | _handle_request() | Processing request of type CallToolRequest
2026-06-23 16:44:49 | INFO     | server.py:733 | _handle_request() | Processing request of type CallToolRequest
2026-06-23 16:44:50 | INFO     | server.py:733 | _handle_request() | Processing request of type CallToolRequest
2026-06-23 16:44:50 | INFO     | server.py:733 | _handle_request() | Processing request of type CallToolRequest
2026-06-23 16:44:50 | INFO     | server.py:733 | _handle_request() | Processing request of type CallToolRequest
2026-06-23 16:44:51 | INFO     | server.py:733 | _handle_request() | Processing request of type CallToolRequest
2026-06-23 16:44:51 | INFO     | server.py:419 | main() | Starting token-audit MCP server (mcp library)
2026-06-23 16:44:51 | INFO     | server.py:733 | _handle_request() | Processing request of type CallToolRequest
2026-06-23 16:44:51 | INFO     | server.py:156 | handle_setup_problem() | Setting up problem: 0x15aDB79e6AF601551A64060AeBBEdd39D929C5a7
2026-06-23 16:44:51 | INFO     | server.py:733 | _handle_request() | Processing request of type ListToolsRequest
2026-06-23 16:44:51 | INFO     | server.py:733 | _handle_request() | Processing request of type ListToolsRequest
2026-06-23 16:44:53 | INFO     | server.py:733 | _handle_request() | Processing request of type CallToolRequest
2026-06-23 16:44:54 | INFO     | server.py:733 | _handle_request() | Processing request of type CallToolRequest
2026-06-23 16:44:55 | INFO     | server.py:733 | _handle_request() | Processing request of type CallToolRequest
2026-06-23 16:44:55 | INFO     | server.py:733 | _handle_request() | Processing request of type CallToolRequest
2026-06-23 16:44:55 | INFO     | server.py:733 | _handle_request() | Processing request of type CallToolRequest
2026-06-23 16:44:55 | INFO     | server.py:226 | handle_submit_report() | Report submitted for 0x14c7a2cE7482C3c66897dcAe3EEd5d62985f5E86: ['overflow', 'access_control', 'dangerous_call', 'logic_error', 'replay_race']
2026-06-23 16:44:55 | INFO     | server.py:733 | _handle_request() | Processing request of type CallToolRequest
2026-06-23 16:44:57 | INFO     | server.py:733 | _handle_request() | Processing request of type CallToolRequest
2026-06-23 16:44:58 | INFO     | server.py:733 | _handle_request() | Processing request of type CallToolRequest
2026-06-23 16:44:59 | INFO     | server.py:733 | _handle_request() | Processing request of type CallToolRequest
2026-06-23 16:45:00 | INFO     | server.py:733 | _handle_request() | Processing request of type CallToolRequest
2026-06-23 16:45:01 | INFO     | server.py:733 | _handle_request() | Processing request of type CallToolRequest
2026-06-23 16:45:01 | INFO     | server.py:733 | _handle_request() | Processing request of type CallToolRequest
2026-06-23 16:45:02 | INFO     | server.py:733 | _handle_request() | Processing request of type CallToolRequest
2026-06-23 16:45:02 | INFO     | server.py:419 | main() | Starting token-audit MCP server (mcp library)
2026-06-23 16:45:02 | INFO     | server.py:733 | _handle_request() | Processing request of type CallToolRequest
2026-06-23 16:45:02 | INFO     | server.py:156 | handle_setup_problem() | Setting up problem: 0x173905A75a0244fcb20DB32DbaCfAdD3996CC702
2026-06-23 16:45:02 | INFO     | server.py:733 | _handle_request() | Processing request of type ListToolsRequest
2026-06-23 16:45:02 | INFO     | server.py:733 | _handle_request() | Processing request of type ListToolsRequest
2026-06-23 16:45:04 | INFO     | server.py:733 | _handle_request() | Processing request of type CallToolRequest
2026-06-23 16:45:05 | INFO     | server.py:733 | _handle_request() | Processing request of type CallToolRequest
2026-06-23 16:45:05 | INFO     | server.py:733 | _handle_request() | Processing request of type CallToolRequest
2026-06-23 16:45:05 | INFO     | server.py:226 | handle_submit_report() | Report submitted for 0x14Fb4c93Fe461EC3F9F22B61aB7030F258867969: ['overflow', 'access_control', 'dangerous_call', 'logic_error', 'replay_race']
2026-06-23 16:45:05 | INFO     | server.py:733 | _handle_request() | Processing request of type CallToolRequest
2026-06-23 16:45:05 | INFO     | server.py:226 | handle_submit_report() | Report submitted for 0x1400300399F6fC996a58846bC251E28282a97C2b: ['overflow', 'access_control', 'dangerous_call', 'logic_error', 'replay_race']
2026-06-23 16:45:05 | INFO     | server.py:733 | _handle_request() | Processing request of type CallToolRequest
2026-06-23 16:45:06 | INFO     | server.py:733 | _handle_request() | Processing request of type CallToolRequest
2026-06-23 16:45:06 | INFO     | server.py:733 | _handle_request() | Processing request of type CallToolRequest
2026-06-23 16:45:06 | INFO     | server.py:226 | handle_submit_report() | Report submitted for 0x1443616b940AEA9fD52ADd2EbDc6966a4ac5F27d: ['overflow', 'access_control', 'dangerous_call', 'logic_error', 'replay_race']
2026-06-23 16:45:08 | INFO     | server.py:733 | _handle_request() | Processing request of type CallToolRequest
2026-06-23 16:45:08 | INFO     | server.py:733 | _handle_request() | Processing request of type CallToolRequest
2026-06-23 16:45:09 | INFO     | server.py:733 | _handle_request() | Processing request of type CallToolRequest
2026-06-23 16:45:09 | INFO     | server.py:733 | _handle_request() | Processing request of type CallToolRequest
2026-06-23 16:45:10 | INFO     | server.py:733 | _handle_request() | Processing request of type CallToolRequest
2026-06-23 16:45:11 | INFO     | server.py:419 | main() | Starting token-audit MCP server (mcp library)
2026-06-23 16:45:11 | INFO     | server.py:733 | _handle_request() | Processing request of type CallToolRequest
2026-06-23 16:45:11 | INFO     | server.py:156 | handle_setup_problem() | Setting up problem: 0x17CBA58578eecAEE898242a02eDac75b8CC17231
2026-06-23 16:45:11 | INFO     | server.py:733 | _handle_request() | Processing request of type ListToolsRequest
2026-06-23 16:45:11 | INFO     | server.py:733 | _handle_request() | Processing request of type ListToolsRequest
2026-06-23 16:45:11 | INFO     | server.py:733 | _handle_request() | Processing request of type CallToolRequest
2026-06-23 16:45:12 | INFO     | server.py:733 | _handle_request() | Processing request of type CallToolRequest
2026-06-23 16:45:12 | INFO     | server.py:419 | main() | Starting token-audit MCP server (mcp library)
2026-06-23 16:45:12 | INFO     | server.py:733 | _handle_request() | Processing request of type CallToolRequest
2026-06-23 16:45:12 | INFO     | server.py:156 | handle_setup_problem() | Setting up problem: 0x17E4cc902015958839e693f179F49C75696381CE
2026-06-23 16:45:12 | INFO     | server.py:733 | _handle_request() | Processing request of type ListToolsRequest
2026-06-23 16:45:12 | INFO     | server.py:733 | _handle_request() | Processing request of type ListToolsRequest
2026-06-23 16:45:13 | INFO     | server.py:733 | _handle_request() | Processing request of type CallToolRequest
2026-06-23 16:45:13 | INFO     | server.py:733 | _handle_request() | Processing request of type CallToolRequest
2026-06-23 16:45:13 | INFO     | server.py:419 | main() | Starting token-audit MCP server (mcp library)
2026-06-23 16:45:13 | INFO     | server.py:733 | _handle_request() | Processing request of type CallToolRequest
2026-06-23 16:45:13 | INFO     | server.py:156 | handle_setup_problem() | Setting up problem: 0x17e63292C5E70C5968f7e908E65d742D7ABBcfdd
2026-06-23 16:45:13 | INFO     | server.py:733 | _handle_request() | Processing request of type ListToolsRequest
2026-06-23 16:45:13 | INFO     | server.py:733 | _handle_request() | Processing request of type ListToolsRequest
2026-06-23 16:45:14 | INFO     | server.py:733 | _handle_request() | Processing request of type CallToolRequest
2026-06-23 16:45:14 | INFO     | server.py:226 | handle_submit_report() | Report submitted for 0x10c0337c42843E0b8CE743d7D5fF39b711f3aD82: ['overflow', 'access_control', 'dangerous_call', 'logic_error', 'replay_race']
2026-06-23 16:45:14 | INFO     | server.py:733 | _handle_request() | Processing request of type CallToolRequest
2026-06-23 16:45:15 | INFO     | server.py:733 | _handle_request() | Processing request of type CallToolRequest
2026-06-23 16:45:16 | INFO     | server.py:733 | _handle_request() | Processing request of type CallToolRequest
2026-06-23 16:45:16 | INFO     | server.py:226 | handle_submit_report() | Report submitted for 0x15aDB79e6AF601551A64060AeBBEdd39D929C5a7: ['overflow', 'access_control', 'logic_error']
2026-06-23 16:45:17 | INFO     | server.py:733 | _handle_request() | Processing request of type CallToolRequest
2026-06-23 16:45:18 | INFO     | server.py:733 | _handle_request() | Processing request of type CallToolRequest
2026-06-23 16:45:18 | INFO     | server.py:733 | _handle_request() | Processing request of type CallToolRequest
2026-06-23 16:45:22 | INFO     | server.py:733 | _handle_request() | Processing request of type CallToolRequest
2026-06-23 16:45:22 | INFO     | server.py:733 | _handle_request() | Processing request of type CallToolRequest
2026-06-23 16:45:25 | INFO     | server.py:733 | _handle_request() | Processing request of type CallToolRequest
2026-06-23 16:45:25 | INFO     | server.py:733 | _handle_request() | Processing request of type CallToolRequest
2026-06-23 16:45:27 | INFO     | server.py:733 | _handle_request() | Processing request of type CallToolRequest
2026-06-23 16:45:27 | INFO     | server.py:419 | main() | Starting token-audit MCP server (mcp library)
2026-06-23 16:45:27 | INFO     | server.py:733 | _handle_request() | Processing request of type CallToolRequest
2026-06-23 16:45:27 | INFO     | server.py:156 | handle_setup_problem() | Setting up problem: 0x198cF24375ecCDf599c624d10F0C6fb9b75ec215
2026-06-23 16:45:27 | INFO     | server.py:733 | _handle_request() | Processing request of type ListToolsRequest
2026-06-23 16:45:27 | INFO     | server.py:733 | _handle_request() | Processing request of type ListToolsRequest
2026-06-23 16:45:28 | INFO     | server.py:733 | _handle_request() | Processing request of type CallToolRequest
2026-06-23 16:45:28 | INFO     | server.py:733 | _handle_request() | Processing request of type CallToolRequest
2026-06-23 16:45:29 | INFO     | server.py:419 | main() | Starting token-audit MCP server (mcp library)
2026-06-23 16:45:29 | INFO     | server.py:733 | _handle_request() | Processing request of type CallToolRequest
2026-06-23 16:45:29 | INFO     | server.py:156 | handle_setup_problem() | Setting up problem: 0x19AEA60E2FD6AC54EcF2576292C8Fc7046429C37
2026-06-23 16:45:29 | INFO     | server.py:733 | _handle_request() | Processing request of type ListToolsRequest
2026-06-23 16:45:29 | INFO     | server.py:733 | _handle_request() | Processing request of type ListToolsRequest
2026-06-23 16:45:29 | INFO     | server.py:733 | _handle_request() | Processing request of type CallToolRequest
2026-06-23 16:45:31 | INFO     | server.py:733 | _handle_request() | Processing request of type CallToolRequest
2026-06-23 16:45:31 | INFO     | server.py:733 | _handle_request() | Processing request of type CallToolRequest
2026-06-23 16:45:31 | INFO     | server.py:733 | _handle_request() | Processing request of type CallToolRequest
2026-06-23 16:45:32 | INFO     | server.py:733 | _handle_request() | Processing request of type CallToolRequest
2026-06-23 16:45:32 | INFO     | server.py:226 | handle_submit_report() | Report submitted for 0x14d9779B6585F3A7d4f768383B3cb030705dad2e: ['overflow', 'access_control', 'logic_error']
2026-06-23 16:45:35 | INFO     | server.py:733 | _handle_request() | Processing request of type CallToolRequest
2026-06-23 16:45:36 | INFO     | server.py:733 | _handle_request() | Processing request of type CallToolRequest
2026-06-23 16:45:36 | INFO     | server.py:733 | _handle_request() | Processing request of type CallToolRequest
2026-06-23 16:45:36 | INFO     | server.py:733 | _handle_request() | Processing request of type CallToolRequest
2026-06-23 16:45:40 | INFO     | server.py:733 | _handle_request() | Processing request of type CallToolRequest
2026-06-23 16:45:41 | INFO     | server.py:733 | _handle_request() | Processing request of type CallToolRequest
2026-06-23 16:45:41 | INFO     | server.py:733 | _handle_request() | Processing request of type CallToolRequest
2026-06-23 16:45:42 | INFO     | server.py:733 | _handle_request() | Processing request of type CallToolRequest
2026-06-23 16:45:43 | INFO     | server.py:733 | _handle_request() | Processing request of type CallToolRequest
2026-06-23 16:45:43 | INFO     | server.py:733 | _handle_request() | Processing request of type CallToolRequest
2026-06-23 16:45:45 | INFO     | server.py:733 | _handle_request() | Processing request of type CallToolRequest
2026-06-23 16:45:45 | INFO     | server.py:733 | _handle_request() | Processing request of type CallToolRequest
2026-06-23 16:45:46 | INFO     | server.py:733 | _handle_request() | Processing request of type CallToolRequest
2026-06-23 16:45:46 | INFO     | server.py:733 | _handle_request() | Processing request of type CallToolRequest
2026-06-23 16:45:48 | INFO     | server.py:733 | _handle_request() | Processing request of type CallToolRequest
2026-06-23 16:45:49 | INFO     | server.py:733 | _handle_request() | Processing request of type CallToolRequest
2026-06-23 16:45:49 | INFO     | server.py:226 | handle_submit_report() | Report submitted for 0x19AEA60E2FD6AC54EcF2576292C8Fc7046429C37: ['access_control', 'logic_error', 'replay_race']
2026-06-23 16:45:50 | INFO     | server.py:733 | _handle_request() | Processing request of type CallToolRequest
2026-06-23 16:45:50 | INFO     | server.py:733 | _handle_request() | Processing request of type CallToolRequest
2026-06-23 16:45:50 | INFO     | server.py:226 | handle_submit_report() | Report submitted for 0x17e63292C5E70C5968f7e908E65d742D7ABBcfdd: ['overflow', 'access_control', 'dangerous_call', 'logic_error', 'replay_race']
2026-06-23 16:45:50 | INFO     | server.py:733 | _handle_request() | Processing request of type CallToolRequest
2026-06-23 16:45:54 | INFO     | server.py:733 | _handle_request() | Processing request of type CallToolRequest
2026-06-23 16:45:55 | INFO     | server.py:733 | _handle_request() | Processing request of type CallToolRequest
2026-06-23 16:45:56 | INFO     | server.py:733 | _handle_request() | Processing request of type CallToolRequest
2026-06-23 16:45:56 | INFO     | server.py:733 | _handle_request() | Processing request of type CallToolRequest
2026-06-23 16:45:57 | INFO     | server.py:733 | _handle_request() | Processing request of type CallToolRequest
2026-06-23 16:45:59 | INFO     | server.py:733 | _handle_request() | Processing request of type CallToolRequest
2026-06-23 16:46:00 | INFO     | server.py:733 | _handle_request() | Processing request of type CallToolRequest
2026-06-23 16:46:01 | INFO     | server.py:733 | _handle_request() | Processing request of type CallToolRequest
2026-06-23 16:46:06 | INFO     | server.py:733 | _handle_request() | Processing request of type CallToolRequest
2026-06-23 16:46:06 | INFO     | server.py:733 | _handle_request() | Processing request of type CallToolRequest
2026-06-23 16:46:08 | INFO     | server.py:733 | _handle_request() | Processing request of type CallToolRequest
2026-06-23 16:46:09 | INFO     | server.py:733 | _handle_request() | Processing request of type CallToolRequest
2026-06-23 16:46:09 | INFO     | server.py:733 | _handle_request() | Processing request of type CallToolRequest
2026-06-23 16:46:11 | INFO     | server.py:733 | _handle_request() | Processing request of type CallToolRequest
2026-06-23 16:46:11 | INFO     | server.py:226 | handle_submit_report() | Report submitted for 0x17CBA58578eecAEE898242a02eDac75b8CC17231: ['overflow', 'access_control', 'dangerous_call', 'logic_error', 'replay_race']
2026-06-23 16:46:12 | INFO     | server.py:733 | _handle_request() | Processing request of type CallToolRequest
2026-06-23 16:46:12 | INFO     | server.py:733 | _handle_request() | Processing request of type CallToolRequest
2026-06-23 16:46:12 | INFO     | server.py:226 | handle_submit_report() | Report submitted for 0x173905A75a0244fcb20DB32DbaCfAdD3996CC702: ['overflow', 'access_control', 'dangerous_call', 'logic_error', 'replay_race']
2026-06-23 16:46:13 | INFO     | server.py:733 | _handle_request() | Processing request of type CallToolRequest
2026-06-23 16:46:14 | INFO     | server.py:733 | _handle_request() | Processing request of type CallToolRequest
2026-06-23 16:46:14 | INFO     | server.py:733 | _handle_request() | Processing request of type CallToolRequest
2026-06-23 16:46:16 | INFO     | server.py:733 | _handle_request() | Processing request of type CallToolRequest
2026-06-23 16:46:17 | INFO     | server.py:733 | _handle_request() | Processing request of type CallToolRequest
2026-06-23 16:46:17 | INFO     | server.py:733 | _handle_request() | Processing request of type CallToolRequest
2026-06-23 16:46:18 | INFO     | server.py:733 | _handle_request() | Processing request of type CallToolRequest
2026-06-23 16:46:18 | INFO     | server.py:733 | _handle_request() | Processing request of type CallToolRequest
2026-06-23 16:46:18 | INFO     | server.py:226 | handle_submit_report() | Report submitted for 0x17E4cc902015958839e693f179F49C75696381CE: ['logic_error', 'overflow', 'access_control']
2026-06-23 16:46:19 | INFO     | server.py:733 | _handle_request() | Processing request of type CallToolRequest
2026-06-23 16:46:21 | INFO     | server.py:733 | _handle_request() | Processing request of type CallToolRequest
2026-06-23 16:46:23 | INFO     | server.py:733 | _handle_request() | Processing request of type CallToolRequest
2026-06-23 16:46:24 | INFO     | server.py:733 | _handle_request() | Processing request of type CallToolRequest
2026-06-23 16:46:25 | INFO     | server.py:733 | _handle_request() | Processing request of type CallToolRequest
2026-06-23 16:46:26 | INFO     | server.py:733 | _handle_request() | Processing request of type CallToolRequest
2026-06-23 16:46:29 | INFO     | server.py:733 | _handle_request() | Processing request of type CallToolRequest
2026-06-23 16:46:33 | INFO     | server.py:733 | _handle_request() | Processing request of type CallToolRequest
2026-06-23 16:46:34 | INFO     | server.py:733 | _handle_request() | Processing request of type CallToolRequest
2026-06-23 16:46:36 | INFO     | server.py:733 | _handle_request() | Processing request of type CallToolRequest
2026-06-23 16:46:38 | INFO     | server.py:733 | _handle_request() | Processing request of type CallToolRequest
2026-06-23 16:46:40 | INFO     | server.py:733 | _handle_request() | Processing request of type CallToolRequest
2026-06-23 16:46:42 | INFO     | server.py:733 | _handle_request() | Processing request of type CallToolRequest
2026-06-23 16:46:43 | INFO     | server.py:733 | _handle_request() | Processing request of type CallToolRequest
2026-06-23 16:46:47 | INFO     | server.py:733 | _handle_request() | Processing request of type CallToolRequest
2026-06-23 16:46:48 | INFO     | server.py:733 | _handle_request() | Processing request of type CallToolRequest
2026-06-23 16:46:48 | INFO     | server.py:733 | _handle_request() | Processing request of type CallToolRequest
2026-06-23 16:46:52 | INFO     | server.py:733 | _handle_request() | Processing request of type CallToolRequest
2026-06-23 16:46:52 | INFO     | server.py:733 | _handle_request() | Processing request of type CallToolRequest
2026-06-23 16:46:55 | INFO     | server.py:733 | _handle_request() | Processing request of type CallToolRequest
2026-06-23 16:46:57 | INFO     | server.py:733 | _handle_request() | Processing request of type CallToolRequest
2026-06-23 16:46:57 | INFO     | server.py:733 | _handle_request() | Processing request of type CallToolRequest
2026-06-23 16:47:02 | INFO     | server.py:733 | _handle_request() | Processing request of type CallToolRequest
2026-06-23 16:47:03 | INFO     | server.py:733 | _handle_request() | Processing request of type CallToolRequest
2026-06-23 16:47:05 | INFO     | server.py:733 | _handle_request() | Processing request of type CallToolRequest
2026-06-23 16:47:06 | INFO     | server.py:733 | _handle_request() | Processing request of type CallToolRequest
2026-06-23 16:47:07 | INFO     | server.py:733 | _handle_request() | Processing request of type CallToolRequest
2026-06-23 16:47:09 | INFO     | server.py:733 | _handle_request() | Processing request of type CallToolRequest
2026-06-23 16:47:09 | INFO     | server.py:226 | handle_submit_report() | Report submitted for 0x12CCA3373658D7D9a6d92403065377723ceB7B9b: ['access_control', 'dangerous_call', 'logic_error']
2026-06-23 16:47:10 | INFO     | server.py:733 | _handle_request() | Processing request of type CallToolRequest
2026-06-23 16:47:12 | INFO     | server.py:733 | _handle_request() | Processing request of type CallToolRequest
2026-06-23 16:47:14 | INFO     | server.py:733 | _handle_request() | Processing request of type CallToolRequest
2026-06-23 16:47:15 | INFO     | server.py:733 | _handle_request() | Processing request of type CallToolRequest
2026-06-23 16:47:15 | INFO     | server.py:733 | _handle_request() | Processing request of type CallToolRequest
2026-06-23 16:47:16 | INFO     | server.py:733 | _handle_request() | Processing request of type CallToolRequest
2026-06-23 16:47:20 | INFO     | server.py:733 | _handle_request() | Processing request of type CallToolRequest
2026-06-23 16:47:21 | INFO     | server.py:733 | _handle_request() | Processing request of type CallToolRequest
2026-06-23 16:47:21 | INFO     | server.py:733 | _handle_request() | Processing request of type CallToolRequest
2026-06-23 16:47:26 | INFO     | server.py:733 | _handle_request() | Processing request of type CallToolRequest
2026-06-23 16:47:26 | INFO     | server.py:733 | _handle_request() | Processing request of type CallToolRequest
2026-06-23 16:47:30 | INFO     | server.py:733 | _handle_request() | Processing request of type CallToolRequest
2026-06-23 16:47:31 | INFO     | server.py:733 | _handle_request() | Processing request of type CallToolRequest
2026-06-23 16:47:31 | INFO     | server.py:733 | _handle_request() | Processing request of type CallToolRequest
2026-06-23 16:47:35 | INFO     | server.py:733 | _handle_request() | Processing request of type CallToolRequest
2026-06-23 16:47:35 | INFO     | server.py:733 | _handle_request() | Processing request of type CallToolRequest
2026-06-23 16:47:36 | INFO     | server.py:733 | _handle_request() | Processing request of type CallToolRequest
2026-06-23 16:47:39 | INFO     | server.py:733 | _handle_request() | Processing request of type CallToolRequest
2026-06-23 16:47:39 | INFO     | server.py:733 | _handle_request() | Processing request of type CallToolRequest
2026-06-23 16:47:44 | INFO     | server.py:733 | _handle_request() | Processing request of type CallToolRequest
2026-06-23 16:47:47 | INFO     | server.py:733 | _handle_request() | Processing request of type CallToolRequest
2026-06-23 16:47:47 | INFO     | server.py:733 | _handle_request() | Processing request of type CallToolRequest
2026-06-23 16:47:52 | INFO     | server.py:733 | _handle_request() | Processing request of type CallToolRequest
2026-06-23 16:47:52 | INFO     | server.py:733 | _handle_request() | Processing request of type CallToolRequest
2026-06-23 16:47:52 | INFO     | server.py:733 | _handle_request() | Processing request of type CallToolRequest
2026-06-23 16:47:57 | INFO     | server.py:733 | _handle_request() | Processing request of type CallToolRequest
2026-06-23 16:47:59 | INFO     | server.py:733 | _handle_request() | Processing request of type CallToolRequest
2026-06-23 16:47:59 | INFO     | server.py:733 | _handle_request() | Processing request of type CallToolRequest
2026-06-23 16:48:03 | INFO     | server.py:733 | _handle_request() | Processing request of type CallToolRequest
2026-06-23 16:48:03 | INFO     | server.py:733 | _handle_request() | Processing request of type CallToolRequest
2026-06-23 16:48:05 | INFO     | server.py:733 | _handle_request() | Processing request of type CallToolRequest
2026-06-23 16:48:08 | INFO     | server.py:733 | _handle_request() | Processing request of type CallToolRequest
2026-06-23 16:48:09 | INFO     | server.py:733 | _handle_request() | Processing request of type CallToolRequest
2026-06-23 16:48:12 | INFO     | server.py:733 | _handle_request() | Processing request of type CallToolRequest
2026-06-23 16:48:13 | INFO     | server.py:733 | _handle_request() | Processing request of type CallToolRequest
2026-06-23 16:48:14 | INFO     | server.py:733 | _handle_request() | Processing request of type CallToolRequest
2026-06-23 16:48:17 | INFO     | server.py:733 | _handle_request() | Processing request of type CallToolRequest
2026-06-23 16:48:18 | INFO     | server.py:733 | _handle_request() | Processing request of type CallToolRequest
2026-06-23 16:48:19 | INFO     | server.py:733 | _handle_request() | Processing request of type CallToolRequest
2026-06-23 16:48:21 | INFO     | server.py:733 | _handle_request() | Processing request of type CallToolRequest
2026-06-23 16:48:23 | INFO     | server.py:733 | _handle_request() | Processing request of type CallToolRequest
2026-06-23 16:48:23 | INFO     | server.py:733 | _handle_request() | Processing request of type CallToolRequest
2026-06-23 16:48:26 | INFO     | server.py:733 | _handle_request() | Processing request of type CallToolRequest
2026-06-23 16:48:27 | INFO     | server.py:733 | _handle_request() | Processing request of type CallToolRequest
2026-06-23 16:48:28 | INFO     | server.py:733 | _handle_request() | Processing request of type CallToolRequest
2026-06-23 16:48:33 | INFO     | server.py:733 | _handle_request() | Processing request of type CallToolRequest
2026-06-23 16:48:34 | INFO     | server.py:733 | _handle_request() | Processing request of type CallToolRequest
2026-06-23 16:48:39 | INFO     | server.py:733 | _handle_request() | Processing request of type CallToolRequest
2026-06-23 16:48:39 | INFO     | server.py:733 | _handle_request() | Processing request of type CallToolRequest
2026-06-23 16:48:46 | INFO     | server.py:733 | _handle_request() | Processing request of type CallToolRequest
2026-06-23 16:48:47 | INFO     | server.py:733 | _handle_request() | Processing request of type CallToolRequest
2026-06-23 16:48:48 | INFO     | server.py:733 | _handle_request() | Processing request of type CallToolRequest
2026-06-23 16:48:52 | INFO     | server.py:733 | _handle_request() | Processing request of type CallToolRequest
2026-06-23 16:48:52 | INFO     | server.py:226 | handle_submit_report() | Report submitted for 0x129AcF3033AdF867E186141Ed182EAfD39596436: ['overflow', 'access_control', 'logic_error']
2026-06-23 16:48:53 | INFO     | server.py:733 | _handle_request() | Processing request of type CallToolRequest
2026-06-23 16:48:53 | INFO     | server.py:733 | _handle_request() | Processing request of type CallToolRequest
2026-06-23 16:48:58 | INFO     | server.py:733 | _handle_request() | Processing request of type CallToolRequest
2026-06-23 16:48:58 | INFO     | server.py:733 | _handle_request() | Processing request of type CallToolRequest
2026-06-23 16:48:59 | INFO     | server.py:733 | _handle_request() | Processing request of type CallToolRequest
2026-06-23 16:49:02 | INFO     | server.py:733 | _handle_request() | Processing request of type CallToolRequest
2026-06-23 16:49:05 | INFO     | server.py:733 | _handle_request() | Processing request of type CallToolRequest
2026-06-23 16:49:09 | INFO     | server.py:733 | _handle_request() | Processing request of type CallToolRequest
2026-06-23 16:49:09 | INFO     | server.py:733 | _handle_request() | Processing request of type CallToolRequest
2026-06-23 16:49:14 | INFO     | server.py:733 | _handle_request() | Processing request of type CallToolRequest
2026-06-23 16:49:15 | INFO     | server.py:733 | _handle_request() | Processing request of type CallToolRequest
2026-06-23 16:49:20 | INFO     | server.py:733 | _handle_request() | Processing request of type CallToolRequest
2026-06-23 16:49:20 | INFO     | server.py:733 | _handle_request() | Processing request of type CallToolRequest
2026-06-23 16:49:24 | INFO     | server.py:733 | _handle_request() | Processing request of type CallToolRequest
2026-06-23 16:49:25 | INFO     | server.py:733 | _handle_request() | Processing request of type CallToolRequest
2026-06-23 16:49:30 | INFO     | server.py:733 | _handle_request() | Processing request of type CallToolRequest
2026-06-23 16:49:32 | INFO     | server.py:733 | _handle_request() | Processing request of type CallToolRequest
2026-06-23 16:49:37 | INFO     | server.py:733 | _handle_request() | Processing request of type CallToolRequest
2026-06-23 16:49:41 | INFO     | server.py:733 | _handle_request() | Processing request of type CallToolRequest
2026-06-23 16:49:44 | INFO     | server.py:733 | _handle_request() | Processing request of type CallToolRequest
2026-06-23 16:49:47 | INFO     | server.py:733 | _handle_request() | Processing request of type CallToolRequest
2026-06-23 16:49:51 | INFO     | server.py:733 | _handle_request() | Processing request of type CallToolRequest
2026-06-23 16:49:53 | INFO     | server.py:733 | _handle_request() | Processing request of type CallToolRequest
2026-06-23 16:49:57 | INFO     | server.py:733 | _handle_request() | Processing request of type CallToolRequest
2026-06-23 16:50:00 | INFO     | server.py:733 | _handle_request() | Processing request of type CallToolRequest
2026-06-23 16:50:04 | INFO     | server.py:733 | _handle_request() | Processing request of type CallToolRequest
2026-06-23 16:50:07 | INFO     | server.py:733 | _handle_request() | Processing request of type CallToolRequest
2026-06-23 16:50:09 | INFO     | server.py:733 | _handle_request() | Processing request of type CallToolRequest
2026-06-23 16:50:13 | INFO     | server.py:733 | _handle_request() | Processing request of type CallToolRequest
2026-06-23 16:50:15 | INFO     | server.py:733 | _handle_request() | Processing request of type CallToolRequest
2026-06-23 16:50:18 | INFO     | server.py:733 | _handle_request() | Processing request of type CallToolRequest
2026-06-23 16:50:21 | INFO     | server.py:733 | _handle_request() | Processing request of type CallToolRequest
2026-06-23 16:50:27 | INFO     | server.py:733 | _handle_request() | Processing request of type CallToolRequest
2026-06-23 16:50:28 | INFO     | server.py:733 | _handle_request() | Processing request of type CallToolRequest
2026-06-23 16:50:33 | INFO     | server.py:733 | _handle_request() | Processing request of type CallToolRequest
2026-06-23 16:50:35 | INFO     | server.py:733 | _handle_request() | Processing request of type CallToolRequest
2026-06-23 16:50:40 | INFO     | server.py:733 | _handle_request() | Processing request of type CallToolRequest
2026-06-23 16:50:43 | INFO     | server.py:733 | _handle_request() | Processing request of type CallToolRequest
2026-06-23 16:50:47 | INFO     | server.py:733 | _handle_request() | Processing request of type CallToolRequest
2026-06-23 16:50:52 | INFO     | server.py:733 | _handle_request() | Processing request of type CallToolRequest
2026-06-23 16:50:53 | INFO     | server.py:733 | _handle_request() | Processing request of type CallToolRequest
2026-06-23 16:51:00 | INFO     | server.py:733 | _handle_request() | Processing request of type CallToolRequest
2026-06-23 16:51:01 | INFO     | server.py:733 | _handle_request() | Processing request of type CallToolRequest
2026-06-23 16:51:06 | INFO     | server.py:733 | _handle_request() | Processing request of type CallToolRequest
2026-06-23 16:51:20 | INFO     | server.py:733 | _handle_request() | Processing request of type CallToolRequest
2026-06-23 16:51:20 | INFO     | server.py:226 | handle_submit_report() | Report submitted for 0x130282173B796f75E0EB65eAF9F4d10835E1287a: ['overflow']
2026-06-23 16:51:29 | INFO     | server.py:733 | _handle_request() | Processing request of type CallToolRequest
2026-06-23 16:51:38 | INFO     | server.py:733 | _handle_request() | Processing request of type CallToolRequest
2026-06-23 16:51:38 | INFO     | server.py:226 | handle_submit_report() | Report submitted for 0x198cF24375ecCDf599c624d10F0C6fb9b75ec215: ['access_control', 'dangerous_call', 'logic_error', 'replay_race']
2026-06-23 16:51:51 | INFO     | server.py:733 | _handle_request() | Processing request of type CallToolRequest
2026-06-29 17:04:00 | INFO     | server.py:419 | main() | Starting token-audit MCP server (mcp library)
2026-06-29 17:04:00 | INFO     | server.py:419 | main() | Starting token-audit MCP server (mcp library)
2026-06-29 17:04:00 | INFO     | server.py:733 | _handle_request() | Processing request of type CallToolRequest
2026-06-29 17:04:00 | INFO     | server.py:156 | handle_setup_problem() | Setting up problem: 0x004Dcfc79b28Ae0D52C2C013a328f84b433a1829
2026-06-29 17:04:00 | INFO     | server.py:419 | main() | Starting token-audit MCP server (mcp library)
2026-06-29 17:04:00 | INFO     | server.py:419 | main() | Starting token-audit MCP server (mcp library)
2026-06-29 17:04:00 | INFO     | server.py:733 | _handle_request() | Processing request of type CallToolRequest
2026-06-29 17:04:00 | INFO     | server.py:733 | _handle_request() | Processing request of type ListToolsRequest
2026-06-29 17:04:00 | INFO     | server.py:156 | handle_setup_problem() | Setting up problem: 0x00138bD67465733AE1BEDfD2105a6ffa83AF97D8
2026-06-29 17:04:00 | INFO     | server.py:733 | _handle_request() | Processing request of type ListToolsRequest
2026-06-29 17:04:02 | INFO     | server.py:733 | _handle_request() | Processing request of type ListToolsRequest
2026-06-29 17:04:02 | INFO     | server.py:733 | _handle_request() | Processing request of type CallToolRequest
2026-06-29 17:04:02 | INFO     | server.py:733 | _handle_request() | Processing request of type CallToolRequest
2026-06-29 17:04:02 | INFO     | server.py:733 | _handle_request() | Processing request of type CallToolRequest
2026-06-29 17:04:02 | INFO     | server.py:733 | _handle_request() | Processing request of type ListToolsRequest
2026-06-29 17:04:02 | INFO     | server.py:156 | handle_setup_problem() | Setting up problem: 0x0156888F51d68F858AC88aBa45DF699e2af2E4Cc
2026-06-29 17:04:02 | INFO     | server.py:156 | handle_setup_problem() | Setting up problem: 0x01982364172d4C429372F37ACE5d47FE4f71F862
2026-06-29 17:04:02 | INFO     | server.py:156 | handle_setup_problem() | Setting up problem: 0x003f79D7Be15dC1aD90Ce00E6eA68F335e2B789B
2026-06-29 17:04:02 | INFO     | server.py:733 | _handle_request() | Processing request of type ListToolsRequest
2026-06-29 17:04:02 | INFO     | server.py:733 | _handle_request() | Processing request of type ListToolsRequest
2026-06-29 17:04:02 | INFO     | server.py:733 | _handle_request() | Processing request of type ListToolsRequest
2026-06-29 17:04:02 | INFO     | server.py:733 | _handle_request() | Processing request of type ListToolsRequest
2026-06-29 17:04:02 | INFO     | server.py:733 | _handle_request() | Processing request of type ListToolsRequest
2026-06-29 17:04:02 | INFO     | server.py:733 | _handle_request() | Processing request of type ListToolsRequest
2026-06-29 17:04:06 | INFO     | server.py:733 | _handle_request() | Processing request of type CallToolRequest
2026-06-29 17:04:06 | INFO     | server.py:733 | _handle_request() | Processing request of type CallToolRequest
2026-06-29 17:04:06 | INFO     | server.py:733 | _handle_request() | Processing request of type CallToolRequest
2026-06-29 17:04:07 | INFO     | server.py:733 | _handle_request() | Processing request of type CallToolRequest
2026-06-29 17:04:07 | INFO     | server.py:733 | _handle_request() | Processing request of type CallToolRequest
2026-06-29 17:04:23 | INFO     | server.py:733 | _handle_request() | Processing request of type CallToolRequest
2026-06-29 17:04:33 | INFO     | server.py:733 | _handle_request() | Processing request of type CallToolRequest
2026-06-29 17:04:39 | INFO     | server.py:733 | _handle_request() | Processing request of type CallToolRequest
2026-06-29 17:04:42 | INFO     | server.py:733 | _handle_request() | Processing request of type CallToolRequest
2026-06-29 17:04:45 | INFO     | server.py:733 | _handle_request() | Processing request of type CallToolRequest
2026-06-29 17:04:46 | INFO     | server.py:733 | _handle_request() | Processing request of type CallToolRequest
2026-06-29 17:04:46 | INFO     | server.py:733 | _handle_request() | Processing request of type CallToolRequest
2026-06-29 17:04:46 | INFO     | server.py:226 | handle_submit_report() | Report submitted for 0x003f79D7Be15dC1aD90Ce00E6eA68F335e2B789B: ['overflow', 'access_control', 'logic_error']
2026-06-29 17:04:49 | INFO     | server.py:733 | _handle_request() | Processing request of type CallToolRequest
2026-06-29 17:04:49 | INFO     | server.py:226 | handle_submit_report() | Report submitted for 0x0156888F51d68F858AC88aBa45DF699e2af2E4Cc: ['overflow', 'access_control', 'dangerous_call', 'logic_error', 'replay_race']
2026-06-29 17:04:50 | INFO     | server.py:733 | _handle_request() | Processing request of type CallToolRequest
2026-06-29 17:04:51 | INFO     | server.py:733 | _handle_request() | Processing request of type CallToolRequest
2026-06-29 17:04:52 | INFO     | server.py:419 | main() | Starting token-audit MCP server (mcp library)
2026-06-29 17:04:52 | INFO     | server.py:733 | _handle_request() | Processing request of type CallToolRequest
2026-06-29 17:04:52 | INFO     | server.py:156 | handle_setup_problem() | Setting up problem: 0x01D5870BFe97d437f41C2D2649A6bA718a0691A4
2026-06-29 17:04:52 | INFO     | server.py:733 | _handle_request() | Processing request of type ListToolsRequest
2026-06-29 17:04:53 | INFO     | server.py:733 | _handle_request() | Processing request of type CallToolRequest
2026-06-29 17:04:53 | INFO     | server.py:226 | handle_submit_report() | Report submitted for 0x01982364172d4C429372F37ACE5d47FE4f71F862: ['overflow', 'access_control', 'logic_error', 'replay_race']
2026-06-29 17:04:54 | INFO     | server.py:733 | _handle_request() | Processing request of type CallToolRequest
2026-06-29 17:04:54 | INFO     | server.py:226 | handle_submit_report() | Report submitted for 0x00138bD67465733AE1BEDfD2105a6ffa83AF97D8: ['overflow', 'access_control', 'dangerous_call', 'logic_error', 'replay_race']
2026-06-29 17:04:58 | INFO     | server.py:733 | _handle_request() | Processing request of type CallToolRequest
2026-06-29 17:04:58 | INFO     | server.py:733 | _handle_request() | Processing request of type CallToolRequest
2026-06-29 17:05:00 | INFO     | server.py:419 | main() | Starting token-audit MCP server (mcp library)
2026-06-29 17:05:00 | INFO     | server.py:733 | _handle_request() | Processing request of type CallToolRequest
2026-06-29 17:05:00 | INFO     | server.py:156 | handle_setup_problem() | Setting up problem: 0x022b3E470B47b10f51492976cD691737295aF8F8
2026-06-29 17:05:00 | INFO     | server.py:733 | _handle_request() | Processing request of type ListToolsRequest
2026-06-29 17:05:00 | INFO     | server.py:733 | _handle_request() | Processing request of type CallToolRequest
2026-06-29 17:05:02 | INFO     | server.py:419 | main() | Starting token-audit MCP server (mcp library)
2026-06-29 17:05:02 | INFO     | server.py:733 | _handle_request() | Processing request of type CallToolRequest
2026-06-29 17:05:02 | INFO     | server.py:733 | _handle_request() | Processing request of type CallToolRequest
2026-06-29 17:05:02 | INFO     | server.py:156 | handle_setup_problem() | Setting up problem: 0x0283F5d098dFd00cEeF91CC43C9f48a626Cb281a
2026-06-29 17:05:02 | INFO     | server.py:733 | _handle_request() | Processing request of type ListToolsRequest
2026-06-29 17:05:02 | INFO     | server.py:733 | _handle_request() | Processing request of type CallToolRequest
2026-06-29 17:05:02 | INFO     | server.py:733 | _handle_request() | Processing request of type CallToolRequest
2026-06-29 17:05:04 | INFO     | server.py:419 | main() | Starting token-audit MCP server (mcp library)
2026-06-29 17:05:04 | INFO     | server.py:733 | _handle_request() | Processing request of type CallToolRequest
2026-06-29 17:05:04 | INFO     | server.py:156 | handle_setup_problem() | Setting up problem: 0x02ee2A3B781C8510b2D5C675332C7C93bf00A8b1
2026-06-29 17:05:04 | INFO     | server.py:733 | _handle_request() | Processing request of type ListToolsRequest
2026-06-29 17:05:07 | INFO     | server.py:733 | _handle_request() | Processing request of type CallToolRequest
2026-06-29 17:05:07 | INFO     | server.py:733 | _handle_request() | Processing request of type CallToolRequest
2026-06-29 17:05:08 | INFO     | server.py:733 | _handle_request() | Processing request of type CallToolRequest
2026-06-29 17:05:09 | INFO     | server.py:419 | main() | Starting token-audit MCP server (mcp library)
2026-06-29 17:05:09 | INFO     | server.py:733 | _handle_request() | Processing request of type CallToolRequest
2026-06-29 17:05:09 | INFO     | server.py:156 | handle_setup_problem() | Setting up problem: 0x03802Ac4aB73434286Af87D17ABF62CF190568C3
2026-06-29 17:05:09 | INFO     | server.py:733 | _handle_request() | Processing request of type ListToolsRequest
2026-06-29 17:05:09 | INFO     | server.py:733 | _handle_request() | Processing request of type CallToolRequest
2026-06-29 17:05:12 | INFO     | server.py:733 | _handle_request() | Processing request of type CallToolRequest
2026-06-29 17:05:12 | INFO     | server.py:226 | handle_submit_report() | Report submitted for 0x0283F5d098dFd00cEeF91CC43C9f48a626Cb281a: ['none']
2026-06-29 17:05:15 | INFO     | server.py:733 | _handle_request() | Processing request of type CallToolRequest
2026-06-29 17:05:15 | INFO     | server.py:733 | _handle_request() | Processing request of type CallToolRequest
2026-06-29 17:05:16 | INFO     | server.py:733 | _handle_request() | Processing request of type CallToolRequest
2026-06-29 17:05:16 | INFO     | server.py:226 | handle_submit_report() | Report submitted for 0x03802Ac4aB73434286Af87D17ABF62CF190568C3: ['category1', 'category2']
2026-06-29 17:05:17 | INFO     | server.py:733 | _handle_request() | Processing request of type CallToolRequest
2026-06-29 17:05:17 | INFO     | server.py:226 | handle_submit_report() | Report submitted for 0x022b3E470B47b10f51492976cD691737295aF8F8: ['category1', 'category2']
2026-06-29 17:05:18 | INFO     | server.py:733 | _handle_request() | Processing request of type CallToolRequest
2026-06-29 17:05:18 | INFO     | server.py:226 | handle_submit_report() | Report submitted for 0x02ee2A3B781C8510b2D5C675332C7C93bf00A8b1: ['No Risk Categories Found']
2026-06-29 17:05:18 | INFO     | server.py:733 | _handle_request() | Processing request of type CallToolRequest
2026-06-29 17:05:21 | INFO     | server.py:733 | _handle_request() | Processing request of type CallToolRequest
2026-06-29 17:05:23 | INFO     | server.py:733 | _handle_request() | Processing request of type CallToolRequest
2026-06-29 17:10:00 | INFO     | server.py:419 | main() | Starting token-audit MCP server (mcp library)
2026-06-29 17:10:00 | INFO     | server.py:733 | _handle_request() | Processing request of type CallToolRequest
2026-06-29 17:10:00 | INFO     | server.py:156 | handle_setup_problem() | Setting up problem: 0x00138bD67465733AE1BEDfD2105a6ffa83AF97D8
2026-06-29 17:10:00 | INFO     | server.py:733 | _handle_request() | Processing request of type ListToolsRequest
2026-06-29 17:10:00 | INFO     | server.py:733 | _handle_request() | Processing request of type ListToolsRequest
2026-06-29 17:10:02 | INFO     | server.py:419 | main() | Starting token-audit MCP server (mcp library)
2026-06-29 17:10:02 | INFO     | server.py:733 | _handle_request() | Processing request of type CallToolRequest
2026-06-29 17:10:02 | INFO     | server.py:156 | handle_setup_problem() | Setting up problem: 0x003f79D7Be15dC1aD90Ce00E6eA68F335e2B789B
2026-06-29 17:10:02 | INFO     | server.py:733 | _handle_request() | Processing request of type ListToolsRequest
2026-06-29 17:10:02 | INFO     | server.py:733 | _handle_request() | Processing request of type ListToolsRequest
2026-06-29 17:10:05 | INFO     | server.py:419 | main() | Starting token-audit MCP server (mcp library)
2026-06-29 17:10:05 | INFO     | server.py:733 | _handle_request() | Processing request of type CallToolRequest
2026-06-29 17:10:05 | INFO     | server.py:156 | handle_setup_problem() | Setting up problem: 0x004Dcfc79b28Ae0D52C2C013a328f84b433a1829
2026-06-29 17:10:05 | INFO     | server.py:733 | _handle_request() | Processing request of type ListToolsRequest
2026-06-29 17:10:05 | INFO     | server.py:733 | _handle_request() | Processing request of type ListToolsRequest
2026-06-29 17:10:05 | INFO     | server.py:733 | _handle_request() | Processing request of type CallToolRequest
2026-06-29 17:10:07 | INFO     | server.py:419 | main() | Starting token-audit MCP server (mcp library)
2026-06-29 17:10:07 | INFO     | server.py:733 | _handle_request() | Processing request of type CallToolRequest
2026-06-29 17:10:07 | INFO     | server.py:156 | handle_setup_problem() | Setting up problem: 0x0156888F51d68F858AC88aBa45DF699e2af2E4Cc
2026-06-29 17:10:07 | INFO     | server.py:733 | _handle_request() | Processing request of type ListToolsRequest
2026-06-29 17:10:07 | INFO     | server.py:733 | _handle_request() | Processing request of type ListToolsRequest
2026-06-29 17:10:08 | INFO     | server.py:733 | _handle_request() | Processing request of type CallToolRequest
2026-06-29 17:10:10 | INFO     | server.py:419 | main() | Starting token-audit MCP server (mcp library)
2026-06-29 17:10:10 | INFO     | server.py:733 | _handle_request() | Processing request of type CallToolRequest
2026-06-29 17:10:10 | INFO     | server.py:733 | _handle_request() | Processing request of type CallToolRequest
2026-06-29 17:10:10 | INFO     | server.py:156 | handle_setup_problem() | Setting up problem: 0x01982364172d4C429372F37ACE5d47FE4f71F862
2026-06-29 17:10:10 | INFO     | server.py:733 | _handle_request() | Processing request of type ListToolsRequest
2026-06-29 17:10:10 | INFO     | server.py:733 | _handle_request() | Processing request of type ListToolsRequest
2026-06-29 17:10:11 | INFO     | server.py:733 | _handle_request() | Processing request of type CallToolRequest
2026-06-29 17:10:13 | INFO     | server.py:733 | _handle_request() | Processing request of type CallToolRequest
2026-06-29 17:10:15 | INFO     | server.py:733 | _handle_request() | Processing request of type CallToolRequest
2026-06-29 17:10:15 | INFO     | server.py:733 | _handle_request() | Processing request of type CallToolRequest
2026-06-29 17:10:20 | INFO     | server.py:733 | _handle_request() | Processing request of type CallToolRequest
2026-06-29 17:10:22 | INFO     | server.py:733 | _handle_request() | Processing request of type CallToolRequest
2026-06-29 17:10:25 | INFO     | server.py:733 | _handle_request() | Processing request of type CallToolRequest
2026-06-29 17:10:32 | INFO     | server.py:733 | _handle_request() | Processing request of type CallToolRequest
2026-06-29 17:10:37 | INFO     | server.py:733 | _handle_request() | Processing request of type CallToolRequest
2026-06-29 17:10:43 | INFO     | server.py:733 | _handle_request() | Processing request of type CallToolRequest
2026-06-29 17:10:44 | INFO     | server.py:733 | _handle_request() | Processing request of type CallToolRequest
2026-06-29 17:10:45 | INFO     | server.py:733 | _handle_request() | Processing request of type CallToolRequest
2026-06-29 17:10:51 | INFO     | server.py:733 | _handle_request() | Processing request of type CallToolRequest
2026-06-29 17:10:51 | INFO     | server.py:226 | handle_submit_report() | Report submitted for 0x01982364172d4C429372F37ACE5d47FE4f71F862: ['access_control', 'logic_error', 'replay_race']
2026-06-29 17:10:51 | INFO     | server.py:733 | _handle_request() | Processing request of type CallToolRequest
2026-06-29 17:10:53 | INFO     | server.py:733 | _handle_request() | Processing request of type CallToolRequest
2026-06-29 17:10:53 | INFO     | server.py:226 | handle_submit_report() | Report submitted for 0x00138bD67465733AE1BEDfD2105a6ffa83AF97D8: ['overflow', 'access_control', 'dangerous_call', 'logic_error', 'replay_race']
2026-06-29 17:10:55 | INFO     | server.py:733 | _handle_request() | Processing request of type CallToolRequest
2026-06-29 17:10:58 | INFO     | server.py:733 | _handle_request() | Processing request of type CallToolRequest
2026-06-29 17:10:58 | INFO     | server.py:226 | handle_submit_report() | Report submitted for 0x004Dcfc79b28Ae0D52C2C013a328f84b433a1829: ['access_control', 'dangerous_call', 'logic_error', 'replay_race']
2026-06-29 17:11:00 | INFO     | server.py:733 | _handle_request() | Processing request of type CallToolRequest
2026-06-29 17:11:02 | INFO     | server.py:419 | main() | Starting token-audit MCP server (mcp library)
2026-06-29 17:11:02 | INFO     | server.py:733 | _handle_request() | Processing request of type CallToolRequest
2026-06-29 17:11:02 | INFO     | server.py:156 | handle_setup_problem() | Setting up problem: 0x01D5870BFe97d437f41C2D2649A6bA718a0691A4
2026-06-29 17:11:02 | INFO     | server.py:733 | _handle_request() | Processing request of type ListToolsRequest
2026-06-29 17:11:05 | INFO     | server.py:733 | _handle_request() | Processing request of type CallToolRequest
2026-06-29 17:11:05 | INFO     | server.py:226 | handle_submit_report() | Report submitted for 0x0156888F51d68F858AC88aBa45DF699e2af2E4Cc: ['overflow', 'access_control', 'dangerous_call', 'logic_error', 'replay_race']
2026-06-29 17:11:07 | INFO     | server.py:733 | _handle_request() | Processing request of type CallToolRequest
2026-06-29 17:11:13 | INFO     | server.py:733 | _handle_request() | Processing request of type CallToolRequest
2026-06-29 17:11:13 | INFO     | server.py:226 | handle_submit_report() | Report submitted for 0x01D5870BFe97d437f41C2D2649A6bA718a0691A4: ['NoRisk']
2026-06-29 17:11:13 | INFO     | server.py:733 | _handle_request() | Processing request of type CallToolRequest
2026-06-29 17:11:18 | INFO     | server.py:733 | _handle_request() | Processing request of type CallToolRequest
2026-06-29 17:11:19 | INFO     | server.py:419 | main() | Starting token-audit MCP server (mcp library)
2026-06-29 17:11:19 | INFO     | server.py:733 | _handle_request() | Processing request of type CallToolRequest
2026-06-29 17:11:19 | INFO     | server.py:156 | handle_setup_problem() | Setting up problem: 0x022b3E470B47b10f51492976cD691737295aF8F8
2026-06-29 17:11:19 | INFO     | server.py:733 | _handle_request() | Processing request of type ListToolsRequest
2026-06-29 17:11:19 | INFO     | server.py:733 | _handle_request() | Processing request of type CallToolRequest
2026-06-29 17:11:19 | INFO     | server.py:226 | handle_submit_report() | Report submitted for 0x003f79D7Be15dC1aD90Ce00E6eA68F335e2B789B: ['overflow', 'access_control', 'logic_error']
2026-06-29 17:11:26 | INFO     | server.py:733 | _handle_request() | Processing request of type CallToolRequest
2026-06-29 17:11:26 | INFO     | server.py:733 | _handle_request() | Processing request of type CallToolRequest
2026-06-29 17:11:27 | INFO     | server.py:733 | _handle_request() | Processing request of type CallToolRequest
2026-06-29 17:11:28 | INFO     | server.py:419 | main() | Starting token-audit MCP server (mcp library)
2026-06-29 17:11:28 | INFO     | server.py:733 | _handle_request() | Processing request of type CallToolRequest
2026-06-29 17:11:28 | INFO     | server.py:156 | handle_setup_problem() | Setting up problem: 0x0283F5d098dFd00cEeF91CC43C9f48a626Cb281a
2026-06-29 17:11:28 | INFO     | server.py:733 | _handle_request() | Processing request of type ListToolsRequest
2026-06-29 17:11:30 | INFO     | server.py:419 | main() | Starting token-audit MCP server (mcp library)
2026-06-29 17:11:30 | INFO     | server.py:733 | _handle_request() | Processing request of type CallToolRequest
2026-06-29 17:11:30 | INFO     | server.py:156 | handle_setup_problem() | Setting up problem: 0x02ee2A3B781C8510b2D5C675332C7C93bf00A8b1
2026-06-29 17:11:30 | INFO     | server.py:733 | _handle_request() | Processing request of type ListToolsRequest
2026-06-29 17:11:31 | INFO     | server.py:733 | _handle_request() | Processing request of type CallToolRequest
2026-06-29 17:11:32 | INFO     | server.py:419 | main() | Starting token-audit MCP server (mcp library)
2026-06-29 17:11:32 | INFO     | server.py:733 | _handle_request() | Processing request of type CallToolRequest
2026-06-29 17:11:32 | INFO     | server.py:156 | handle_setup_problem() | Setting up problem: 0x03802Ac4aB73434286Af87D17ABF62CF190568C3
2026-06-29 17:11:32 | INFO     | server.py:733 | _handle_request() | Processing request of type ListToolsRequest
2026-06-29 17:11:36 | INFO     | server.py:733 | _handle_request() | Processing request of type CallToolRequest
2026-06-29 17:11:36 | INFO     | server.py:733 | _handle_request() | Processing request of type CallToolRequest
2026-06-29 17:11:36 | INFO     | server.py:226 | handle_submit_report() | Report submitted for 0x022b3E470B47b10f51492976cD691737295aF8F8: ['category1', 'category2']
2026-06-29 17:11:40 | INFO     | server.py:733 | _handle_request() | Processing request of type CallToolRequest
2026-06-29 17:11:40 | INFO     | server.py:733 | _handle_request() | Processing request of type CallToolRequest
2026-06-29 17:11:40 | INFO     | server.py:226 | handle_submit_report() | Report submitted for 0x0283F5d098dFd00cEeF91CC43C9f48a626Cb281a: ['No risk found']
2026-06-29 17:11:41 | INFO     | server.py:733 | _handle_request() | Processing request of type CallToolRequest
2026-06-29 17:11:42 | INFO     | server.py:733 | _handle_request() | Processing request of type CallToolRequest
2026-06-29 17:11:45 | INFO     | server.py:733 | _handle_request() | Processing request of type CallToolRequest
2026-06-29 17:11:45 | INFO     | server.py:226 | handle_submit_report() | Report submitted for 0x03802Ac4aB73434286Af87D17ABF62CF190568C3: ['No risk found']
2026-06-29 17:11:45 | INFO     | server.py:733 | _handle_request() | Processing request of type CallToolRequest
2026-06-29 17:11:47 | INFO     | server.py:733 | _handle_request() | Processing request of type CallToolRequest
2026-06-29 17:11:47 | INFO     | server.py:226 | handle_submit_report() | Report submitted for 0x02ee2A3B781C8510b2D5C675332C7C93bf00A8b1: ['No Risk Detected']
2026-06-29 17:11:53 | INFO     | server.py:733 | _handle_request() | Processing request of type CallToolRequest
2026-06-29 17:11:53 | INFO     | server.py:733 | _handle_request() | Processing request of type CallToolRequest
2026-06-29 17:11:54 | INFO     | server.py:733 | _handle_request() | Processing request of type CallToolRequest
2026-06-29 17:12:52 | INFO     | server.py:419 | main() | Starting token-audit MCP server (mcp library)
2026-06-29 17:12:52 | INFO     | server.py:733 | _handle_request() | Processing request of type CallToolRequest
2026-06-29 17:12:52 | INFO     | server.py:156 | handle_setup_problem() | Setting up problem: 0x00138bD67465733AE1BEDfD2105a6ffa83AF97D8
2026-06-29 17:12:52 | INFO     | server.py:733 | _handle_request() | Processing request of type ListToolsRequest
2026-06-29 17:12:52 | INFO     | server.py:733 | _handle_request() | Processing request of type ListToolsRequest
2026-06-29 17:12:54 | INFO     | server.py:419 | main() | Starting token-audit MCP server (mcp library)
2026-06-29 17:12:54 | INFO     | server.py:733 | _handle_request() | Processing request of type CallToolRequest
2026-06-29 17:12:54 | INFO     | server.py:156 | handle_setup_problem() | Setting up problem: 0x003f79D7Be15dC1aD90Ce00E6eA68F335e2B789B
2026-06-29 17:12:54 | INFO     | server.py:733 | _handle_request() | Processing request of type ListToolsRequest
2026-06-29 17:12:54 | INFO     | server.py:733 | _handle_request() | Processing request of type ListToolsRequest
2026-06-29 17:12:55 | INFO     | server.py:419 | main() | Starting token-audit MCP server (mcp library)
2026-06-29 17:12:55 | INFO     | server.py:733 | _handle_request() | Processing request of type CallToolRequest
2026-06-29 17:12:55 | INFO     | server.py:156 | handle_setup_problem() | Setting up problem: 0x004Dcfc79b28Ae0D52C2C013a328f84b433a1829
2026-06-29 17:12:55 | INFO     | server.py:733 | _handle_request() | Processing request of type ListToolsRequest
2026-06-29 17:12:55 | INFO     | server.py:733 | _handle_request() | Processing request of type ListToolsRequest
2026-06-29 17:12:56 | INFO     | server.py:733 | _handle_request() | Processing request of type CallToolRequest
2026-06-29 17:12:57 | INFO     | server.py:419 | main() | Starting token-audit MCP server (mcp library)
2026-06-29 17:12:57 | INFO     | server.py:733 | _handle_request() | Processing request of type CallToolRequest
2026-06-29 17:12:57 | INFO     | server.py:156 | handle_setup_problem() | Setting up problem: 0x0156888F51d68F858AC88aBa45DF699e2af2E4Cc
2026-06-29 17:12:57 | INFO     | server.py:733 | _handle_request() | Processing request of type ListToolsRequest
2026-06-29 17:12:57 | INFO     | server.py:733 | _handle_request() | Processing request of type ListToolsRequest
2026-06-29 17:12:57 | INFO     | server.py:733 | _handle_request() | Processing request of type CallToolRequest
2026-06-29 17:12:58 | INFO     | server.py:419 | main() | Starting token-audit MCP server (mcp library)
2026-06-29 17:12:58 | INFO     | server.py:733 | _handle_request() | Processing request of type CallToolRequest
2026-06-29 17:12:58 | INFO     | server.py:156 | handle_setup_problem() | Setting up problem: 0x01982364172d4C429372F37ACE5d47FE4f71F862
2026-06-29 17:12:58 | INFO     | server.py:733 | _handle_request() | Processing request of type ListToolsRequest
2026-06-29 17:12:58 | INFO     | server.py:733 | _handle_request() | Processing request of type ListToolsRequest
2026-06-29 17:12:59 | INFO     | server.py:733 | _handle_request() | Processing request of type CallToolRequest
2026-06-29 17:13:02 | INFO     | server.py:733 | _handle_request() | Processing request of type CallToolRequest
2026-06-29 17:13:03 | INFO     | server.py:733 | _handle_request() | Processing request of type CallToolRequest
2026-06-29 17:13:04 | INFO     | server.py:733 | _handle_request() | Processing request of type CallToolRequest
2026-06-29 17:13:29 | INFO     | server.py:733 | _handle_request() | Processing request of type CallToolRequest
2026-06-29 17:13:31 | INFO     | server.py:733 | _handle_request() | Processing request of type CallToolRequest
2026-06-29 17:13:34 | INFO     | server.py:733 | _handle_request() | Processing request of type CallToolRequest
2026-06-29 17:13:34 | INFO     | server.py:226 | handle_submit_report() | Report submitted for 0x004Dcfc79b28Ae0D52C2C013a328f84b433a1829: ['access_control', 'logic_error']
2026-06-29 17:13:37 | INFO     | server.py:733 | _handle_request() | Processing request of type CallToolRequest
2026-06-29 17:13:37 | INFO     | server.py:226 | handle_submit_report() | Report submitted for 0x0156888F51d68F858AC88aBa45DF699e2af2E4Cc: ['overflow', 'access_control', 'dangerous_call', 'logic_error', 'replay_race']
2026-06-29 17:13:41 | INFO     | server.py:733 | _handle_request() | Processing request of type CallToolRequest
2026-06-29 17:13:48 | INFO     | server.py:733 | _handle_request() | Processing request of type CallToolRequest
2026-06-29 17:13:48 | INFO     | server.py:226 | handle_submit_report() | Report submitted for 0x00138bD67465733AE1BEDfD2105a6ffa83AF97D8: ['overflow', 'access_control', 'dangerous_call', 'logic_error', 'replay_race']
2026-06-29 17:13:49 | INFO     | server.py:733 | _handle_request() | Processing request of type CallToolRequest
2026-06-29 17:13:53 | INFO     | server.py:733 | _handle_request() | Processing request of type CallToolRequest
2026-06-29 17:13:54 | INFO     | server.py:733 | _handle_request() | Processing request of type CallToolRequest
2026-06-29 17:13:55 | INFO     | server.py:419 | main() | Starting token-audit MCP server (mcp library)
2026-06-29 17:13:55 | INFO     | server.py:733 | _handle_request() | Processing request of type CallToolRequest
2026-06-29 17:13:55 | INFO     | server.py:156 | handle_setup_problem() | Setting up problem: 0x01F2AcF2914860331C1Cb1a9AcecDa7475e06Af8
2026-06-29 17:13:55 | INFO     | server.py:733 | _handle_request() | Processing request of type ListToolsRequest
2026-06-29 17:13:55 | INFO     | server.py:733 | _handle_request() | Processing request of type ListToolsRequest
2026-06-29 17:13:58 | INFO     | server.py:733 | _handle_request() | Processing request of type CallToolRequest
2026-06-29 17:14:04 | INFO     | server.py:733 | _handle_request() | Processing request of type CallToolRequest
2026-06-29 17:14:05 | INFO     | server.py:419 | main() | Starting token-audit MCP server (mcp library)
2026-06-29 17:14:05 | INFO     | server.py:733 | _handle_request() | Processing request of type CallToolRequest
2026-06-29 17:14:05 | INFO     | server.py:156 | handle_setup_problem() | Setting up problem: 0x01bbec6573ed7EcA0f307a10d2B4CEB669816B4a
2026-06-29 17:14:05 | INFO     | server.py:733 | _handle_request() | Processing request of type ListToolsRequest
2026-06-29 17:14:05 | INFO     | server.py:733 | _handle_request() | Processing request of type ListToolsRequest
2026-06-29 17:14:08 | INFO     | server.py:733 | _handle_request() | Processing request of type CallToolRequest
2026-06-29 17:14:09 | INFO     | server.py:419 | main() | Starting token-audit MCP server (mcp library)
2026-06-29 17:14:09 | INFO     | server.py:733 | _handle_request() | Processing request of type CallToolRequest
2026-06-29 17:14:09 | INFO     | server.py:156 | handle_setup_problem() | Setting up problem: 0x025abAD9e518516fdaAFBDcdB9701b37fb7eF0FA
2026-06-29 17:14:09 | INFO     | server.py:733 | _handle_request() | Processing request of type ListToolsRequest
2026-06-29 17:14:09 | INFO     | server.py:733 | _handle_request() | Processing request of type ListToolsRequest
2026-06-29 17:14:09 | INFO     | server.py:733 | _handle_request() | Processing request of type CallToolRequest
2026-06-29 17:14:09 | INFO     | server.py:226 | handle_submit_report() | Report submitted for 0x003f79D7Be15dC1aD90Ce00E6eA68F335e2B789B: ['overflow', 'access_control', 'dangerous_call', 'logic_error', 'replay_race']
2026-06-29 17:14:09 | INFO     | server.py:733 | _handle_request() | Processing request of type CallToolRequest
2026-06-29 17:14:13 | INFO     | server.py:733 | _handle_request() | Processing request of type CallToolRequest
2026-06-29 17:14:16 | INFO     | server.py:733 | _handle_request() | Processing request of type CallToolRequest
2026-06-29 17:14:18 | INFO     | server.py:733 | _handle_request() | Processing request of type CallToolRequest
2026-06-29 17:14:19 | INFO     | server.py:419 | main() | Starting token-audit MCP server (mcp library)
2026-06-29 17:14:19 | INFO     | server.py:733 | _handle_request() | Processing request of type CallToolRequest
2026-06-29 17:14:19 | INFO     | server.py:156 | handle_setup_problem() | Setting up problem: 0x0298d4D15bC4294386b05E5185D3833fC76924B3
2026-06-29 17:14:19 | INFO     | server.py:733 | _handle_request() | Processing request of type ListToolsRequest
2026-06-29 17:14:19 | INFO     | server.py:733 | _handle_request() | Processing request of type ListToolsRequest
2026-06-29 17:14:20 | INFO     | server.py:733 | _handle_request() | Processing request of type CallToolRequest
2026-06-29 17:14:22 | INFO     | server.py:733 | _handle_request() | Processing request of type CallToolRequest
2026-06-29 17:14:22 | INFO     | server.py:226 | handle_submit_report() | Report submitted for 0x01982364172d4C429372F37ACE5d47FE4f71F862: ['access_control', 'logic_error', 'replay_race']
2026-06-29 17:14:25 | INFO     | server.py:733 | _handle_request() | Processing request of type CallToolRequest
2026-06-29 17:14:28 | INFO     | server.py:733 | _handle_request() | Processing request of type CallToolRequest
2026-06-29 17:14:31 | INFO     | server.py:733 | _handle_request() | Processing request of type CallToolRequest
2026-06-29 17:14:34 | INFO     | server.py:733 | _handle_request() | Processing request of type CallToolRequest
2026-06-29 17:14:39 | INFO     | server.py:733 | _handle_request() | Processing request of type CallToolRequest
2026-06-29 17:14:39 | INFO     | server.py:226 | handle_submit_report() | Report submitted for 0x01F2AcF2914860331C1Cb1a9AcecDa7475e06Af8: ['overflow', 'access_control', 'dangerous_call', 'logic_error', 'replay_race']
2026-06-29 17:14:39 | INFO     | server.py:733 | _handle_request() | Processing request of type CallToolRequest
2026-06-29 17:14:41 | INFO     | server.py:733 | _handle_request() | Processing request of type CallToolRequest
2026-06-29 17:14:43 | INFO     | server.py:419 | main() | Starting token-audit MCP server (mcp library)
2026-06-29 17:14:43 | INFO     | server.py:733 | _handle_request() | Processing request of type CallToolRequest
2026-06-29 17:14:43 | INFO     | server.py:156 | handle_setup_problem() | Setting up problem: 0x02c41cdE8a11fcf333277f2Bc543eb2B0925809c
2026-06-29 17:14:43 | INFO     | server.py:733 | _handle_request() | Processing request of type ListToolsRequest
2026-06-29 17:14:43 | INFO     | server.py:733 | _handle_request() | Processing request of type ListToolsRequest
2026-06-29 17:14:45 | INFO     | server.py:733 | _handle_request() | Processing request of type CallToolRequest
2026-06-29 17:14:49 | INFO     | server.py:733 | _handle_request() | Processing request of type CallToolRequest
2026-06-29 17:14:52 | INFO     | server.py:733 | _handle_request() | Processing request of type CallToolRequest
2026-06-29 17:14:59 | INFO     | server.py:733 | _handle_request() | Processing request of type CallToolRequest
2026-06-29 17:15:00 | INFO     | server.py:733 | _handle_request() | Processing request of type CallToolRequest
2026-06-29 17:15:04 | INFO     | server.py:733 | _handle_request() | Processing request of type CallToolRequest
2026-06-29 17:15:07 | INFO     | server.py:733 | _handle_request() | Processing request of type CallToolRequest
2026-06-29 17:15:10 | INFO     | server.py:733 | _handle_request() | Processing request of type CallToolRequest
2026-06-29 17:15:12 | INFO     | server.py:733 | _handle_request() | Processing request of type CallToolRequest
2026-06-29 17:15:12 | INFO     | server.py:226 | handle_submit_report() | Report submitted for 0x01bbec6573ed7EcA0f307a10d2B4CEB669816B4a: ['overflow', 'access_control', 'dangerous_call', 'logic_error', 'replay_race']
2026-06-29 17:15:15 | INFO     | server.py:733 | _handle_request() | Processing request of type CallToolRequest
2026-06-29 17:15:18 | INFO     | server.py:733 | _handle_request() | Processing request of type CallToolRequest
2026-06-29 17:15:20 | INFO     | server.py:733 | _handle_request() | Processing request of type CallToolRequest
2026-06-29 17:15:20 | INFO     | server.py:226 | handle_submit_report() | Report submitted for 0x0298d4D15bC4294386b05E5185D3833fC76924B3: ['overflow', 'access_control', 'dangerous_call', 'logic_error', 'replay_race']
2026-06-29 17:15:22 | INFO     | server.py:733 | _handle_request() | Processing request of type CallToolRequest
2026-06-29 17:15:26 | INFO     | server.py:733 | _handle_request() | Processing request of type CallToolRequest
2026-06-29 17:15:30 | INFO     | server.py:733 | _handle_request() | Processing request of type CallToolRequest
2026-06-29 17:15:31 | INFO     | server.py:733 | _handle_request() | Processing request of type CallToolRequest
2026-06-29 17:15:36 | INFO     | server.py:733 | _handle_request() | Processing request of type CallToolRequest
2026-06-29 17:15:37 | INFO     | server.py:733 | _handle_request() | Processing request of type CallToolRequest
2026-06-29 17:15:41 | INFO     | server.py:733 | _handle_request() | Processing request of type CallToolRequest
2026-06-29 17:15:43 | INFO     | server.py:733 | _handle_request() | Processing request of type CallToolRequest
2026-06-29 17:15:43 | INFO     | server.py:226 | handle_submit_report() | Report submitted for 0x02c41cdE8a11fcf333277f2Bc543eb2B0925809c: ['access_control', 'dangerous_call', 'logic_error', 'replay_race']
2026-06-29 17:16:08 | INFO     | server.py:733 | _handle_request() | Processing request of type CallToolRequest
2026-06-29 17:16:13 | INFO     | server.py:733 | _handle_request() | Processing request of type CallToolRequest
2026-06-29 17:16:17 | INFO     | server.py:733 | _handle_request() | Processing request of type CallToolRequest
2026-06-29 17:16:17 | INFO     | server.py:226 | handle_submit_report() | Report submitted for 0x025abAD9e518516fdaAFBDcdB9701b37fb7eF0FA: ['overflow', 'access_control']
2026-06-29 17:16:29 | INFO     | server.py:733 | _handle_request() | Processing request of type CallToolRequest
2026-06-29 18:21:35 | INFO     | server.py:419 | main() | Starting token-audit MCP server (mcp library)
2026-06-29 18:21:35 | INFO     | server.py:733 | _handle_request() | Processing request of type CallToolRequest
2026-06-29 18:21:35 | INFO     | server.py:156 | handle_setup_problem() | Setting up problem: 0x00138bD67465733AE1BEDfD2105a6ffa83AF97D8
2026-06-29 18:21:35 | INFO     | server.py:733 | _handle_request() | Processing request of type ListToolsRequest
2026-06-29 18:21:35 | INFO     | server.py:733 | _handle_request() | Processing request of type ListToolsRequest
2026-06-29 18:21:35 | INFO     | server.py:419 | main() | Starting token-audit MCP server (mcp library)
2026-06-29 18:21:35 | INFO     | server.py:733 | _handle_request() | Processing request of type CallToolRequest
2026-06-29 18:21:35 | INFO     | server.py:156 | handle_setup_problem() | Setting up problem: 0x003f79D7Be15dC1aD90Ce00E6eA68F335e2B789B
2026-06-29 18:21:35 | INFO     | server.py:733 | _handle_request() | Processing request of type ListToolsRequest
2026-06-29 18:21:35 | INFO     | server.py:733 | _handle_request() | Processing request of type ListToolsRequest
2026-06-29 18:21:37 | INFO     | server.py:419 | main() | Starting token-audit MCP server (mcp library)
2026-06-29 18:21:37 | INFO     | server.py:733 | _handle_request() | Processing request of type CallToolRequest
2026-06-29 18:21:37 | INFO     | server.py:156 | handle_setup_problem() | Setting up problem: 0x004Dcfc79b28Ae0D52C2C013a328f84b433a1829
2026-06-29 18:21:37 | INFO     | server.py:733 | _handle_request() | Processing request of type ListToolsRequest
2026-06-29 18:21:37 | INFO     | server.py:733 | _handle_request() | Processing request of type ListToolsRequest
2026-06-29 18:21:38 | INFO     | server.py:733 | _handle_request() | Processing request of type CallToolRequest
2026-06-29 18:21:39 | INFO     | server.py:419 | main() | Starting token-audit MCP server (mcp library)
2026-06-29 18:21:39 | INFO     | server.py:733 | _handle_request() | Processing request of type CallToolRequest
2026-06-29 18:21:39 | INFO     | server.py:156 | handle_setup_problem() | Setting up problem: 0x0156888F51d68F858AC88aBa45DF699e2af2E4Cc
2026-06-29 18:21:39 | INFO     | server.py:733 | _handle_request() | Processing request of type ListToolsRequest
2026-06-29 18:21:39 | INFO     | server.py:733 | _handle_request() | Processing request of type ListToolsRequest
2026-06-29 18:21:40 | INFO     | server.py:733 | _handle_request() | Processing request of type CallToolRequest
2026-06-29 18:21:42 | INFO     | server.py:419 | main() | Starting token-audit MCP server (mcp library)
2026-06-29 18:21:42 | INFO     | server.py:733 | _handle_request() | Processing request of type CallToolRequest
2026-06-29 18:21:42 | INFO     | server.py:156 | handle_setup_problem() | Setting up problem: 0x01982364172d4C429372F37ACE5d47FE4f71F862
2026-06-29 18:21:42 | INFO     | server.py:733 | _handle_request() | Processing request of type ListToolsRequest
2026-06-29 18:21:42 | INFO     | server.py:733 | _handle_request() | Processing request of type ListToolsRequest
2026-06-29 18:21:43 | INFO     | server.py:733 | _handle_request() | Processing request of type CallToolRequest
2026-06-29 18:21:43 | INFO     | server.py:733 | _handle_request() | Processing request of type CallToolRequest
2026-06-29 18:21:44 | INFO     | server.py:419 | main() | Starting token-audit MCP server (mcp library)
2026-06-29 18:21:44 | INFO     | server.py:733 | _handle_request() | Processing request of type CallToolRequest
2026-06-29 18:21:44 | INFO     | server.py:156 | handle_setup_problem() | Setting up problem: 0x01F2AcF2914860331C1Cb1a9AcecDa7475e06Af8
2026-06-29 18:21:44 | INFO     | server.py:733 | _handle_request() | Processing request of type ListToolsRequest
2026-06-29 18:21:44 | INFO     | server.py:733 | _handle_request() | Processing request of type ListToolsRequest
2026-06-29 18:21:45 | INFO     | server.py:733 | _handle_request() | Processing request of type CallToolRequest
2026-06-29 18:21:47 | INFO     | server.py:419 | main() | Starting token-audit MCP server (mcp library)
2026-06-29 18:21:47 | INFO     | server.py:733 | _handle_request() | Processing request of type CallToolRequest
2026-06-29 18:21:47 | INFO     | server.py:156 | handle_setup_problem() | Setting up problem: 0x01bbec6573ed7EcA0f307a10d2B4CEB669816B4a
2026-06-29 18:21:47 | INFO     | server.py:733 | _handle_request() | Processing request of type ListToolsRequest
2026-06-29 18:21:47 | INFO     | server.py:733 | _handle_request() | Processing request of type ListToolsRequest
2026-06-29 18:21:47 | INFO     | server.py:733 | _handle_request() | Processing request of type CallToolRequest
2026-06-29 18:21:49 | INFO     | server.py:733 | _handle_request() | Processing request of type CallToolRequest
2026-06-29 18:21:49 | INFO     | server.py:419 | main() | Starting token-audit MCP server (mcp library)
2026-06-29 18:21:49 | INFO     | server.py:733 | _handle_request() | Processing request of type CallToolRequest
2026-06-29 18:21:49 | INFO     | server.py:156 | handle_setup_problem() | Setting up problem: 0x025abAD9e518516fdaAFBDcdB9701b37fb7eF0FA
2026-06-29 18:21:49 | INFO     | server.py:733 | _handle_request() | Processing request of type ListToolsRequest
2026-06-29 18:21:49 | INFO     | server.py:733 | _handle_request() | Processing request of type ListToolsRequest
2026-06-29 18:21:51 | INFO     | server.py:419 | main() | Starting token-audit MCP server (mcp library)
2026-06-29 18:21:51 | INFO     | server.py:733 | _handle_request() | Processing request of type CallToolRequest
2026-06-29 18:21:51 | INFO     | server.py:156 | handle_setup_problem() | Setting up problem: 0x0298d4D15bC4294386b05E5185D3833fC76924B3
2026-06-29 18:21:51 | INFO     | server.py:733 | _handle_request() | Processing request of type ListToolsRequest
2026-06-29 18:21:51 | INFO     | server.py:733 | _handle_request() | Processing request of type ListToolsRequest
2026-06-29 18:21:52 | INFO     | server.py:733 | _handle_request() | Processing request of type CallToolRequest
2026-06-29 18:21:54 | INFO     | server.py:419 | main() | Starting token-audit MCP server (mcp library)
2026-06-29 18:21:54 | INFO     | server.py:733 | _handle_request() | Processing request of type CallToolRequest
2026-06-29 18:21:54 | INFO     | server.py:156 | handle_setup_problem() | Setting up problem: 0x02c41cdE8a11fcf333277f2Bc543eb2B0925809c
2026-06-29 18:21:54 | INFO     | server.py:733 | _handle_request() | Processing request of type ListToolsRequest
2026-06-29 18:21:54 | INFO     | server.py:733 | _handle_request() | Processing request of type ListToolsRequest
2026-06-29 18:21:55 | INFO     | server.py:733 | _handle_request() | Processing request of type CallToolRequest
2026-06-29 18:21:57 | INFO     | server.py:733 | _handle_request() | Processing request of type CallToolRequest
2026-06-29 18:22:04 | INFO     | server.py:733 | _handle_request() | Processing request of type CallToolRequest
2026-06-29 18:22:10 | INFO     | server.py:733 | _handle_request() | Processing request of type CallToolRequest
2026-06-29 18:22:10 | INFO     | server.py:226 | handle_submit_report() | Report submitted for 0x00138bD67465733AE1BEDfD2105a6ffa83AF97D8: ['overflow', 'access_control', 'dangerous_call', 'logic_error', 'replay_race']
2026-06-29 18:22:16 | INFO     | server.py:733 | _handle_request() | Processing request of type CallToolRequest
2026-06-29 18:22:16 | INFO     | server.py:733 | _handle_request() | Processing request of type CallToolRequest
2026-06-29 18:22:18 | INFO     | server.py:733 | _handle_request() | Processing request of type CallToolRequest
2026-06-29 18:22:18 | INFO     | server.py:733 | _handle_request() | Processing request of type CallToolRequest
2026-06-29 18:22:19 | INFO     | server.py:733 | _handle_request() | Processing request of type CallToolRequest
2026-06-29 18:22:20 | INFO     | server.py:733 | _handle_request() | Processing request of type CallToolRequest
2026-06-29 18:22:20 | INFO     | server.py:733 | _handle_request() | Processing request of type CallToolRequest
2026-06-29 18:22:20 | INFO     | server.py:226 | handle_submit_report() | Report submitted for 0x0156888F51d68F858AC88aBa45DF699e2af2E4Cc: ['overflow', 'access_control', 'logic_error']
2026-06-29 18:22:21 | INFO     | server.py:733 | _handle_request() | Processing request of type CallToolRequest
2026-06-29 18:22:21 | INFO     | server.py:226 | handle_submit_report() | Report submitted for 0x01982364172d4C429372F37ACE5d47FE4f71F862: ['overflow', 'access_control', 'dangerous_call', 'logic_error']
2026-06-29 18:22:22 | INFO     | server.py:733 | _handle_request() | Processing request of type CallToolRequest
2026-06-29 18:22:22 | INFO     | server.py:226 | handle_submit_report() | Report submitted for 0x0298d4D15bC4294386b05E5185D3833fC76924B3: ['overflow', 'access_control', 'dangerous_call', 'logic_error', 'replay_race']
2026-06-29 18:22:24 | INFO     | server.py:733 | _handle_request() | Processing request of type CallToolRequest
2026-06-29 18:22:24 | INFO     | server.py:226 | handle_submit_report() | Report submitted for 0x004Dcfc79b28Ae0D52C2C013a328f84b433a1829: ['logic_error', 'access_control', 'dangerous_call', 'replay_race']
2026-06-29 18:22:25 | INFO     | server.py:733 | _handle_request() | Processing request of type CallToolRequest
2026-06-29 18:22:26 | INFO     | server.py:733 | _handle_request() | Processing request of type CallToolRequest
2026-06-29 18:22:27 | INFO     | server.py:733 | _handle_request() | Processing request of type CallToolRequest
2026-06-29 18:22:27 | INFO     | server.py:733 | _handle_request() | Processing request of type CallToolRequest
2026-06-29 18:22:27 | INFO     | server.py:226 | handle_submit_report() | Report submitted for 0x02c41cdE8a11fcf333277f2Bc543eb2B0925809c: ['overflow', 'access_control', 'dangerous_call', 'logic_error', 'replay_race']
2026-06-29 18:22:30 | INFO     | server.py:733 | _handle_request() | Processing request of type CallToolRequest
2026-06-29 18:22:30 | INFO     | server.py:733 | _handle_request() | Processing request of type CallToolRequest
2026-06-29 18:22:31 | INFO     | server.py:733 | _handle_request() | Processing request of type CallToolRequest
2026-06-29 18:22:33 | INFO     | server.py:733 | _handle_request() | Processing request of type CallToolRequest
2026-06-29 18:22:33 | INFO     | server.py:226 | handle_submit_report() | Report submitted for 0x01F2AcF2914860331C1Cb1a9AcecDa7475e06Af8: ['overflow', 'access_control', 'dangerous_call', 'logic_error', 'replay_race']
2026-06-29 18:22:33 | INFO     | server.py:733 | _handle_request() | Processing request of type CallToolRequest
2026-06-29 18:22:35 | INFO     | server.py:733 | _handle_request() | Processing request of type CallToolRequest
2026-06-29 18:22:35 | INFO     | server.py:733 | _handle_request() | Processing request of type CallToolRequest
2026-06-29 18:22:36 | INFO     | server.py:733 | _handle_request() | Processing request of type CallToolRequest
2026-06-29 18:22:36 | INFO     | server.py:226 | handle_submit_report() | Report submitted for 0x003f79D7Be15dC1aD90Ce00E6eA68F335e2B789B: ['overflow', 'access_control', 'dangerous_call', 'logic_error', 'replay_race']
2026-06-29 18:22:37 | INFO     | server.py:733 | _handle_request() | Processing request of type CallToolRequest
2026-06-29 18:22:37 | INFO     | server.py:226 | handle_submit_report() | Report submitted for 0x01bbec6573ed7EcA0f307a10d2B4CEB669816B4a: ['overflow', 'access_control', 'dangerous_call', 'logic_error', 'replay_race']
2026-06-29 18:22:39 | INFO     | server.py:733 | _handle_request() | Processing request of type CallToolRequest
2026-06-29 18:22:40 | INFO     | server.py:733 | _handle_request() | Processing request of type CallToolRequest
2026-06-29 18:22:44 | INFO     | server.py:733 | _handle_request() | Processing request of type CallToolRequest
2026-06-29 18:22:44 | INFO     | server.py:733 | _handle_request() | Processing request of type CallToolRequest
2026-06-29 18:22:44 | INFO     | server.py:733 | _handle_request() | Processing request of type CallToolRequest
2026-06-29 18:22:47 | INFO     | server.py:733 | _handle_request() | Processing request of type CallToolRequest
2026-06-29 18:22:49 | INFO     | server.py:733 | _handle_request() | Processing request of type CallToolRequest
2026-06-29 18:22:49 | INFO     | server.py:733 | _handle_request() | Processing request of type CallToolRequest
2026-06-29 18:23:21 | INFO     | server.py:733 | _handle_request() | Processing request of type CallToolRequest
2026-06-29 18:23:26 | INFO     | server.py:733 | _handle_request() | Processing request of type CallToolRequest
2026-06-29 18:23:26 | INFO     | server.py:226 | handle_submit_report() | Report submitted for 0x025abAD9e518516fdaAFBDcdB9701b37fb7eF0FA: ['overflow', 'access_control', 'logic_error']
2026-06-29 18:23:33 | INFO     | server.py:733 | _handle_request() | Processing request of type CallToolRequest
2026-06-29 19:03:48 | INFO     | server.py:419 | main() | Starting token-audit MCP server (mcp library)
2026-06-29 19:03:48 | INFO     | server.py:733 | _handle_request() | Processing request of type CallToolRequest
2026-06-29 19:03:48 | INFO     | server.py:156 | handle_setup_problem() | Setting up problem: 0x00138bD67465733AE1BEDfD2105a6ffa83AF97D8
2026-06-29 19:03:48 | INFO     | server.py:733 | _handle_request() | Processing request of type ListToolsRequest
2026-06-29 19:03:48 | INFO     | server.py:733 | _handle_request() | Processing request of type ListToolsRequest
2026-06-29 19:03:50 | INFO     | server.py:419 | main() | Starting token-audit MCP server (mcp library)
2026-06-29 19:03:50 | INFO     | server.py:733 | _handle_request() | Processing request of type CallToolRequest
2026-06-29 19:03:50 | INFO     | server.py:156 | handle_setup_problem() | Setting up problem: 0x003f79D7Be15dC1aD90Ce00E6eA68F335e2B789B
2026-06-29 19:03:50 | INFO     | server.py:733 | _handle_request() | Processing request of type ListToolsRequest
2026-06-29 19:03:50 | INFO     | server.py:733 | _handle_request() | Processing request of type ListToolsRequest
2026-06-29 19:03:52 | INFO     | server.py:419 | main() | Starting token-audit MCP server (mcp library)
2026-06-29 19:03:52 | INFO     | server.py:733 | _handle_request() | Processing request of type CallToolRequest
2026-06-29 19:03:52 | INFO     | server.py:156 | handle_setup_problem() | Setting up problem: 0x004Dcfc79b28Ae0D52C2C013a328f84b433a1829
2026-06-29 19:03:52 | INFO     | server.py:733 | _handle_request() | Processing request of type ListToolsRequest
2026-06-29 19:03:52 | INFO     | server.py:733 | _handle_request() | Processing request of type ListToolsRequest
2026-06-29 19:03:53 | INFO     | server.py:733 | _handle_request() | Processing request of type CallToolRequest
2026-06-29 19:03:54 | INFO     | server.py:419 | main() | Starting token-audit MCP server (mcp library)
2026-06-29 19:03:54 | INFO     | server.py:733 | _handle_request() | Processing request of type CallToolRequest
2026-06-29 19:03:54 | INFO     | server.py:156 | handle_setup_problem() | Setting up problem: 0x0156888F51d68F858AC88aBa45DF699e2af2E4Cc
2026-06-29 19:03:54 | INFO     | server.py:733 | _handle_request() | Processing request of type ListToolsRequest
2026-06-29 19:03:54 | INFO     | server.py:733 | _handle_request() | Processing request of type ListToolsRequest
2026-06-29 19:03:54 | INFO     | server.py:733 | _handle_request() | Processing request of type CallToolRequest
2026-06-29 19:03:55 | INFO     | server.py:419 | main() | Starting token-audit MCP server (mcp library)
2026-06-29 19:03:55 | INFO     | server.py:733 | _handle_request() | Processing request of type CallToolRequest
2026-06-29 19:03:55 | INFO     | server.py:156 | handle_setup_problem() | Setting up problem: 0x01982364172d4C429372F37ACE5d47FE4f71F862
2026-06-29 19:03:55 | INFO     | server.py:733 | _handle_request() | Processing request of type ListToolsRequest
2026-06-29 19:03:55 | INFO     | server.py:733 | _handle_request() | Processing request of type ListToolsRequest
2026-06-29 19:03:57 | INFO     | server.py:419 | main() | Starting token-audit MCP server (mcp library)
2026-06-29 19:03:57 | INFO     | server.py:733 | _handle_request() | Processing request of type CallToolRequest
2026-06-29 19:03:57 | INFO     | server.py:156 | handle_setup_problem() | Setting up problem: 0x01F2AcF2914860331C1Cb1a9AcecDa7475e06Af8
2026-06-29 19:03:57 | INFO     | server.py:733 | _handle_request() | Processing request of type ListToolsRequest
2026-06-29 19:03:57 | INFO     | server.py:733 | _handle_request() | Processing request of type ListToolsRequest
2026-06-29 19:03:58 | INFO     | server.py:733 | _handle_request() | Processing request of type CallToolRequest
2026-06-29 19:03:59 | INFO     | server.py:733 | _handle_request() | Processing request of type CallToolRequest
2026-06-29 19:03:59 | INFO     | server.py:419 | main() | Starting token-audit MCP server (mcp library)
2026-06-29 19:03:59 | INFO     | server.py:733 | _handle_request() | Processing request of type CallToolRequest
2026-06-29 19:03:59 | INFO     | server.py:156 | handle_setup_problem() | Setting up problem: 0x01bbec6573ed7EcA0f307a10d2B4CEB669816B4a
2026-06-29 19:03:59 | INFO     | server.py:733 | _handle_request() | Processing request of type ListToolsRequest
2026-06-29 19:03:59 | INFO     | server.py:733 | _handle_request() | Processing request of type ListToolsRequest
2026-06-29 19:03:59 | INFO     | server.py:733 | _handle_request() | Processing request of type CallToolRequest
2026-06-29 19:04:01 | INFO     | server.py:419 | main() | Starting token-audit MCP server (mcp library)
2026-06-29 19:04:01 | INFO     | server.py:733 | _handle_request() | Processing request of type CallToolRequest
2026-06-29 19:04:01 | INFO     | server.py:156 | handle_setup_problem() | Setting up problem: 0x025abAD9e518516fdaAFBDcdB9701b37fb7eF0FA
2026-06-29 19:04:01 | INFO     | server.py:733 | _handle_request() | Processing request of type ListToolsRequest
2026-06-29 19:04:01 | INFO     | server.py:733 | _handle_request() | Processing request of type ListToolsRequest
2026-06-29 19:04:01 | INFO     | server.py:733 | _handle_request() | Processing request of type CallToolRequest
2026-06-29 19:04:02 | INFO     | server.py:733 | _handle_request() | Processing request of type CallToolRequest
2026-06-29 19:04:02 | INFO     | server.py:733 | _handle_request() | Processing request of type CallToolRequest
2026-06-29 19:04:03 | INFO     | server.py:419 | main() | Starting token-audit MCP server (mcp library)
2026-06-29 19:04:03 | INFO     | server.py:733 | _handle_request() | Processing request of type CallToolRequest
2026-06-29 19:04:03 | INFO     | server.py:156 | handle_setup_problem() | Setting up problem: 0x0298d4D15bC4294386b05E5185D3833fC76924B3
2026-06-29 19:04:03 | INFO     | server.py:733 | _handle_request() | Processing request of type ListToolsRequest
2026-06-29 19:04:03 | INFO     | server.py:733 | _handle_request() | Processing request of type ListToolsRequest
2026-06-29 19:04:04 | INFO     | server.py:733 | _handle_request() | Processing request of type CallToolRequest
2026-06-29 19:04:06 | INFO     | server.py:733 | _handle_request() | Processing request of type CallToolRequest
2026-06-29 19:04:06 | INFO     | server.py:419 | main() | Starting token-audit MCP server (mcp library)
2026-06-29 19:04:06 | INFO     | server.py:733 | _handle_request() | Processing request of type CallToolRequest
2026-06-29 19:04:06 | INFO     | server.py:156 | handle_setup_problem() | Setting up problem: 0x02c41cdE8a11fcf333277f2Bc543eb2B0925809c
2026-06-29 19:04:06 | INFO     | server.py:733 | _handle_request() | Processing request of type ListToolsRequest
2026-06-29 19:04:06 | INFO     | server.py:733 | _handle_request() | Processing request of type ListToolsRequest
2026-06-29 19:04:06 | INFO     | server.py:733 | _handle_request() | Processing request of type CallToolRequest
2026-06-29 19:04:07 | INFO     | server.py:733 | _handle_request() | Processing request of type CallToolRequest
2026-06-29 19:04:08 | INFO     | server.py:733 | _handle_request() | Processing request of type CallToolRequest
2026-06-29 19:04:09 | INFO     | server.py:733 | _handle_request() | Processing request of type CallToolRequest
2026-06-29 19:04:12 | INFO     | server.py:733 | _handle_request() | Processing request of type CallToolRequest
2026-06-29 19:04:13 | INFO     | server.py:733 | _handle_request() | Processing request of type CallToolRequest
2026-06-29 19:04:15 | INFO     | server.py:733 | _handle_request() | Processing request of type CallToolRequest
2026-06-29 19:04:18 | INFO     | server.py:733 | _handle_request() | Processing request of type CallToolRequest
2026-06-29 19:04:20 | INFO     | server.py:733 | _handle_request() | Processing request of type CallToolRequest
2026-06-29 19:04:23 | INFO     | server.py:733 | _handle_request() | Processing request of type CallToolRequest
2026-06-29 19:04:23 | INFO     | server.py:733 | _handle_request() | Processing request of type CallToolRequest
2026-06-29 19:04:28 | INFO     | server.py:733 | _handle_request() | Processing request of type CallToolRequest
2026-06-29 19:04:28 | INFO     | server.py:733 | _handle_request() | Processing request of type CallToolRequest
2026-06-29 19:04:31 | INFO     | server.py:733 | _handle_request() | Processing request of type CallToolRequest
2026-06-29 19:04:31 | INFO     | server.py:733 | _handle_request() | Processing request of type CallToolRequest
2026-06-29 19:04:34 | INFO     | server.py:733 | _handle_request() | Processing request of type CallToolRequest
2026-06-29 19:04:34 | INFO     | server.py:733 | _handle_request() | Processing request of type CallToolRequest
2026-06-29 19:04:38 | INFO     | server.py:733 | _handle_request() | Processing request of type CallToolRequest
2026-06-29 19:04:38 | INFO     | server.py:733 | _handle_request() | Processing request of type CallToolRequest
2026-06-29 19:04:39 | INFO     | server.py:733 | _handle_request() | Processing request of type CallToolRequest
2026-06-29 19:04:41 | INFO     | server.py:733 | _handle_request() | Processing request of type CallToolRequest
2026-06-29 19:04:41 | INFO     | server.py:226 | handle_submit_report() | Report submitted for 0x003f79D7Be15dC1aD90Ce00E6eA68F335e2B789B: ['overflow', 'access_control', 'dangerous_call', 'logic_error', 'replay_race']
2026-06-29 19:04:45 | INFO     | server.py:733 | _handle_request() | Processing request of type CallToolRequest
2026-06-29 19:04:45 | INFO     | server.py:226 | handle_submit_report() | Report submitted for 0x025abAD9e518516fdaAFBDcdB9701b37fb7eF0FA: ['overflow', 'access_control', 'dangerous_call', 'logic_error']
2026-06-29 19:04:46 | INFO     | server.py:733 | _handle_request() | Processing request of type CallToolRequest
2026-06-29 19:04:51 | INFO     | server.py:733 | _handle_request() | Processing request of type CallToolRequest
2026-06-29 19:04:52 | INFO     | server.py:733 | _handle_request() | Processing request of type CallToolRequest
2026-06-29 19:04:53 | INFO     | server.py:419 | main() | Starting token-audit MCP server (mcp library)
2026-06-29 19:04:53 | INFO     | server.py:733 | _handle_request() | Processing request of type CallToolRequest
2026-06-29 19:04:53 | INFO     | server.py:156 | handle_setup_problem() | Setting up problem: 0x040a05E50007873f8D527B2e4E63C41Bf723665d
2026-06-29 19:04:53 | INFO     | server.py:733 | _handle_request() | Processing request of type ListToolsRequest
2026-06-29 19:04:53 | INFO     | server.py:733 | _handle_request() | Processing request of type ListToolsRequest
2026-06-29 19:04:53 | INFO     | server.py:733 | _handle_request() | Processing request of type CallToolRequest
2026-06-29 19:04:58 | INFO     | server.py:733 | _handle_request() | Processing request of type CallToolRequest
2026-06-29 19:04:58 | INFO     | server.py:733 | _handle_request() | Processing request of type CallToolRequest
2026-06-29 19:04:59 | INFO     | server.py:733 | _handle_request() | Processing request of type CallToolRequest
2026-06-29 19:05:00 | INFO     | server.py:733 | _handle_request() | Processing request of type CallToolRequest
2026-06-29 19:05:00 | INFO     | server.py:733 | _handle_request() | Processing request of type CallToolRequest
2026-06-29 19:05:00 | INFO     | server.py:226 | handle_submit_report() | Report submitted for 0x01F2AcF2914860331C1Cb1a9AcecDa7475e06Af8: ['overflow', 'access_control', 'dangerous_call', 'logic_error', 'replay_race']
2026-06-29 19:05:03 | INFO     | server.py:733 | _handle_request() | Processing request of type CallToolRequest
2026-06-29 19:05:03 | INFO     | server.py:226 | handle_submit_report() | Report submitted for 0x01982364172d4C429372F37ACE5d47FE4f71F862: ['overflow', 'access_control', 'dangerous_call', 'logic_error', 'replay_race']
2026-06-29 19:05:05 | INFO     | server.py:733 | _handle_request() | Processing request of type CallToolRequest
2026-06-29 19:05:05 | INFO     | server.py:226 | handle_submit_report() | Report submitted for 0x01bbec6573ed7EcA0f307a10d2B4CEB669816B4a: ['overflow', 'access_control', 'dangerous_call', 'logic_error', 'replay_race']
2026-06-29 19:05:06 | INFO     | server.py:733 | _handle_request() | Processing request of type CallToolRequest
2026-06-29 19:05:06 | INFO     | server.py:226 | handle_submit_report() | Report submitted for 0x02c41cdE8a11fcf333277f2Bc543eb2B0925809c: ['overflow', 'access_control', 'dangerous_call', 'logic_error', 'replay_race']
2026-06-29 19:05:06 | INFO     | server.py:733 | _handle_request() | Processing request of type CallToolRequest
2026-06-29 19:05:06 | INFO     | server.py:226 | handle_submit_report() | Report submitted for 0x004Dcfc79b28Ae0D52C2C013a328f84b433a1829: ['overflow', 'access_control', 'dangerous_call', 'logic_error', 'replay_race']
2026-06-29 19:05:12 | INFO     | server.py:733 | _handle_request() | Processing request of type CallToolRequest
2026-06-29 19:05:13 | INFO     | server.py:419 | main() | Starting token-audit MCP server (mcp library)
2026-06-29 19:05:13 | INFO     | server.py:733 | _handle_request() | Processing request of type CallToolRequest
2026-06-29 19:05:13 | INFO     | server.py:156 | handle_setup_problem() | Setting up problem: 0x041B3eb05560Ba2670DEF3Cc5eeC2AeEF8e5D14b
2026-06-29 19:05:13 | INFO     | server.py:733 | _handle_request() | Processing request of type ListToolsRequest
2026-06-29 19:05:13 | INFO     | server.py:733 | _handle_request() | Processing request of type ListToolsRequest
2026-06-29 19:05:13 | INFO     | server.py:733 | _handle_request() | Processing request of type CallToolRequest
2026-06-29 19:05:15 | INFO     | server.py:733 | _handle_request() | Processing request of type CallToolRequest
2026-06-29 19:05:16 | INFO     | server.py:733 | _handle_request() | Processing request of type CallToolRequest
2026-06-29 19:05:16 | INFO     | server.py:419 | main() | Starting token-audit MCP server (mcp library)
2026-06-29 19:05:16 | INFO     | server.py:733 | _handle_request() | Processing request of type CallToolRequest
2026-06-29 19:05:16 | INFO     | server.py:156 | handle_setup_problem() | Setting up problem: 0x047187e53477be70DBe8Ea5B799318f2e165052F
2026-06-29 19:05:16 | INFO     | server.py:733 | _handle_request() | Processing request of type ListToolsRequest
2026-06-29 19:05:16 | INFO     | server.py:733 | _handle_request() | Processing request of type ListToolsRequest
2026-06-29 19:05:17 | INFO     | server.py:733 | _handle_request() | Processing request of type CallToolRequest
2026-06-29 19:05:17 | INFO     | server.py:733 | _handle_request() | Processing request of type CallToolRequest
2026-06-29 19:05:17 | INFO     | server.py:226 | handle_submit_report() | Report submitted for 0x00138bD67465733AE1BEDfD2105a6ffa83AF97D8: ['overflow', 'access_control', 'dangerous_call', 'logic_error', 'replay_race']
2026-06-29 19:05:18 | INFO     | server.py:419 | main() | Starting token-audit MCP server (mcp library)
2026-06-29 19:05:18 | INFO     | server.py:733 | _handle_request() | Processing request of type CallToolRequest
2026-06-29 19:05:18 | INFO     | server.py:156 | handle_setup_problem() | Setting up problem: 0x06308B924dC8Fe805BD28d3170B7c8b9909E4EBa
2026-06-29 19:05:18 | INFO     | server.py:733 | _handle_request() | Processing request of type ListToolsRequest
2026-06-29 19:05:18 | INFO     | server.py:733 | _handle_request() | Processing request of type ListToolsRequest
2026-06-29 19:05:18 | INFO     | server.py:733 | _handle_request() | Processing request of type CallToolRequest
2026-06-29 19:05:18 | INFO     | server.py:733 | _handle_request() | Processing request of type CallToolRequest
2026-06-29 19:05:18 | INFO     | server.py:226 | handle_submit_report() | Report submitted for 0x0298d4D15bC4294386b05E5185D3833fC76924B3: ['access_control', 'dangerous_call']
2026-06-29 19:05:18 | INFO     | server.py:733 | _handle_request() | Processing request of type CallToolRequest
2026-06-29 19:05:20 | INFO     | server.py:419 | main() | Starting token-audit MCP server (mcp library)
2026-06-29 19:05:20 | INFO     | server.py:733 | _handle_request() | Processing request of type CallToolRequest
2026-06-29 19:05:20 | INFO     | server.py:156 | handle_setup_problem() | Setting up problem: 0x066420fF2aF331b3F7c1a5925121e068c69614dF
2026-06-29 19:05:20 | INFO     | server.py:733 | _handle_request() | Processing request of type ListToolsRequest
2026-06-29 19:05:20 | INFO     | server.py:733 | _handle_request() | Processing request of type ListToolsRequest
2026-06-29 19:05:22 | INFO     | server.py:733 | _handle_request() | Processing request of type CallToolRequest
2026-06-29 19:05:22 | INFO     | server.py:733 | _handle_request() | Processing request of type CallToolRequest
2026-06-29 19:05:23 | INFO     | server.py:419 | main() | Starting token-audit MCP server (mcp library)
2026-06-29 19:05:23 | INFO     | server.py:733 | _handle_request() | Processing request of type CallToolRequest
2026-06-29 19:05:23 | INFO     | server.py:156 | handle_setup_problem() | Setting up problem: 0x0675DAa94725A528b05A3A88635C03EA964BFA7E
2026-06-29 19:05:23 | INFO     | server.py:733 | _handle_request() | Processing request of type ListToolsRequest
2026-06-29 19:05:23 | INFO     | server.py:733 | _handle_request() | Processing request of type ListToolsRequest
2026-06-29 19:05:23 | INFO     | server.py:733 | _handle_request() | Processing request of type CallToolRequest
2026-06-29 19:05:24 | INFO     | server.py:733 | _handle_request() | Processing request of type CallToolRequest
2026-06-29 19:05:25 | INFO     | server.py:733 | _handle_request() | Processing request of type CallToolRequest
2026-06-29 19:05:26 | INFO     | server.py:419 | main() | Starting token-audit MCP server (mcp library)
2026-06-29 19:05:26 | INFO     | server.py:733 | _handle_request() | Processing request of type CallToolRequest
2026-06-29 19:05:26 | INFO     | server.py:156 | handle_setup_problem() | Setting up problem: 0x0763EA00a235DaDdFf3Ed5B0F03ff414577E0173
2026-06-29 19:05:26 | INFO     | server.py:733 | _handle_request() | Processing request of type ListToolsRequest
2026-06-29 19:05:26 | INFO     | server.py:733 | _handle_request() | Processing request of type ListToolsRequest
2026-06-29 19:05:27 | INFO     | server.py:733 | _handle_request() | Processing request of type CallToolRequest
2026-06-29 19:05:27 | INFO     | server.py:733 | _handle_request() | Processing request of type CallToolRequest
2026-06-29 19:05:27 | INFO     | server.py:226 | handle_submit_report() | Report submitted for 0x040a05E50007873f8D527B2e4E63C41Bf723665d: ['access_control', 'dangerous_call']
2026-06-29 19:05:29 | INFO     | server.py:733 | _handle_request() | Processing request of type CallToolRequest
2026-06-29 19:05:29 | INFO     | server.py:419 | main() | Starting token-audit MCP server (mcp library)
2026-06-29 19:05:29 | INFO     | server.py:733 | _handle_request() | Processing request of type CallToolRequest
2026-06-29 19:05:29 | INFO     | server.py:156 | handle_setup_problem() | Setting up problem: 0x086D6C602E769599143637cA1F2D71d0E8db59Ce
2026-06-29 19:05:29 | INFO     | server.py:733 | _handle_request() | Processing request of type ListToolsRequest
2026-06-29 19:05:29 | INFO     | server.py:733 | _handle_request() | Processing request of type ListToolsRequest
2026-06-29 19:05:30 | INFO     | server.py:733 | _handle_request() | Processing request of type CallToolRequest
2026-06-29 19:05:31 | INFO     | server.py:733 | _handle_request() | Processing request of type CallToolRequest
2026-06-29 19:05:32 | INFO     | server.py:419 | main() | Starting token-audit MCP server (mcp library)
2026-06-29 19:05:32 | INFO     | server.py:733 | _handle_request() | Processing request of type CallToolRequest
2026-06-29 19:05:32 | INFO     | server.py:156 | handle_setup_problem() | Setting up problem: 0x090fC358FA1a992C083590c7dd33Ad5208A02e9d
2026-06-29 19:05:32 | INFO     | server.py:733 | _handle_request() | Processing request of type ListToolsRequest
2026-06-29 19:05:32 | INFO     | server.py:733 | _handle_request() | Processing request of type ListToolsRequest
2026-06-29 19:05:33 | INFO     | server.py:733 | _handle_request() | Processing request of type CallToolRequest
2026-06-29 19:05:33 | INFO     | server.py:226 | handle_submit_report() | Report submitted for 0x0156888F51d68F858AC88aBa45DF699e2af2E4Cc: ['overflow', 'access_control', 'logic_error']
2026-06-29 19:05:33 | INFO     | server.py:733 | _handle_request() | Processing request of type CallToolRequest
2026-06-29 19:05:33 | INFO     | server.py:733 | _handle_request() | Processing request of type CallToolRequest
2026-06-29 19:05:33 | INFO     | server.py:733 | _handle_request() | Processing request of type CallToolRequest
2026-06-29 19:05:35 | INFO     | server.py:419 | main() | Starting token-audit MCP server (mcp library)
2026-06-29 19:05:35 | INFO     | server.py:733 | _handle_request() | Processing request of type CallToolRequest
2026-06-29 19:05:35 | INFO     | server.py:156 | handle_setup_problem() | Setting up problem: 0x093e5C256Ff8B32c7F1377f4C20e331674C77F00
2026-06-29 19:05:35 | INFO     | server.py:733 | _handle_request() | Processing request of type ListToolsRequest
2026-06-29 19:05:35 | INFO     | server.py:733 | _handle_request() | Processing request of type ListToolsRequest
2026-06-29 19:05:35 | INFO     | server.py:733 | _handle_request() | Processing request of type CallToolRequest
2026-06-29 19:05:37 | INFO     | server.py:733 | _handle_request() | Processing request of type CallToolRequest
2026-06-29 19:05:39 | INFO     | server.py:733 | _handle_request() | Processing request of type CallToolRequest
2026-06-29 19:05:39 | INFO     | server.py:733 | _handle_request() | Processing request of type CallToolRequest
2026-06-29 19:05:44 | INFO     | server.py:733 | _handle_request() | Processing request of type CallToolRequest
2026-06-29 19:05:47 | INFO     | server.py:733 | _handle_request() | Processing request of type CallToolRequest
2026-06-29 19:05:49 | INFO     | server.py:733 | _handle_request() | Processing request of type CallToolRequest
2026-06-29 19:05:50 | INFO     | server.py:419 | main() | Starting token-audit MCP server (mcp library)
2026-06-29 19:05:50 | INFO     | server.py:733 | _handle_request() | Processing request of type CallToolRequest
2026-06-29 19:05:50 | INFO     | server.py:156 | handle_setup_problem() | Setting up problem: 0x0B4cE72A70e87BEe66e0f43E9c861366e9D7DE19
2026-06-29 19:05:50 | INFO     | server.py:733 | _handle_request() | Processing request of type ListToolsRequest
2026-06-29 19:05:50 | INFO     | server.py:733 | _handle_request() | Processing request of type ListToolsRequest
2026-06-29 19:05:51 | INFO     | server.py:733 | _handle_request() | Processing request of type CallToolRequest
2026-06-29 19:05:54 | INFO     | server.py:733 | _handle_request() | Processing request of type CallToolRequest
2026-06-29 19:05:57 | INFO     | server.py:733 | _handle_request() | Processing request of type CallToolRequest
2026-06-29 19:05:58 | INFO     | server.py:733 | _handle_request() | Processing request of type CallToolRequest
2026-06-29 19:05:59 | INFO     | server.py:733 | _handle_request() | Processing request of type CallToolRequest
2026-06-29 19:06:03 | INFO     | server.py:733 | _handle_request() | Processing request of type CallToolRequest
2026-06-29 19:06:04 | INFO     | server.py:733 | _handle_request() | Processing request of type CallToolRequest
2026-06-29 19:06:09 | INFO     | server.py:733 | _handle_request() | Processing request of type CallToolRequest
2026-06-29 19:06:09 | INFO     | server.py:226 | handle_submit_report() | Report submitted for 0x0675DAa94725A528b05A3A88635C03EA964BFA7E: ['access_control', 'dangerous_call', 'logic_error', 'replay_race']
2026-06-29 19:06:11 | INFO     | server.py:733 | _handle_request() | Processing request of type CallToolRequest
2026-06-29 19:06:11 | INFO     | server.py:226 | handle_submit_report() | Report submitted for 0x090fC358FA1a992C083590c7dd33Ad5208A02e9d: ['access_control', 'logic_error', 'replay_race']
2026-06-29 19:06:11 | INFO     | server.py:733 | _handle_request() | Processing request of type CallToolRequest
2026-06-29 19:06:11 | INFO     | server.py:733 | _handle_request() | Processing request of type CallToolRequest
2026-06-29 19:06:16 | INFO     | server.py:733 | _handle_request() | Processing request of type CallToolRequest
2026-06-29 19:06:17 | INFO     | server.py:733 | _handle_request() | Processing request of type CallToolRequest
2026-06-29 19:06:17 | INFO     | server.py:226 | handle_submit_report() | Report submitted for 0x093e5C256Ff8B32c7F1377f4C20e331674C77F00: ['logic_error', 'access_control', 'replay_race', 'overflow']
2026-06-29 19:06:17 | INFO     | server.py:733 | _handle_request() | Processing request of type CallToolRequest
2026-06-29 19:06:17 | INFO     | server.py:226 | handle_submit_report() | Report submitted for 0x0763EA00a235DaDdFf3Ed5B0F03ff414577E0173: ['overflow', 'access_control', 'dangerous_call', 'logic_error', 'replay_race']
2026-06-29 19:06:18 | INFO     | server.py:733 | _handle_request() | Processing request of type CallToolRequest
2026-06-29 19:06:20 | INFO     | server.py:733 | _handle_request() | Processing request of type CallToolRequest
2026-06-29 19:06:20 | INFO     | server.py:419 | main() | Starting token-audit MCP server (mcp library)
2026-06-29 19:06:20 | INFO     | server.py:733 | _handle_request() | Processing request of type CallToolRequest
2026-06-29 19:06:20 | INFO     | server.py:156 | handle_setup_problem() | Setting up problem: 0x0BDBc0748bA09fBE9e9ED5938532E41446c2f033
2026-06-29 19:06:20 | INFO     | server.py:733 | _handle_request() | Processing request of type ListToolsRequest
2026-06-29 19:06:20 | INFO     | server.py:733 | _handle_request() | Processing request of type ListToolsRequest
2026-06-29 19:06:22 | INFO     | server.py:733 | _handle_request() | Processing request of type CallToolRequest
2026-06-29 19:06:22 | INFO     | server.py:226 | handle_submit_report() | Report submitted for 0x086D6C602E769599143637cA1F2D71d0E8db59Ce: ['overflow', 'access_control', 'dangerous_call', 'logic_error', 'replay_race']
2026-06-29 19:06:23 | INFO     | server.py:419 | main() | Starting token-audit MCP server (mcp library)
2026-06-29 19:06:23 | INFO     | server.py:733 | _handle_request() | Processing request of type CallToolRequest
2026-06-29 19:06:23 | INFO     | server.py:156 | handle_setup_problem() | Setting up problem: 0x0D324B2e732c35162b99BAFc63E35b16E6ec54cD
2026-06-29 19:06:23 | INFO     | server.py:733 | _handle_request() | Processing request of type ListToolsRequest
2026-06-29 19:06:23 | INFO     | server.py:733 | _handle_request() | Processing request of type ListToolsRequest
2026-06-29 19:06:23 | INFO     | server.py:733 | _handle_request() | Processing request of type CallToolRequest
2026-06-29 19:06:25 | INFO     | server.py:733 | _handle_request() | Processing request of type CallToolRequest
2026-06-29 19:06:26 | INFO     | server.py:733 | _handle_request() | Processing request of type CallToolRequest
2026-06-29 19:06:27 | INFO     | server.py:733 | _handle_request() | Processing request of type CallToolRequest
2026-06-29 19:06:28 | INFO     | server.py:419 | main() | Starting token-audit MCP server (mcp library)
2026-06-29 19:06:28 | INFO     | server.py:733 | _handle_request() | Processing request of type CallToolRequest
2026-06-29 19:06:28 | INFO     | server.py:156 | handle_setup_problem() | Setting up problem: 0x0D44b2757F1b6C742Ff8707F6eb298A7DA1981af
2026-06-29 19:06:28 | INFO     | server.py:733 | _handle_request() | Processing request of type ListToolsRequest
2026-06-29 19:06:28 | INFO     | server.py:733 | _handle_request() | Processing request of type ListToolsRequest
2026-06-29 19:06:31 | INFO     | server.py:733 | _handle_request() | Processing request of type CallToolRequest
2026-06-29 19:06:32 | INFO     | server.py:733 | _handle_request() | Processing request of type CallToolRequest
2026-06-29 19:06:32 | INFO     | server.py:226 | handle_submit_report() | Report submitted for 0x047187e53477be70DBe8Ea5B799318f2e165052F: ['overflow', 'access_control', 'dangerous_call', 'logic_error', 'replay_race']
2026-06-29 19:06:33 | INFO     | server.py:733 | _handle_request() | Processing request of type CallToolRequest
2026-06-29 19:06:33 | INFO     | server.py:733 | _handle_request() | Processing request of type CallToolRequest
2026-06-29 19:06:35 | INFO     | server.py:733 | _handle_request() | Processing request of type CallToolRequest
2026-06-29 19:06:35 | INFO     | server.py:419 | main() | Starting token-audit MCP server (mcp library)
2026-06-29 19:06:35 | INFO     | server.py:733 | _handle_request() | Processing request of type CallToolRequest
2026-06-29 19:06:35 | INFO     | server.py:156 | handle_setup_problem() | Setting up problem: 0x0D6f4cef46F23877A930C2d782cc275C978bC1eE
2026-06-29 19:06:35 | INFO     | server.py:733 | _handle_request() | Processing request of type ListToolsRequest
2026-06-29 19:06:35 | INFO     | server.py:733 | _handle_request() | Processing request of type ListToolsRequest
2026-06-29 19:06:36 | INFO     | server.py:733 | _handle_request() | Processing request of type CallToolRequest
2026-06-29 19:06:37 | INFO     | server.py:419 | main() | Starting token-audit MCP server (mcp library)
2026-06-29 19:06:37 | INFO     | server.py:733 | _handle_request() | Processing request of type CallToolRequest
2026-06-29 19:06:37 | INFO     | server.py:156 | handle_setup_problem() | Setting up problem: 0x0DAf4CD0d8F3132Ca5eb256aBbE03d45DbbAf7C4
2026-06-29 19:06:37 | INFO     | server.py:733 | _handle_request() | Processing request of type ListToolsRequest
2026-06-29 19:06:37 | INFO     | server.py:733 | _handle_request() | Processing request of type ListToolsRequest
2026-06-29 19:06:38 | INFO     | server.py:733 | _handle_request() | Processing request of type CallToolRequest
2026-06-29 19:06:40 | INFO     | server.py:733 | _handle_request() | Processing request of type CallToolRequest
2026-06-29 19:06:42 | INFO     | server.py:733 | _handle_request() | Processing request of type CallToolRequest
2026-06-29 19:06:42 | INFO     | server.py:226 | handle_submit_report() | Report submitted for 0x0B4cE72A70e87BEe66e0f43E9c861366e9D7DE19: ['overflow', 'access_control', 'dangerous_call', 'logic_error', 'replay_race']
2026-06-29 19:06:42 | INFO     | server.py:733 | _handle_request() | Processing request of type CallToolRequest
2026-06-29 19:06:43 | INFO     | server.py:733 | _handle_request() | Processing request of type CallToolRequest
2026-06-29 19:06:44 | INFO     | server.py:733 | _handle_request() | Processing request of type CallToolRequest
2026-06-29 19:06:46 | INFO     | server.py:733 | _handle_request() | Processing request of type CallToolRequest
2026-06-29 19:06:46 | INFO     | server.py:226 | handle_submit_report() | Report submitted for 0x066420fF2aF331b3F7c1a5925121e068c69614dF: ['overflow', 'access_control', 'dangerous_call', 'logic_error', 'replay_race']
2026-06-29 19:06:48 | INFO     | server.py:733 | _handle_request() | Processing request of type CallToolRequest
2026-06-29 19:06:51 | INFO     | server.py:733 | _handle_request() | Processing request of type CallToolRequest
2026-06-29 19:06:52 | INFO     | server.py:733 | _handle_request() | Processing request of type CallToolRequest
2026-06-29 19:06:52 | INFO     | server.py:419 | main() | Starting token-audit MCP server (mcp library)
2026-06-29 19:06:52 | INFO     | server.py:733 | _handle_request() | Processing request of type CallToolRequest
2026-06-29 19:06:52 | INFO     | server.py:156 | handle_setup_problem() | Setting up problem: 0x0Ec4207AA379dFcd9239e987530b95a55178e5eB
2026-06-29 19:06:52 | INFO     | server.py:733 | _handle_request() | Processing request of type ListToolsRequest
2026-06-29 19:06:52 | INFO     | server.py:733 | _handle_request() | Processing request of type ListToolsRequest
2026-06-29 19:06:55 | INFO     | server.py:733 | _handle_request() | Processing request of type CallToolRequest
2026-06-29 19:06:56 | INFO     | server.py:733 | _handle_request() | Processing request of type CallToolRequest
2026-06-29 19:06:56 | INFO     | server.py:226 | handle_submit_report() | Report submitted for 0x06308B924dC8Fe805BD28d3170B7c8b9909E4EBa: ['overflow', 'access_control', 'dangerous_call', 'logic_error', 'replay_race']
2026-06-29 19:06:57 | INFO     | server.py:419 | main() | Starting token-audit MCP server (mcp library)
2026-06-29 19:06:57 | INFO     | server.py:733 | _handle_request() | Processing request of type CallToolRequest
2026-06-29 19:06:57 | INFO     | server.py:156 | handle_setup_problem() | Setting up problem: 0x10c0337c42843E0b8CE743d7D5fF39b711f3aD82
2026-06-29 19:06:57 | INFO     | server.py:733 | _handle_request() | Processing request of type ListToolsRequest
2026-06-29 19:06:57 | INFO     | server.py:733 | _handle_request() | Processing request of type ListToolsRequest
2026-06-29 19:06:59 | INFO     | server.py:733 | _handle_request() | Processing request of type CallToolRequest
2026-06-29 19:06:59 | INFO     | server.py:733 | _handle_request() | Processing request of type CallToolRequest
2026-06-29 19:07:00 | INFO     | server.py:733 | _handle_request() | Processing request of type CallToolRequest
2026-06-29 19:07:04 | INFO     | server.py:733 | _handle_request() | Processing request of type CallToolRequest
2026-06-29 19:07:06 | INFO     | server.py:733 | _handle_request() | Processing request of type CallToolRequest
2026-06-29 19:07:06 | INFO     | server.py:733 | _handle_request() | Processing request of type CallToolRequest
2026-06-29 19:07:07 | INFO     | server.py:419 | main() | Starting token-audit MCP server (mcp library)
2026-06-29 19:07:07 | INFO     | server.py:733 | _handle_request() | Processing request of type CallToolRequest
2026-06-29 19:07:07 | INFO     | server.py:156 | handle_setup_problem() | Setting up problem: 0x113058C101b2D78e001D4a7D2174a66b5ff3A4A7
2026-06-29 19:07:07 | INFO     | server.py:733 | _handle_request() | Processing request of type ListToolsRequest
2026-06-29 19:07:07 | INFO     | server.py:733 | _handle_request() | Processing request of type ListToolsRequest
2026-06-29 19:07:08 | INFO     | server.py:733 | _handle_request() | Processing request of type CallToolRequest
2026-06-29 19:07:10 | INFO     | server.py:733 | _handle_request() | Processing request of type CallToolRequest
2026-06-29 19:07:10 | INFO     | server.py:733 | _handle_request() | Processing request of type CallToolRequest
2026-06-29 19:07:11 | INFO     | server.py:733 | _handle_request() | Processing request of type CallToolRequest
2026-06-29 19:07:11 | INFO     | server.py:419 | main() | Starting token-audit MCP server (mcp library)
2026-06-29 19:07:11 | INFO     | server.py:733 | _handle_request() | Processing request of type CallToolRequest
2026-06-29 19:07:11 | INFO     | server.py:156 | handle_setup_problem() | Setting up problem: 0x117820a67905555D4203d6915807D39921636b8D
2026-06-29 19:07:11 | INFO     | server.py:733 | _handle_request() | Processing request of type ListToolsRequest
2026-06-29 19:07:11 | INFO     | server.py:733 | _handle_request() | Processing request of type ListToolsRequest
2026-06-29 19:07:12 | INFO     | server.py:733 | _handle_request() | Processing request of type CallToolRequest
2026-06-29 19:07:14 | INFO     | server.py:733 | _handle_request() | Processing request of type CallToolRequest
2026-06-29 19:07:15 | INFO     | server.py:733 | _handle_request() | Processing request of type CallToolRequest
2026-06-29 19:07:16 | INFO     | server.py:733 | _handle_request() | Processing request of type CallToolRequest
2026-06-29 19:07:18 | INFO     | server.py:733 | _handle_request() | Processing request of type CallToolRequest
2026-06-29 19:07:18 | INFO     | server.py:733 | _handle_request() | Processing request of type CallToolRequest
2026-06-29 19:07:20 | INFO     | server.py:733 | _handle_request() | Processing request of type CallToolRequest
2026-06-29 19:07:21 | INFO     | server.py:733 | _handle_request() | Processing request of type CallToolRequest
2026-06-29 19:07:23 | INFO     | server.py:733 | _handle_request() | Processing request of type CallToolRequest
2026-06-29 19:07:23 | INFO     | server.py:733 | _handle_request() | Processing request of type CallToolRequest
2026-06-29 19:07:24 | INFO     | server.py:733 | _handle_request() | Processing request of type CallToolRequest
2026-06-29 19:07:24 | INFO     | server.py:733 | _handle_request() | Processing request of type CallToolRequest
2026-06-29 19:07:24 | INFO     | server.py:733 | _handle_request() | Processing request of type CallToolRequest
2026-06-29 19:07:24 | INFO     | server.py:733 | _handle_request() | Processing request of type CallToolRequest
2026-06-29 19:07:25 | INFO     | server.py:733 | _handle_request() | Processing request of type CallToolRequest
2026-06-29 19:07:27 | INFO     | server.py:733 | _handle_request() | Processing request of type CallToolRequest
2026-06-29 19:07:28 | INFO     | server.py:733 | _handle_request() | Processing request of type CallToolRequest
2026-06-29 19:07:29 | INFO     | server.py:733 | _handle_request() | Processing request of type CallToolRequest
2026-06-29 19:07:30 | INFO     | server.py:733 | _handle_request() | Processing request of type CallToolRequest
2026-06-29 19:07:30 | INFO     | server.py:733 | _handle_request() | Processing request of type CallToolRequest
2026-06-29 19:07:31 | INFO     | server.py:733 | _handle_request() | Processing request of type CallToolRequest
2026-06-29 19:07:33 | INFO     | server.py:733 | _handle_request() | Processing request of type CallToolRequest
2026-06-29 19:07:35 | INFO     | server.py:733 | _handle_request() | Processing request of type CallToolRequest
2026-06-29 19:07:35 | INFO     | server.py:733 | _handle_request() | Processing request of type CallToolRequest
2026-06-29 19:07:35 | INFO     | server.py:226 | handle_submit_report() | Report submitted for 0x0D6f4cef46F23877A930C2d782cc275C978bC1eE: ['overflow', 'logic_error']
2026-06-29 19:07:38 | INFO     | server.py:733 | _handle_request() | Processing request of type CallToolRequest
2026-06-29 19:07:40 | INFO     | server.py:733 | _handle_request() | Processing request of type CallToolRequest
2026-06-29 19:07:40 | INFO     | server.py:733 | _handle_request() | Processing request of type CallToolRequest
2026-06-29 19:07:42 | INFO     | server.py:733 | _handle_request() | Processing request of type CallToolRequest
2026-06-29 19:07:44 | INFO     | server.py:419 | main() | Starting token-audit MCP server (mcp library)
2026-06-29 19:07:44 | INFO     | server.py:733 | _handle_request() | Processing request of type CallToolRequest
2026-06-29 19:07:44 | INFO     | server.py:156 | handle_setup_problem() | Setting up problem: 0x11838ECe89439C4f0224Bc7b9f76E07721d99f9e
2026-06-29 19:07:44 | INFO     | server.py:733 | _handle_request() | Processing request of type ListToolsRequest
2026-06-29 19:07:44 | INFO     | server.py:733 | _handle_request() | Processing request of type ListToolsRequest
2026-06-29 19:07:44 | INFO     | server.py:733 | _handle_request() | Processing request of type CallToolRequest
2026-06-29 19:07:48 | INFO     | server.py:733 | _handle_request() | Processing request of type CallToolRequest
2026-06-29 19:07:49 | INFO     | server.py:733 | _handle_request() | Processing request of type CallToolRequest
2026-06-29 19:07:49 | INFO     | server.py:733 | _handle_request() | Processing request of type CallToolRequest
2026-06-29 19:07:57 | INFO     | server.py:733 | _handle_request() | Processing request of type CallToolRequest
2026-06-29 19:07:57 | INFO     | server.py:226 | handle_submit_report() | Report submitted for 0x0Ec4207AA379dFcd9239e987530b95a55178e5eB: ['access_control', 'logic_error', 'replay_race']
2026-06-29 19:08:02 | INFO     | server.py:733 | _handle_request() | Processing request of type CallToolRequest
2026-06-29 19:08:02 | INFO     | server.py:226 | handle_submit_report() | Report submitted for 0x0D44b2757F1b6C742Ff8707F6eb298A7DA1981af: ['overflow', 'access_control']
2026-06-29 19:08:06 | INFO     | server.py:733 | _handle_request() | Processing request of type CallToolRequest
2026-06-29 19:08:09 | INFO     | server.py:733 | _handle_request() | Processing request of type CallToolRequest
2026-06-29 19:08:09 | INFO     | server.py:226 | handle_submit_report() | Report submitted for 0x10c0337c42843E0b8CE743d7D5fF39b711f3aD82: ['overflow', 'access_control', 'dangerous_call', 'logic_error', 'replay_race']
2026-06-29 19:08:11 | INFO     | server.py:733 | _handle_request() | Processing request of type CallToolRequest
2026-06-29 19:08:12 | INFO     | server.py:733 | _handle_request() | Processing request of type CallToolRequest
2026-06-29 19:08:12 | INFO     | server.py:226 | handle_submit_report() | Report submitted for 0x0BDBc0748bA09fBE9e9ED5938532E41446c2f033: ['access_control', 'logic_error']
2026-06-29 19:08:13 | INFO     | server.py:419 | main() | Starting token-audit MCP server (mcp library)
2026-06-29 19:08:13 | INFO     | server.py:733 | _handle_request() | Processing request of type CallToolRequest
2026-06-29 19:08:13 | INFO     | server.py:156 | handle_setup_problem() | Setting up problem: 0x11D635bbba3f9B8f7C9b91cA9f315a2207cb5AD5
2026-06-29 19:08:13 | INFO     | server.py:733 | _handle_request() | Processing request of type ListToolsRequest
2026-06-29 19:08:13 | INFO     | server.py:733 | _handle_request() | Processing request of type ListToolsRequest
2026-06-29 19:08:14 | INFO     | server.py:733 | _handle_request() | Processing request of type CallToolRequest
2026-06-29 19:08:14 | INFO     | server.py:226 | handle_submit_report() | Report submitted for 0x113058C101b2D78e001D4a7D2174a66b5ff3A4A7: ['access_control', 'dangerous_call', 'logic_error', 'replay_race']
2026-06-29 19:08:14 | INFO     | server.py:733 | _handle_request() | Processing request of type CallToolRequest
2026-06-29 19:08:15 | INFO     | server.py:733 | _handle_request() | Processing request of type CallToolRequest
2026-06-29 19:08:16 | INFO     | server.py:733 | _handle_request() | Processing request of type CallToolRequest
2026-06-29 19:08:17 | INFO     | server.py:419 | main() | Starting token-audit MCP server (mcp library)
2026-06-29 19:08:17 | INFO     | server.py:733 | _handle_request() | Processing request of type CallToolRequest
2026-06-29 19:08:17 | INFO     | server.py:156 | handle_setup_problem() | Setting up problem: 0x123aB195DD38B1b40510d467a6a359b201af056f
2026-06-29 19:08:17 | INFO     | server.py:733 | _handle_request() | Processing request of type ListToolsRequest
2026-06-29 19:08:17 | INFO     | server.py:733 | _handle_request() | Processing request of type ListToolsRequest
2026-06-29 19:08:18 | INFO     | server.py:733 | _handle_request() | Processing request of type CallToolRequest
2026-06-29 19:08:18 | INFO     | server.py:733 | _handle_request() | Processing request of type CallToolRequest
2026-06-29 19:08:18 | INFO     | server.py:226 | handle_submit_report() | Report submitted for 0x117820a67905555D4203d6915807D39921636b8D: ['access_control']
2026-06-29 19:08:19 | INFO     | server.py:419 | main() | Starting token-audit MCP server (mcp library)
2026-06-29 19:08:19 | INFO     | server.py:733 | _handle_request() | Processing request of type CallToolRequest
2026-06-29 19:08:19 | INFO     | server.py:156 | handle_setup_problem() | Setting up problem: 0x129AcF3033AdF867E186141Ed182EAfD39596436
2026-06-29 19:08:19 | INFO     | server.py:733 | _handle_request() | Processing request of type ListToolsRequest
2026-06-29 19:08:19 | INFO     | server.py:733 | _handle_request() | Processing request of type ListToolsRequest
2026-06-29 19:08:21 | INFO     | server.py:733 | _handle_request() | Processing request of type CallToolRequest
2026-06-29 19:08:22 | INFO     | server.py:733 | _handle_request() | Processing request of type CallToolRequest
2026-06-29 19:08:24 | INFO     | server.py:733 | _handle_request() | Processing request of type CallToolRequest
2026-06-29 19:08:26 | INFO     | server.py:733 | _handle_request() | Processing request of type CallToolRequest
2026-06-29 19:08:27 | INFO     | server.py:419 | main() | Starting token-audit MCP server (mcp library)
2026-06-29 19:08:27 | INFO     | server.py:733 | _handle_request() | Processing request of type CallToolRequest
2026-06-29 19:08:27 | INFO     | server.py:733 | _handle_request() | Processing request of type CallToolRequest
2026-06-29 19:08:27 | INFO     | server.py:156 | handle_setup_problem() | Setting up problem: 0x12CCA3373658D7D9a6d92403065377723ceB7B9b
2026-06-29 19:08:27 | INFO     | server.py:733 | _handle_request() | Processing request of type ListToolsRequest
2026-06-29 19:08:27 | INFO     | server.py:733 | _handle_request() | Processing request of type ListToolsRequest
2026-06-29 19:08:27 | INFO     | server.py:733 | _handle_request() | Processing request of type CallToolRequest
2026-06-29 19:08:29 | INFO     | server.py:733 | _handle_request() | Processing request of type CallToolRequest
2026-06-29 19:08:29 | INFO     | server.py:419 | main() | Starting token-audit MCP server (mcp library)
2026-06-29 19:08:29 | INFO     | server.py:733 | _handle_request() | Processing request of type CallToolRequest
2026-06-29 19:08:29 | INFO     | server.py:156 | handle_setup_problem() | Setting up problem: 0x12E29d7d6fD63f0f12040Fcd1bf9021919b0E4fA
2026-06-29 19:08:29 | INFO     | server.py:733 | _handle_request() | Processing request of type ListToolsRequest
2026-06-29 19:08:29 | INFO     | server.py:733 | _handle_request() | Processing request of type ListToolsRequest
2026-06-29 19:08:30 | INFO     | server.py:733 | _handle_request() | Processing request of type CallToolRequest
2026-06-29 19:08:30 | INFO     | server.py:226 | handle_submit_report() | Report submitted for 0x0DAf4CD0d8F3132Ca5eb256aBbE03d45DbbAf7C4: ['overflow', 'access_control', 'dangerous_call', 'logic_error', 'replay_race']
2026-06-29 19:08:30 | INFO     | server.py:733 | _handle_request() | Processing request of type CallToolRequest
2026-06-29 19:08:30 | INFO     | server.py:733 | _handle_request() | Processing request of type CallToolRequest
2026-06-29 19:08:31 | INFO     | server.py:419 | main() | Starting token-audit MCP server (mcp library)
2026-06-29 19:08:31 | INFO     | server.py:733 | _handle_request() | Processing request of type CallToolRequest
2026-06-29 19:08:31 | INFO     | server.py:156 | handle_setup_problem() | Setting up problem: 0x12F9cf26A436B67728480DF770416F9be5605d77
2026-06-29 19:08:31 | INFO     | server.py:733 | _handle_request() | Processing request of type ListToolsRequest
2026-06-29 19:08:31 | INFO     | server.py:733 | _handle_request() | Processing request of type ListToolsRequest
2026-06-29 19:08:32 | INFO     | server.py:419 | main() | Starting token-audit MCP server (mcp library)
2026-06-29 19:08:32 | INFO     | server.py:733 | _handle_request() | Processing request of type CallToolRequest
2026-06-29 19:08:32 | INFO     | server.py:156 | handle_setup_problem() | Setting up problem: 0x130282173B796f75E0EB65eAF9F4d10835E1287a
2026-06-29 19:08:32 | INFO     | server.py:733 | _handle_request() | Processing request of type ListToolsRequest
2026-06-29 19:08:32 | INFO     | server.py:733 | _handle_request() | Processing request of type ListToolsRequest
2026-06-29 19:08:33 | INFO     | server.py:733 | _handle_request() | Processing request of type CallToolRequest
2026-06-29 19:08:33 | INFO     | server.py:226 | handle_submit_report() | Report submitted for 0x11D635bbba3f9B8f7C9b91cA9f315a2207cb5AD5: ['overflow', 'access_control', 'dangerous_call', 'logic_error', 'replay_race']
2026-06-29 19:08:33 | INFO     | server.py:733 | _handle_request() | Processing request of type CallToolRequest
2026-06-29 19:08:34 | INFO     | server.py:733 | _handle_request() | Processing request of type CallToolRequest
2026-06-29 19:08:34 | INFO     | server.py:733 | _handle_request() | Processing request of type CallToolRequest
2026-06-29 19:08:35 | INFO     | server.py:733 | _handle_request() | Processing request of type CallToolRequest
2026-06-29 19:08:35 | INFO     | server.py:733 | _handle_request() | Processing request of type CallToolRequest
2026-06-29 19:08:37 | INFO     | server.py:733 | _handle_request() | Processing request of type CallToolRequest
2026-06-29 19:08:37 | INFO     | server.py:733 | _handle_request() | Processing request of type CallToolRequest
2026-06-29 19:08:37 | INFO     | server.py:226 | handle_submit_report() | Report submitted for 0x041B3eb05560Ba2670DEF3Cc5eeC2AeEF8e5D14b: ['overflow', 'access_control', 'dangerous_call', 'logic_error']
2026-06-29 19:08:39 | INFO     | server.py:733 | _handle_request() | Processing request of type CallToolRequest
2026-06-29 19:08:39 | INFO     | server.py:226 | handle_submit_report() | Report submitted for 0x11838ECe89439C4f0224Bc7b9f76E07721d99f9e: ['overflow', 'access_control', 'dangerous_call', 'logic_error', 'replay_race']
2026-06-29 19:08:39 | INFO     | server.py:419 | main() | Starting token-audit MCP server (mcp library)
2026-06-29 19:08:39 | INFO     | server.py:733 | _handle_request() | Processing request of type CallToolRequest
2026-06-29 19:08:39 | INFO     | server.py:156 | handle_setup_problem() | Setting up problem: 0x1400300399F6fC996a58846bC251E28282a97C2b
2026-06-29 19:08:39 | INFO     | server.py:733 | _handle_request() | Processing request of type ListToolsRequest
2026-06-29 19:08:39 | INFO     | server.py:733 | _handle_request() | Processing request of type ListToolsRequest
2026-06-29 19:08:42 | INFO     | server.py:733 | _handle_request() | Processing request of type CallToolRequest
2026-06-29 19:08:42 | INFO     | server.py:733 | _handle_request() | Processing request of type CallToolRequest
2026-06-29 19:08:42 | INFO     | server.py:733 | _handle_request() | Processing request of type CallToolRequest
2026-06-29 19:08:46 | INFO     | server.py:733 | _handle_request() | Processing request of type CallToolRequest
2026-06-29 19:08:46 | INFO     | server.py:733 | _handle_request() | Processing request of type CallToolRequest
2026-06-29 19:08:47 | INFO     | server.py:733 | _handle_request() | Processing request of type CallToolRequest
2026-06-29 19:08:48 | INFO     | server.py:419 | main() | Starting token-audit MCP server (mcp library)
2026-06-29 19:08:48 | INFO     | server.py:733 | _handle_request() | Processing request of type CallToolRequest
2026-06-29 19:08:48 | INFO     | server.py:156 | handle_setup_problem() | Setting up problem: 0x1443616b940AEA9fD52ADd2EbDc6966a4ac5F27d
2026-06-29 19:08:48 | INFO     | server.py:733 | _handle_request() | Processing request of type ListToolsRequest
2026-06-29 19:08:48 | INFO     | server.py:733 | _handle_request() | Processing request of type ListToolsRequest
2026-06-29 19:08:49 | INFO     | server.py:733 | _handle_request() | Processing request of type CallToolRequest
2026-06-29 19:08:49 | INFO     | server.py:419 | main() | Starting token-audit MCP server (mcp library)
2026-06-29 19:08:49 | INFO     | server.py:733 | _handle_request() | Processing request of type CallToolRequest
2026-06-29 19:08:49 | INFO     | server.py:156 | handle_setup_problem() | Setting up problem: 0x14Fb4c93Fe461EC3F9F22B61aB7030F258867969
2026-06-29 19:08:49 | INFO     | server.py:733 | _handle_request() | Processing request of type ListToolsRequest
2026-06-29 19:08:49 | INFO     | server.py:733 | _handle_request() | Processing request of type ListToolsRequest
2026-06-29 19:08:50 | INFO     | server.py:419 | main() | Starting token-audit MCP server (mcp library)
2026-06-29 19:08:50 | INFO     | server.py:733 | _handle_request() | Processing request of type CallToolRequest
2026-06-29 19:08:50 | INFO     | server.py:156 | handle_setup_problem() | Setting up problem: 0x14c7a2cE7482C3c66897dcAe3EEd5d62985f5E86
2026-06-29 19:08:50 | INFO     | server.py:733 | _handle_request() | Processing request of type ListToolsRequest
2026-06-29 19:08:50 | INFO     | server.py:733 | _handle_request() | Processing request of type ListToolsRequest
2026-06-29 19:08:51 | INFO     | server.py:733 | _handle_request() | Processing request of type CallToolRequest
2026-06-29 19:08:55 | INFO     | server.py:733 | _handle_request() | Processing request of type CallToolRequest
2026-06-29 19:08:55 | INFO     | server.py:733 | _handle_request() | Processing request of type CallToolRequest
2026-06-29 19:08:57 | INFO     | server.py:733 | _handle_request() | Processing request of type CallToolRequest
2026-06-29 19:08:59 | INFO     | server.py:733 | _handle_request() | Processing request of type CallToolRequest
2026-06-29 19:09:00 | INFO     | server.py:733 | _handle_request() | Processing request of type CallToolRequest
2026-06-29 19:09:03 | INFO     | server.py:733 | _handle_request() | Processing request of type CallToolRequest
2026-06-29 19:09:03 | INFO     | server.py:226 | handle_submit_report() | Report submitted for 0x123aB195DD38B1b40510d467a6a359b201af056f: ['overflow', 'access_control', 'logic_error', 'replay_race']
2026-06-29 19:09:05 | INFO     | server.py:733 | _handle_request() | Processing request of type CallToolRequest
2026-06-29 19:09:05 | INFO     | server.py:733 | _handle_request() | Processing request of type CallToolRequest
2026-06-29 19:09:05 | INFO     | server.py:733 | _handle_request() | Processing request of type CallToolRequest
2026-06-29 19:09:06 | INFO     | server.py:733 | _handle_request() | Processing request of type CallToolRequest
2026-06-29 19:09:11 | INFO     | server.py:733 | _handle_request() | Processing request of type CallToolRequest
2026-06-29 19:09:12 | INFO     | server.py:733 | _handle_request() | Processing request of type CallToolRequest
2026-06-29 19:09:13 | INFO     | server.py:733 | _handle_request() | Processing request of type CallToolRequest
2026-06-29 19:09:13 | INFO     | server.py:226 | handle_submit_report() | Report submitted for 0x130282173B796f75E0EB65eAF9F4d10835E1287a: ['overflow', 'access_control', 'dangerous_call', 'logic_error', 'replay_race']
2026-06-29 19:09:15 | INFO     | server.py:733 | _handle_request() | Processing request of type CallToolRequest
2026-06-29 19:09:17 | INFO     | server.py:733 | _handle_request() | Processing request of type CallToolRequest
2026-06-29 19:09:17 | INFO     | server.py:226 | handle_submit_report() | Report submitted for 0x129AcF3033AdF867E186141Ed182EAfD39596436: ['overflow', 'access_control', 'dangerous_call', 'logic_error', 'replay_race']
2026-06-29 19:09:17 | INFO     | server.py:733 | _handle_request() | Processing request of type CallToolRequest
2026-06-29 19:09:17 | INFO     | server.py:733 | _handle_request() | Processing request of type CallToolRequest
2026-06-29 19:09:17 | INFO     | server.py:226 | handle_submit_report() | Report submitted for 0x12CCA3373658D7D9a6d92403065377723ceB7B9b: ['overflow', 'access_control']
2026-06-29 19:09:18 | INFO     | server.py:733 | _handle_request() | Processing request of type CallToolRequest
2026-06-29 19:09:18 | INFO     | server.py:733 | _handle_request() | Processing request of type CallToolRequest
2026-06-29 19:09:20 | INFO     | server.py:419 | main() | Starting token-audit MCP server (mcp library)
2026-06-29 19:09:20 | INFO     | server.py:733 | _handle_request() | Processing request of type CallToolRequest
2026-06-29 19:09:20 | INFO     | server.py:156 | handle_setup_problem() | Setting up problem: 0x14d9779B6585F3A7d4f768383B3cb030705dad2e
2026-06-29 19:09:20 | INFO     | server.py:733 | _handle_request() | Processing request of type ListToolsRequest
2026-06-29 19:09:20 | INFO     | server.py:733 | _handle_request() | Processing request of type ListToolsRequest
2026-06-29 19:09:21 | INFO     | server.py:733 | _handle_request() | Processing request of type CallToolRequest
2026-06-29 19:09:23 | INFO     | server.py:733 | _handle_request() | Processing request of type CallToolRequest
2026-06-29 19:09:23 | INFO     | server.py:733 | _handle_request() | Processing request of type CallToolRequest
2026-06-29 19:09:24 | INFO     | server.py:733 | _handle_request() | Processing request of type CallToolRequest
2026-06-29 19:09:24 | INFO     | server.py:733 | _handle_request() | Processing request of type CallToolRequest
2026-06-29 19:09:24 | INFO     | server.py:419 | main() | Starting token-audit MCP server (mcp library)
2026-06-29 19:09:24 | INFO     | server.py:733 | _handle_request() | Processing request of type CallToolRequest
2026-06-29 19:09:24 | INFO     | server.py:156 | handle_setup_problem() | Setting up problem: 0x15aDB79e6AF601551A64060AeBBEdd39D929C5a7
2026-06-29 19:09:24 | INFO     | server.py:733 | _handle_request() | Processing request of type ListToolsRequest
2026-06-29 19:09:24 | INFO     | server.py:733 | _handle_request() | Processing request of type ListToolsRequest
2026-06-29 19:09:26 | INFO     | server.py:733 | _handle_request() | Processing request of type CallToolRequest
2026-06-29 19:09:26 | INFO     | server.py:226 | handle_submit_report() | Report submitted for 0x1400300399F6fC996a58846bC251E28282a97C2b: ['overflow', 'access_control', 'dangerous_call', 'logic_error', 'replay_race']
2026-06-29 19:09:26 | INFO     | server.py:419 | main() | Starting token-audit MCP server (mcp library)
2026-06-29 19:09:26 | INFO     | server.py:733 | _handle_request() | Processing request of type CallToolRequest
2026-06-29 19:09:26 | INFO     | server.py:156 | handle_setup_problem() | Setting up problem: 0x173905A75a0244fcb20DB32DbaCfAdD3996CC702
2026-06-29 19:09:26 | INFO     | server.py:733 | _handle_request() | Processing request of type ListToolsRequest
2026-06-29 19:09:26 | INFO     | server.py:733 | _handle_request() | Processing request of type ListToolsRequest
2026-06-29 19:09:27 | INFO     | server.py:733 | _handle_request() | Processing request of type CallToolRequest
2026-06-29 19:09:28 | INFO     | server.py:733 | _handle_request() | Processing request of type CallToolRequest
2026-06-29 19:09:29 | INFO     | server.py:733 | _handle_request() | Processing request of type CallToolRequest
2026-06-29 19:09:29 | INFO     | server.py:733 | _handle_request() | Processing request of type CallToolRequest
2026-06-29 19:09:31 | INFO     | server.py:733 | _handle_request() | Processing request of type CallToolRequest
2026-06-29 19:09:31 | INFO     | server.py:733 | _handle_request() | Processing request of type CallToolRequest
2026-06-29 19:09:32 | INFO     | server.py:733 | _handle_request() | Processing request of type CallToolRequest
2026-06-29 19:09:33 | INFO     | server.py:419 | main() | Starting token-audit MCP server (mcp library)
2026-06-29 19:09:33 | INFO     | server.py:733 | _handle_request() | Processing request of type CallToolRequest
2026-06-29 19:09:33 | INFO     | server.py:156 | handle_setup_problem() | Setting up problem: 0x17CBA58578eecAEE898242a02eDac75b8CC17231
2026-06-29 19:09:33 | INFO     | server.py:733 | _handle_request() | Processing request of type ListToolsRequest
2026-06-29 19:09:33 | INFO     | server.py:733 | _handle_request() | Processing request of type ListToolsRequest
2026-06-29 19:09:34 | INFO     | server.py:733 | _handle_request() | Processing request of type CallToolRequest
2026-06-29 19:09:35 | INFO     | server.py:733 | _handle_request() | Processing request of type CallToolRequest
2026-06-29 19:09:35 | INFO     | server.py:226 | handle_submit_report() | Report submitted for 0x1443616b940AEA9fD52ADd2EbDc6966a4ac5F27d: ['access_control', 'logic_error', 'replay_race']
2026-06-29 19:09:36 | INFO     | server.py:733 | _handle_request() | Processing request of type CallToolRequest
2026-06-29 19:09:36 | INFO     | server.py:419 | main() | Starting token-audit MCP server (mcp library)
2026-06-29 19:09:36 | INFO     | server.py:733 | _handle_request() | Processing request of type CallToolRequest
2026-06-29 19:09:36 | INFO     | server.py:156 | handle_setup_problem() | Setting up problem: 0x17E4cc902015958839e693f179F49C75696381CE
2026-06-29 19:09:36 | INFO     | server.py:733 | _handle_request() | Processing request of type ListToolsRequest
2026-06-29 19:09:36 | INFO     | server.py:733 | _handle_request() | Processing request of type ListToolsRequest
2026-06-29 19:09:37 | INFO     | server.py:733 | _handle_request() | Processing request of type CallToolRequest
2026-06-29 19:09:38 | INFO     | server.py:733 | _handle_request() | Processing request of type CallToolRequest
2026-06-29 19:09:38 | INFO     | server.py:733 | _handle_request() | Processing request of type CallToolRequest
2026-06-29 19:09:39 | INFO     | server.py:733 | _handle_request() | Processing request of type CallToolRequest
2026-06-29 19:09:39 | INFO     | server.py:226 | handle_submit_report() | Report submitted for 0x12E29d7d6fD63f0f12040Fcd1bf9021919b0E4fA: ['dangerous_call', 'access_control', 'overflow', 'replay_race']
2026-06-29 19:09:41 | INFO     | server.py:733 | _handle_request() | Processing request of type CallToolRequest
2026-06-29 19:09:42 | INFO     | server.py:419 | main() | Starting token-audit MCP server (mcp library)
2026-06-29 19:09:42 | INFO     | server.py:733 | _handle_request() | Processing request of type CallToolRequest
2026-06-29 19:09:42 | INFO     | server.py:156 | handle_setup_problem() | Setting up problem: 0x17e63292C5E70C5968f7e908E65d742D7ABBcfdd
2026-06-29 19:09:42 | INFO     | server.py:733 | _handle_request() | Processing request of type ListToolsRequest
2026-06-29 19:09:42 | INFO     | server.py:733 | _handle_request() | Processing request of type ListToolsRequest
2026-06-29 19:09:43 | INFO     | server.py:733 | _handle_request() | Processing request of type CallToolRequest
2026-06-29 19:09:43 | INFO     | server.py:733 | _handle_request() | Processing request of type CallToolRequest
2026-06-29 19:09:44 | INFO     | server.py:733 | _handle_request() | Processing request of type CallToolRequest
2026-06-29 19:09:46 | INFO     | server.py:419 | main() | Starting token-audit MCP server (mcp library)
2026-06-29 19:09:46 | INFO     | server.py:733 | _handle_request() | Processing request of type CallToolRequest
2026-06-29 19:09:46 | INFO     | server.py:156 | handle_setup_problem() | Setting up problem: 0x198cF24375ecCDf599c624d10F0C6fb9b75ec215
2026-06-29 19:09:46 | INFO     | server.py:733 | _handle_request() | Processing request of type ListToolsRequest
2026-06-29 19:09:46 | INFO     | server.py:733 | _handle_request() | Processing request of type ListToolsRequest
2026-06-29 19:09:47 | INFO     | server.py:733 | _handle_request() | Processing request of type CallToolRequest
2026-06-29 19:09:48 | INFO     | server.py:733 | _handle_request() | Processing request of type CallToolRequest
2026-06-29 19:09:49 | INFO     | server.py:733 | _handle_request() | Processing request of type CallToolRequest
2026-06-29 19:09:50 | INFO     | server.py:733 | _handle_request() | Processing request of type CallToolRequest
2026-06-29 19:09:51 | INFO     | server.py:733 | _handle_request() | Processing request of type CallToolRequest
2026-06-29 19:09:52 | INFO     | server.py:733 | _handle_request() | Processing request of type CallToolRequest
2026-06-29 19:09:54 | INFO     | server.py:733 | _handle_request() | Processing request of type CallToolRequest
2026-06-29 19:09:56 | INFO     | server.py:733 | _handle_request() | Processing request of type CallToolRequest
2026-06-29 19:09:57 | INFO     | server.py:733 | _handle_request() | Processing request of type CallToolRequest
2026-06-29 19:09:57 | INFO     | server.py:226 | handle_submit_report() | Report submitted for 0x14c7a2cE7482C3c66897dcAe3EEd5d62985f5E86: ['overflow', 'access_control', 'dangerous_call', 'logic_error', 'replay_race']
2026-06-29 19:09:59 | INFO     | server.py:733 | _handle_request() | Processing request of type CallToolRequest
2026-06-29 19:10:01 | INFO     | server.py:733 | _handle_request() | Processing request of type CallToolRequest
2026-06-29 19:10:01 | INFO     | server.py:226 | handle_submit_report() | Report submitted for 0x14Fb4c93Fe461EC3F9F22B61aB7030F258867969: ['overflow', 'access_control', 'dangerous_call', 'logic_error', 'replay_race']
2026-06-29 19:10:03 | INFO     | server.py:733 | _handle_request() | Processing request of type CallToolRequest
2026-06-29 19:10:06 | INFO     | server.py:733 | _handle_request() | Processing request of type CallToolRequest
2026-06-29 19:10:08 | INFO     | server.py:733 | _handle_request() | Processing request of type CallToolRequest
2026-06-29 19:10:08 | INFO     | server.py:226 | handle_submit_report() | Report submitted for 0x15aDB79e6AF601551A64060AeBBEdd39D929C5a7: ['overflow', 'dangerous_call', 'logic_error', 'replay_race']
2026-06-29 19:10:08 | INFO     | server.py:733 | _handle_request() | Processing request of type CallToolRequest
2026-06-29 19:10:08 | INFO     | server.py:226 | handle_submit_report() | Report submitted for 0x12F9cf26A436B67728480DF770416F9be5605d77: ['access_control', 'logic_error']
2026-06-29 19:10:09 | INFO     | server.py:733 | _handle_request() | Processing request of type CallToolRequest
2026-06-29 19:10:10 | INFO     | server.py:419 | main() | Starting token-audit MCP server (mcp library)
2026-06-29 19:10:10 | INFO     | server.py:733 | _handle_request() | Processing request of type CallToolRequest
2026-06-29 19:10:10 | INFO     | server.py:156 | handle_setup_problem() | Setting up problem: 0x19AEA60E2FD6AC54EcF2576292C8Fc7046429C37
2026-06-29 19:10:10 | INFO     | server.py:733 | _handle_request() | Processing request of type ListToolsRequest
2026-06-29 19:10:10 | INFO     | server.py:733 | _handle_request() | Processing request of type ListToolsRequest
2026-06-29 19:10:11 | INFO     | server.py:733 | _handle_request() | Processing request of type CallToolRequest
2026-06-29 19:10:12 | INFO     | server.py:733 | _handle_request() | Processing request of type CallToolRequest
2026-06-29 19:10:12 | INFO     | server.py:733 | _handle_request() | Processing request of type CallToolRequest
2026-06-29 19:10:12 | INFO     | server.py:226 | handle_submit_report() | Report submitted for 0x14d9779B6585F3A7d4f768383B3cb030705dad2e: ['overflow']
2026-06-29 19:10:14 | INFO     | server.py:733 | _handle_request() | Processing request of type CallToolRequest
2026-06-29 19:10:16 | INFO     | server.py:733 | _handle_request() | Processing request of type CallToolRequest
2026-06-29 19:10:19 | INFO     | server.py:733 | _handle_request() | Processing request of type CallToolRequest
2026-06-29 19:10:21 | INFO     | server.py:733 | _handle_request() | Processing request of type CallToolRequest
2026-06-29 19:10:23 | INFO     | server.py:733 | _handle_request() | Processing request of type CallToolRequest
2026-06-29 19:10:25 | INFO     | server.py:733 | _handle_request() | Processing request of type CallToolRequest
2026-06-29 19:10:25 | INFO     | server.py:226 | handle_submit_report() | Report submitted for 0x173905A75a0244fcb20DB32DbaCfAdD3996CC702: ['overflow', 'access_control', 'dangerous_call', 'logic_error', 'replay_race']
2026-06-29 19:10:27 | INFO     | server.py:733 | _handle_request() | Processing request of type CallToolRequest
2026-06-29 19:10:27 | INFO     | server.py:733 | _handle_request() | Processing request of type CallToolRequest
2026-06-29 19:10:27 | INFO     | server.py:226 | handle_submit_report() | Report submitted for 0x17CBA58578eecAEE898242a02eDac75b8CC17231: ['access_control', 'dangerous_call', 'logic_error', 'replay_race']
2026-06-29 19:10:33 | INFO     | server.py:733 | _handle_request() | Processing request of type CallToolRequest
2026-06-29 19:10:34 | INFO     | server.py:733 | _handle_request() | Processing request of type CallToolRequest
2026-06-29 19:10:36 | INFO     | server.py:733 | _handle_request() | Processing request of type CallToolRequest
2026-06-29 19:10:36 | INFO     | server.py:226 | handle_submit_report() | Report submitted for 0x198cF24375ecCDf599c624d10F0C6fb9b75ec215: ['overflow', 'access_control', 'dangerous_call', 'logic_error', 'replay_race']
2026-06-29 19:10:37 | INFO     | server.py:733 | _handle_request() | Processing request of type CallToolRequest
2026-06-29 19:10:40 | INFO     | server.py:733 | _handle_request() | Processing request of type CallToolRequest
2026-06-29 19:10:40 | INFO     | server.py:226 | handle_submit_report() | Report submitted for 0x17E4cc902015958839e693f179F49C75696381CE: ['overflow', 'access_control', 'logic_error', 'replay_race']
2026-06-29 19:10:40 | INFO     | server.py:733 | _handle_request() | Processing request of type CallToolRequest
2026-06-29 19:10:40 | INFO     | server.py:226 | handle_submit_report() | Report submitted for 0x17e63292C5E70C5968f7e908E65d742D7ABBcfdd: ['overflow', 'access_control', 'dangerous_call', 'logic_error', 'replay_race']
2026-06-29 19:10:41 | INFO     | server.py:733 | _handle_request() | Processing request of type CallToolRequest
2026-06-29 19:10:45 | INFO     | server.py:733 | _handle_request() | Processing request of type CallToolRequest
2026-06-29 19:10:50 | INFO     | server.py:733 | _handle_request() | Processing request of type CallToolRequest
2026-06-29 19:10:57 | INFO     | server.py:733 | _handle_request() | Processing request of type CallToolRequest
2026-06-29 19:11:08 | INFO     | server.py:733 | _handle_request() | Processing request of type CallToolRequest
2026-06-29 19:11:14 | INFO     | server.py:733 | _handle_request() | Processing request of type CallToolRequest
2026-06-29 19:11:14 | INFO     | server.py:226 | handle_submit_report() | Report submitted for 0x19AEA60E2FD6AC54EcF2576292C8Fc7046429C37: ['overflow', 'access_control', 'dangerous_call', 'logic_error', 'replay_race']
2026-06-29 19:11:26 | INFO     | server.py:733 | _handle_request() | Processing request of type CallToolRequest
